{
  "type": "FeatureCollection",
  "name": "rivers-v2",
  "schema_version": "2.1",
  "features": [
    {
      "type": "Feature",
      "properties": {
        "discharge_m3_s": 31.07,
        "drainage_km2": 343147.16,
        "role": "mouth"
      },
      "geometry": {
        "type": "LineString",
        "coordinates": [
          [
            10.546875000000002,
            -18.68607711581623
          ],
          [
            9.140625,
            -20.152643342361667
          ],
          [
            9.140625,
            -21.545590369240735
          ],
          [
            7.734374999999999,
            -23.014105264501588
          ]
        ]
      }
    },
    {
      "type": "Feature",
      "properties": {
        "discharge_m3_s": 140.73,
        "drainage_km2": 161122.77,
        "role": "mouth"
      },
      "geometry": {
        "type": "LineString",
        "coordinates": [
          [
            9.140625000000002,
            -17.368411179116904
          ],
          [
            7.734374999999999,
            -18.823879062672834
          ],
          [
            6.328124999999997,
            -20.276527835721062
          ],
          [
            7.734374999999997,
            -21.616941636330974
          ],
          [
            6.328124999999997,
            -23.07658641896117
          ]
        ]
      }
    },
    {
      "type": "Feature",
      "properties": {
        "discharge_m3_s": 24295.78,
        "drainage_km2": 1976297.26,
        "role": "mouth"
      },
      "geometry": {
        "type": "LineString",
        "coordinates": [
          [
            18.984375,
            -16.676481313186063
          ],
          [
            17.578125000000004,
            -15.453653503255834
          ],
          [
            16.171874999999993,
            -15.563566830936585
          ],
          [
            14.765624999999998,
            -17.031749949899883
          ],
          [
            13.359375000000005,
            -18.50608070713511
          ],
          [
            11.953124999999998,
            -19.983835204442656
          ],
          [
            10.546875,
            -21.462367405242
          ],
          [
            9.140625,
            -22.93913439851455
          ]
        ]
      }
    },
    {
      "type": "Feature",
      "properties": {
        "discharge_m3_s": 2813.94,
        "drainage_km2": 876976.88,
        "role": "mouth"
      },
      "geometry": {
        "type": "LineString",
        "coordinates": [
          [
            7.734374999999999,
            -16.032345569286914
          ],
          [
            6.328124999999997,
            -14.679554411664174
          ],
          [
            4.921875000000003,
            -13.3118705707591
          ],
          [
            3.5156250000000004,
            -11.931275829428913
          ],
          [
            2.109374999999999,
            -11.945258125037375
          ],
          [
            0.7031249999999977,
            -10.546098656433736
          ],
          [
            -0.7031249999999976,
            -11.952250837598605
          ]
        ]
      }
    },
    {
      "type": "Feature",
      "properties": {
        "discharge_m3_s": 2813.94,
        "drainage_km2": 876976.88,
        "role": "mouth"
      },
      "geometry": {
        "type": "LineString",
        "coordinates": [
          [
            7.734374999999999,
            -14.637089986498664
          ],
          [
            6.328124999999997,
            -13.280868751637215
          ],
          [
            4.921875000000003,
            -11.91031021322587
          ],
          [
            3.5156250000000004,
            -11.931275829428913
          ],
          [
            2.109374999999999,
            -11.945258125037375
          ],
          [
            0.7031249999999977,
            -10.546098656433736
          ],
          [
            -0.7031249999999976,
            -11.952250837598605
          ]
        ]
      }
    },
    {
      "type": "Feature",
      "properties": {
        "discharge_m3_s": 7567.54,
        "drainage_km2": 106348.57,
        "role": "mouth"
      },
      "geometry": {
        "type": "LineString",
        "coordinates": [
          [
            31.640624999999993,
            -12.64718912900752
          ],
          [
            31.640624999999993,
            -13.86832828125839
          ]
        ]
      }
    },
    {
      "type": "Feature",
      "properties": {
        "discharge_m3_s": 2813.94,
        "drainage_km2": 876976.88,
        "role": "mouth"
      },
      "geometry": {
        "type": "LineString",
        "coordinates": [
          [
            7.734374999999999,
            -13.242140385574515
          ],
          [
            6.328124999999997,
            -13.280868751637215
          ],
          [
            4.921875000000003,
            -11.91031021322587
          ],
          [
            3.5156250000000004,
            -11.931275829428913
          ],
          [
            2.109374999999999,
            -11.945258125037375
          ],
          [
            0.7031249999999977,
            -10.546098656433736
          ],
          [
            -0.7031249999999976,
            -11.952250837598605
          ]
        ]
      }
    },
    {
      "type": "Feature",
      "properties": {
        "discharge_m3_s": 2813.94,
        "drainage_km2": 876976.88,
        "role": "mouth"
      },
      "geometry": {
        "type": "LineString",
        "coordinates": [
          [
            6.3281249999999964,
            -11.882370678645847
          ],
          [
            4.921875000000003,
            -11.91031021322587
          ],
          [
            3.5156250000000004,
            -11.931275829428913
          ],
          [
            2.109374999999999,
            -11.945258125037375
          ],
          [
            0.7031249999999977,
            -10.546098656433736
          ],
          [
            -0.7031249999999976,
            -11.952250837598605
          ]
        ]
      }
    },
    {
      "type": "Feature",
      "properties": {
        "discharge_m3_s": 9560.24,
        "drainage_km2": 105262.55,
        "role": "mouth"
      },
      "geometry": {
        "type": "LineString",
        "coordinates": [
          [
            33.046875,
            -10.062588202777388
          ],
          [
            33.046875,
            -11.25843042188877
          ]
        ]
      }
    },
    {
      "type": "Feature",
      "properties": {
        "discharge_m3_s": 584.41,
        "drainage_km2": 96264.71,
        "role": "mouth"
      },
      "geometry": {
        "type": "LineString",
        "coordinates": [
          [
            2.1093749999999987,
            -9.134535627023
          ],
          [
            0.7031249999999976,
            -9.139948345351588
          ]
        ]
      }
    },
    {
      "type": "Feature",
      "properties": {
        "discharge_m3_s": 24295.78,
        "drainage_km2": 1976297.26,
        "role": "mouth"
      },
      "geometry": {
        "type": "LineString",
        "coordinates": [
          [
            23.203124999999996,
            -8.412308679457253
          ],
          [
            21.796875000000004,
            -8.497023594527
          ],
          [
            20.390624999999993,
            -8.576659697680364
          ],
          [
            18.984375000000004,
            -9.985067996910987
          ],
          [
            17.578125000000004,
            -11.409968745607229
          ],
          [
            16.171874999999993,
            -12.848638189894652
          ],
          [
            16.171874999999996,
            -14.205462442675875
          ],
          [
            16.171874999999993,
            -15.563566830936585
          ],
          [
            14.765624999999998,
            -17.031749949899883
          ],
          [
            13.359375000000005,
            -18.50608070713511
          ],
          [
            11.953124999999998,
            -19.983835204442656
          ],
          [
            10.546875,
            -21.462367405242
          ],
          [
            9.140625,
            -22.93913439851455
          ]
        ]
      }
    },
    {
      "type": "Feature",
      "properties": {
        "discharge_m3_s": 24295.78,
        "drainage_km2": 1976297.26,
        "role": "mouth"
      },
      "geometry": {
        "type": "LineString",
        "coordinates": [
          [
            20.390624999999993,
            -7.255064767408375
          ],
          [
            18.984375,
            -8.651175071721473
          ],
          [
            17.578125000000004,
            -10.0647064336311
          ],
          [
            16.171874999999996,
            -11.492979547198743
          ],
          [
            16.171874999999993,
            -12.848638189894652
          ],
          [
            16.171874999999996,
            -14.205462442675875
          ],
          [
            16.171874999999993,
            -15.563566830936585
          ],
          [
            14.765624999999998,
            -17.031749949899883
          ],
          [
            13.359375000000005,
            -18.50608070713511
          ],
          [
            11.953124999999998,
            -19.983835204442656
          ],
          [
            10.546875,
            -21.462367405242
          ],
          [
            9.140625,
            -22.93913439851455
          ]
        ]
      }
    },
    {
      "type": "Feature",
      "properties": {
        "discharge_m3_s": 24295.78,
        "drainage_km2": 1976297.26,
        "role": "mouth"
      },
      "geometry": {
        "type": "LineString",
        "coordinates": [
          [
            18.984375000000004,
            -5.986491993724121
          ],
          [
            18.984375,
            -7.318371227559285
          ],
          [
            17.578125000000007,
            -8.720530635291784
          ],
          [
            17.578125000000004,
            -10.0647064336311
          ],
          [
            16.171874999999996,
            -11.492979547198743
          ],
          [
            16.171874999999993,
            -12.848638189894652
          ],
          [
            16.171874999999996,
            -14.205462442675875
          ],
          [
            16.171874999999993,
            -15.563566830936585
          ],
          [
            14.765624999999998,
            -17.031749949899883
          ],
          [
            13.359375000000005,
            -18.50608070713511
          ],
          [
            11.953124999999998,
            -19.983835204442656
          ],
          [
            10.546875,
            -21.462367405242
          ],
          [
            9.140625,
            -22.93913439851455
          ]
        ]
      }
    },
    {
      "type": "Feature",
      "properties": {
        "discharge_m3_s": 2839.17,
        "drainage_km2": 95263.23,
        "role": "mouth"
      },
      "geometry": {
        "type": "LineString",
        "coordinates": [
          [
            10.546875000000002,
            -0.6912472083981871
          ],
          [
            9.140625,
            -0.6941971890448209
          ]
        ]
      }
    },
    {
      "type": "Feature",
      "properties": {
        "discharge_m3_s": 2975.04,
        "drainage_km2": 94782.63,
        "role": "mouth"
      },
      "geometry": {
        "type": "LineString",
        "coordinates": [
          [
            11.953124999999998,
            0.6878808824656557
          ],
          [
            10.546875000000002,
            0.6912472083981871
          ]
        ]
      }
    },
    {
      "type": "Feature",
      "properties": {
        "discharge_m3_s": 2993.42,
        "drainage_km2": 94174.06,
        "role": "mouth"
      },
      "geometry": {
        "type": "LineString",
        "coordinates": [
          [
            13.359375000000005,
            0.6841002372580206
          ],
          [
            11.953125,
            2.063678187283118
          ]
        ]
      }
    },
    {
      "type": "Feature",
      "properties": {
        "discharge_m3_s": 3063.48,
        "drainage_km2": 93508.92,
        "role": "mouth"
      },
      "geometry": {
        "type": "LineString",
        "coordinates": [
          [
            14.765625,
            0.6799075481698579
          ],
          [
            13.359375000000005,
            2.052344702480777
          ]
        ]
      }
    },
    {
      "type": "Feature",
      "properties": {
        "discharge_m3_s": 3340.64,
        "drainage_km2": 92787.6,
        "role": "mouth"
      },
      "geometry": {
        "type": "LineString",
        "coordinates": [
          [
            16.171874999999993,
            0.6753053386193396
          ],
          [
            14.765625,
            2.039775840091725
          ]
        ]
      }
    },
    {
      "type": "Feature",
      "properties": {
        "discharge_m3_s": 16.19,
        "drainage_km2": 104453.76,
        "role": "mouth"
      },
      "geometry": {
        "type": "LineString",
        "coordinates": [
          [
            18.984375,
            24.77439936048595
          ],
          [
            17.578125000000007,
            23.588308571062907
          ]
        ]
      }
    },
    {
      "type": "Feature",
      "properties": {
        "discharge_m3_s": 7028.63,
        "drainage_km2": 103095.2,
        "role": "mouth"
      },
      "geometry": {
        "type": "LineString",
        "coordinates": [
          [
            14.765625,
            28.022716263312173
          ],
          [
            13.359375000000004,
            26.784440110011914
          ]
        ]
      }
    },
    {
      "type": "Feature",
      "properties": {
        "discharge_m3_s": 145.78,
        "drainage_km2": 226645.95,
        "role": "mouth"
      },
      "geometry": {
        "type": "LineString",
        "coordinates": [
          [
            21.796875000000004,
            28.42001252490979
          ],
          [
            20.390624999999993,
            27.28947241447122
          ],
          [
            18.984375000000004,
            26.13323390638923
          ],
          [
            17.578125000000007,
            24.951630232194628
          ],
          [
            16.171874999999996,
            23.74515148681056
          ]
        ]
      }
    },
    {
      "type": "Feature",
      "properties": {
        "discharge_m3_s": 2898.99,
        "drainage_km2": 121027.15,
        "role": "mouth"
      },
      "geometry": {
        "type": "LineString",
        "coordinates": [
          [
            27.421874999999996,
            27.353962179632894
          ],
          [
            28.828125000000004,
            25.74261041580887
          ],
          [
            28.828125000000004,
            24.443507403334657
          ]
        ]
      }
    },
    {
      "type": "Feature",
      "properties": {
        "discharge_m3_s": 7011.92,
        "drainage_km2": 121355.25,
        "role": "mouth"
      },
      "geometry": {
        "type": "LineString",
        "coordinates": [
          [
            16.171874999999993,
            30.61704354403309
          ],
          [
            14.765625,
            29.404332881693644
          ],
          [
            13.359375000000005,
            28.169065727464268
          ]
        ]
      }
    },
    {
      "type": "Feature",
      "properties": {
        "discharge_m3_s": 72.81,
        "drainage_km2": 119570.48,
        "role": "mouth"
      },
      "geometry": {
        "type": "LineString",
        "coordinates": [
          [
            28.828125000000004,
            28.3609968604818
          ],
          [
            30.234375,
            26.727009080447335
          ],
          [
            30.234375,
            25.432280420357024
          ]
        ]
      }
    },
    {
      "type": "Feature",
      "properties": {
        "discharge_m3_s": 56.06,
        "drainage_km2": 99174.44,
        "role": "mouth"
      },
      "geometry": {
        "type": "LineString",
        "coordinates": [
          [
            30.234375,
            28.029250526750562
          ],
          [
            31.640624999999993,
            26.389898926703257
          ]
        ]
      }
    },
    {
      "type": "Feature",
      "properties": {
        "discharge_m3_s": 28.12,
        "drainage_km2": 98909.3,
        "role": "mouth"
      },
      "geometry": {
        "type": "LineString",
        "coordinates": [
          [
            31.640624999999993,
            27.6810399451695
          ],
          [
            31.640624999999993,
            26.389898926703257
          ]
        ]
      }
    },
    {
      "type": "Feature",
      "properties": {
        "discharge_m3_s": 96.39,
        "drainage_km2": 98062.75,
        "role": "mouth"
      },
      "geometry": {
        "type": "LineString",
        "coordinates": [
          [
            31.640624999999993,
            28.98063520023317
          ],
          [
            33.046875,
            27.316304384608113
          ]
        ]
      }
    },
    {
      "type": "Feature",
      "properties": {
        "discharge_m3_s": 59.64,
        "drainage_km2": 97847.72,
        "role": "mouth"
      },
      "geometry": {
        "type": "LineString",
        "coordinates": [
          [
            33.046875,
            28.60473838870606
          ],
          [
            33.046875,
            27.316304384608113
          ]
        ]
      }
    },
    {
      "type": "Feature",
      "properties": {
        "discharge_m3_s": 41215.77,
        "drainage_km2": 927307.37,
        "role": "mouth"
      },
      "geometry": {
        "type": "LineString",
        "coordinates": [
          [
            17.578125000000007,
            41.527330537129856
          ],
          [
            16.171874999999996,
            41.73916106432377
          ],
          [
            14.765625,
            40.53171734821866
          ]
        ]
      }
    },
    {
      "type": "Feature",
      "properties": {
        "discharge_m3_s": 41215.77,
        "drainage_km2": 927307.37,
        "role": "mouth"
      },
      "geometry": {
        "type": "LineString",
        "coordinates": [
          [
            24.609375000000007,
            41.576971842112926
          ],
          [
            23.203124999999996,
            41.886636814970366
          ],
          [
            21.796875000000004,
            42.1763343223235
          ],
          [
            20.390624999999993,
            42.446380511014446
          ],
          [
            18.984375000000004,
            41.296856558036005
          ],
          [
            17.578125000000004,
            40.12923358709527
          ],
          [
            16.171874999999996,
            41.73916106432377
          ],
          [
            14.765625,
            40.53171734821866
          ]
        ]
      }
    },
    {
      "type": "Feature",
      "properties": {
        "discharge_m3_s": 835.89,
        "drainage_km2": 123995.92,
        "role": "mouth"
      },
      "geometry": {
        "type": "LineString",
        "coordinates": [
          [
            -175.07812500000003,
            -44.191080790569906
          ],
          [
            -176.484375,
            -42.836812088816785
          ]
        ]
      }
    },
    {
      "type": "Feature",
      "properties": {
        "discharge_m3_s": 4311.36,
        "drainage_km2": 90196.41,
        "role": "mouth"
      },
      "geometry": {
        "type": "LineString",
        "coordinates": [
          [
            138.515625,
            -14.451777757327879
          ],
          [
            139.921875,
            -15.876846471532751
          ]
        ]
      }
    },
    {
      "type": "Feature",
      "properties": {
        "discharge_m3_s": 4412.02,
        "drainage_km2": 127868.88,
        "role": "mouth"
      },
      "geometry": {
        "type": "LineString",
        "coordinates": [
          [
            137.10937500000003,
            -10.929597863013917
          ],
          [
            138.515625,
            -12.25679806395502
          ],
          [
            139.921875,
            -13.625891992727608
          ],
          [
            141.328125,
            -15.034317537358291
          ]
        ]
      }
    },
    {
      "type": "Feature",
      "properties": {
        "discharge_m3_s": 92100.96,
        "drainage_km2": 3916186.87,
        "role": "mouth"
      },
      "geometry": {
        "type": "LineString",
        "coordinates": [
          [
            139.921875,
            -5.933004484077409
          ],
          [
            138.515625,
            -5.809562475109632
          ],
          [
            137.10937500000003,
            -4.645068672663115
          ],
          [
            135.703125,
            -3.5269667776797418
          ],
          [
            135.703125,
            -2.517781893306122
          ],
          [
            135.703125,
            -1.510077428903488
          ],
          [
            135.703125,
            -0.5032605580907158
          ],
          [
            135.703125,
            0.5032605580907158
          ],
          [
            135.703125,
            1.510077428903488
          ],
          [
            135.703125,
            2.517781893306122
          ],
          [
            135.703125,
            3.5269667776797418
          ],
          [
            135.703125,
            4.538226548524
          ],
          [
            137.10937500000003,
            5.68258926773919
          ],
          [
            138.515625,
            6.87310630737049
          ],
          [
            139.921875,
            7.018732978777161
          ],
          [
            138.515625,
            7.940289384831535
          ],
          [
            137.10937500000003,
            8.816557402952819
          ],
          [
            135.703125,
            9.646649838348909
          ],
          [
            134.296875,
            10.683013865823861
          ],
          [
            132.890625,
            11.995024527422325
          ],
          [
            131.484375,
            13.350743296000283
          ],
          [
            130.07812500000003,
            13.625891992727608
          ]
        ]
      }
    },
    {
      "type": "Feature",
      "properties": {
        "discharge_m3_s": 92100.96,
        "drainage_km2": 3916186.87,
        "role": "mouth"
      },
      "geometry": {
        "type": "LineString",
        "coordinates": [
          [
            135.703125,
            -4.538226548524
          ],
          [
            135.703125,
            -3.5269667776797418
          ],
          [
            135.703125,
            -2.517781893306122
          ],
          [
            135.703125,
            -1.510077428903488
          ],
          [
            135.703125,
            -0.5032605580907158
          ],
          [
            135.703125,
            0.5032605580907158
          ],
          [
            135.703125,
            1.510077428903488
          ],
          [
            135.703125,
            2.517781893306122
          ],
          [
            135.703125,
            3.5269667776797418
          ],
          [
            135.703125,
            4.538226548524
          ],
          [
            137.10937500000003,
            5.68258926773919
          ],
          [
            138.515625,
            6.87310630737049
          ],
          [
            139.921875,
            7.018732978777161
          ],
          [
            138.515625,
            7.940289384831535
          ],
          [
            137.10937500000003,
            8.816557402952819
          ],
          [
            135.703125,
            9.646649838348909
          ],
          [
            134.296875,
            10.683013865823861
          ],
          [
            132.890625,
            11.995024527422325
          ],
          [
            131.484375,
            13.350743296000283
          ],
          [
            130.07812500000003,
            13.625891992727608
          ]
        ]
      }
    },
    {
      "type": "Feature",
      "properties": {
        "discharge_m3_s": 20847.23,
        "drainage_km2": 219609.67,
        "role": "mouth"
      },
      "geometry": {
        "type": "LineString",
        "coordinates": [
          [
            146.953125,
            -1.7683677873843233
          ],
          [
            148.359375,
            -2.9940791571677483
          ],
          [
            149.765625,
            -4.255017564228808
          ]
        ]
      }
    },
    {
      "type": "Feature",
      "properties": {
        "discharge_m3_s": 92100.96,
        "drainage_km2": 3916186.87,
        "role": "mouth"
      },
      "geometry": {
        "type": "LineString",
        "coordinates": [
          [
            141.328125,
            4.948449853240042
          ],
          [
            141.328125,
            6.05284449498432
          ],
          [
            139.921875,
            7.018732978777161
          ],
          [
            138.515625,
            7.940289384831535
          ],
          [
            137.10937500000003,
            8.816557402952819
          ],
          [
            135.703125,
            9.646649838348909
          ],
          [
            134.296875,
            10.683013865823861
          ],
          [
            132.890625,
            11.995024527422325
          ],
          [
            131.484375,
            13.350743296000283
          ],
          [
            130.07812500000003,
            13.625891992727608
          ]
        ]
      }
    },
    {
      "type": "Feature",
      "properties": {
        "discharge_m3_s": 10705.2,
        "drainage_km2": 512318.06,
        "role": "mouth"
      },
      "geometry": {
        "type": "LineString",
        "coordinates": [
          [
            135.703125,
            8.615996933347946
          ],
          [
            134.296875,
            9.646649838348909
          ],
          [
            132.89062499999997,
            10.92959786301392
          ],
          [
            131.484375,
            12.256798063955014
          ],
          [
            130.07812500000003,
            13.625891992727608
          ]
        ]
      }
    },
    {
      "type": "Feature",
      "properties": {
        "discharge_m3_s": 17089.16,
        "drainage_km2": 179958.8,
        "role": "mouth"
      },
      "geometry": {
        "type": "LineString",
        "coordinates": [
          [
            146.953125,
            10.062588202777388
          ],
          [
            148.359375,
            9.00701264175803
          ]
        ]
      }
    },
    {
      "type": "Feature",
      "properties": {
        "discharge_m3_s": 3250.79,
        "drainage_km2": 1036406.89,
        "role": "mouth"
      },
      "geometry": {
        "type": "LineString",
        "coordinates": [
          [
            141.328125,
            13.892518104594153
          ],
          [
            139.921875,
            13.62589199272761
          ],
          [
            138.515625,
            14.451777757327879
          ],
          [
            137.109375,
            15.234209262365354
          ],
          [
            135.703125,
            15.97253164059579
          ],
          [
            134.296875,
            15.97253164059579
          ],
          [
            132.890625,
            15.234209262365354
          ],
          [
            131.484375,
            14.451777757327879
          ]
        ]
      }
    },
    {
      "type": "Feature",
      "properties": {
        "discharge_m3_s": 3250.79,
        "drainage_km2": 1036406.89,
        "role": "mouth"
      },
      "geometry": {
        "type": "LineString",
        "coordinates": [
          [
            135.70312500000003,
            14.898136896925582
          ],
          [
            134.296875,
            15.97253164059579
          ],
          [
            132.890625,
            15.234209262365354
          ],
          [
            131.484375,
            14.451777757327879
          ]
        ]
      }
    },
    {
      "type": "Feature",
      "properties": {
        "discharge_m3_s": 3250.79,
        "drainage_km2": 1036406.89,
        "role": "mouth"
      },
      "geometry": {
        "type": "LineString",
        "coordinates": [
          [
            137.10937500000003,
            16.330291647267906
          ],
          [
            135.703125,
            15.97253164059579
          ],
          [
            134.296875,
            15.97253164059579
          ],
          [
            132.890625,
            15.234209262365354
          ],
          [
            131.484375,
            14.451777757327879
          ]
        ]
      }
    },
    {
      "type": "Feature",
      "properties": {
        "discharge_m3_s": 138.38,
        "drainage_km2": 93673.28,
        "role": "mouth"
      },
      "geometry": {
        "type": "LineString",
        "coordinates": [
          [
            145.546875,
            38.81998866678404
          ],
          [
            145.54687500000003,
            37.45226907439324
          ]
        ]
      }
    },
    {
      "type": "Feature",
      "properties": {
        "discharge_m3_s": 1061.01,
        "drainage_km2": 104017.04,
        "role": "mouth"
      },
      "geometry": {
        "type": "LineString",
        "coordinates": [
          [
            108.98437500000001,
            -30.227907043320805
          ],
          [
            107.578125,
            -31.806924977919664
          ]
        ]
      }
    },
    {
      "type": "Feature",
      "properties": {
        "discharge_m3_s": 732.72,
        "drainage_km2": 106199.02,
        "role": "mouth"
      },
      "geometry": {
        "type": "LineString",
        "coordinates": [
          [
            103.359375,
            -29.555244025117883
          ],
          [
            101.953125,
            -31.08247549603447
          ]
        ]
      }
    },
    {
      "type": "Feature",
      "properties": {
        "discharge_m3_s": 2796.0,
        "drainage_km2": 104398.94,
        "role": "mouth"
      },
      "geometry": {
        "type": "LineString",
        "coordinates": [
          [
            117.42187499999999,
            -27.353962179632894
          ],
          [
            117.42187499999999,
            -28.67634361745422
          ]
        ]
      }
    },
    {
      "type": "Feature",
      "properties": {
        "discharge_m3_s": 349.88,
        "drainage_km2": 105131.33,
        "role": "mouth"
      },
      "geometry": {
        "type": "LineString",
        "coordinates": [
          [
            117.42187499999999,
            -26.037894585693426
          ],
          [
            118.828125,
            -27.048350410069073
          ]
        ]
      }
    },
    {
      "type": "Feature",
      "properties": {
        "discharge_m3_s": 354.99,
        "drainage_km2": 104514.75,
        "role": "mouth"
      },
      "geometry": {
        "type": "LineString",
        "coordinates": [
          [
            118.828125,
            -25.74261041580887
          ],
          [
            118.828125,
            -27.048350410069073
          ]
        ]
      }
    },
    {
      "type": "Feature",
      "properties": {
        "discharge_m3_s": 1976.69,
        "drainage_km2": 125403.4,
        "role": "mouth"
      },
      "geometry": {
        "type": "LineString",
        "coordinates": [
          [
            118.828125,
            -24.443507403334664
          ],
          [
            120.234375,
            -25.432280420357024
          ],
          [
            118.828125,
            -27.048350410069073
          ]
        ]
      }
    },
    {
      "type": "Feature",
      "properties": {
        "discharge_m3_s": 8624.69,
        "drainage_km2": 181819.91,
        "role": "mouth"
      },
      "geometry": {
        "type": "LineString",
        "coordinates": [
          [
            121.640625,
            -23.83167425338014
          ],
          [
            123.04687500000001,
            -24.7664221323981
          ],
          [
            124.45312500000001,
            -25.668239547082102
          ]
        ]
      }
    },
    {
      "type": "Feature",
      "properties": {
        "discharge_m3_s": 4480.54,
        "drainage_km2": 114841.63,
        "role": "mouth"
      },
      "geometry": {
        "type": "LineString",
        "coordinates": [
          [
            131.484375,
            -18.938617102496618
          ],
          [
            132.89062499999997,
            -19.676375845412274
          ],
          [
            132.890625,
            -20.813141702156724
          ]
        ]
      }
    },
    {
      "type": "Feature",
      "properties": {
        "discharge_m3_s": 4720.08,
        "drainage_km2": 541409.58,
        "role": "mouth"
      },
      "geometry": {
        "type": "LineString",
        "coordinates": [
          [
            118.828125,
            -19.307787517027315
          ],
          [
            117.42187499999999,
            -20.831826733892747
          ],
          [
            117.42187499999999,
            -22.125127159020852
          ],
          [
            118.828125,
            -23.15076324149069
          ],
          [
            120.234375,
            -24.144764193977412
          ],
          [
            121.640625,
            -25.106888079580667
          ],
          [
            123.04687500000001,
            -26.03698537855541
          ],
          [
            121.640625,
            -27.681039945169502
          ]
        ]
      }
    },
    {
      "type": "Feature",
      "properties": {
        "discharge_m3_s": 29871.69,
        "drainage_km2": 2527338.87,
        "role": "mouth"
      },
      "geometry": {
        "type": "LineString",
        "coordinates": [
          [
            121.64062500000001,
            -16.324538844909906
          ],
          [
            123.04687500000001,
            -16.08588146480088
          ],
          [
            124.45312500000001,
            -15.837438640087873
          ],
          [
            125.859375,
            -15.579299198909277
          ],
          [
            127.265625,
            -15.31155826893415
          ],
          [
            128.671875,
            -16.183160143086898
          ],
          [
            130.07812500000003,
            -17.013935869191677
          ],
          [
            131.484375,
            -17.803311688472153
          ],
          [
            132.890625,
            -18.550739935280347
          ],
          [
            134.296875,
            -19.255681800474523
          ]
        ]
      }
    },
    {
      "type": "Feature",
      "properties": {
        "discharge_m3_s": 3761.47,
        "drainage_km2": 419972.26,
        "role": "mouth"
      },
      "geometry": {
        "type": "LineString",
        "coordinates": [
          [
            92.109375,
            -17.566946575783103
          ],
          [
            90.703125,
            -18.983047852805203
          ],
          [
            89.296875,
            -20.389216006158133
          ],
          [
            87.890625,
            -21.783488215003615
          ],
          [
            86.484375,
            -23.164067919566257
          ]
        ]
      }
    },
    {
      "type": "Feature",
      "properties": {
        "discharge_m3_s": 583.86,
        "drainage_km2": 186806.52,
        "role": "mouth"
      },
      "geometry": {
        "type": "LineString",
        "coordinates": [
          [
            92.109375,
            -16.161488945764653
          ],
          [
            93.515625,
            -17.547076648385197
          ],
          [
            92.109375,
            -18.97243111324358
          ],
          [
            90.703125,
            -20.389216006158133
          ],
          [
            89.296875,
            -21.795387553610563
          ],
          [
            87.890625,
            -23.189064254685615
          ]
        ]
      }
    },
    {
      "type": "Feature",
      "properties": {
        "discharge_m3_s": 65672.29,
        "drainage_km2": 8424757.39,
        "role": "mouth"
      },
      "geometry": {
        "type": "LineString",
        "coordinates": [
          [
            93.515625,
            -16.143027949163674
          ],
          [
            94.92187500000001,
            -17.51727855429943
          ],
          [
            96.328125,
            -18.87691565303735
          ],
          [
            97.734375,
            -20.220207195466546
          ],
          [
            99.140625,
            -21.545590369240735
          ],
          [
            99.140625,
            -22.93913439851455
          ],
          [
            99.140625,
            -24.33330603017412
          ],
          [
            97.734375,
            -25.809806582189495
          ],
          [
            96.328125,
            -27.27897919711408
          ],
          [
            94.92187500000001,
            -28.738801643855986
          ]
        ]
      }
    },
    {
      "type": "Feature",
      "properties": {
        "discharge_m3_s": 29871.69,
        "drainage_km2": 2527338.87,
        "role": "mouth"
      },
      "geometry": {
        "type": "LineString",
        "coordinates": [
          [
            131.484375,
            -12.25679806395502
          ],
          [
            130.07812500000003,
            -12.510907268040713
          ],
          [
            128.671875,
            -13.892518104594151
          ],
          [
            128.671875,
            -15.034317537358294
          ],
          [
            128.671875,
            -16.183160143086898
          ],
          [
            130.07812500000003,
            -17.013935869191677
          ],
          [
            131.484375,
            -17.803311688472153
          ],
          [
            132.890625,
            -18.550739935280347
          ],
          [
            134.296875,
            -19.255681800474523
          ]
        ]
      }
    },
    {
      "type": "Feature",
      "properties": {
        "discharge_m3_s": 65672.29,
        "drainage_km2": 8424757.39,
        "role": "mouth"
      },
      "geometry": {
        "type": "LineString",
        "coordinates": [
          [
            93.515625,
            -14.739048579426544
          ],
          [
            94.92187500000001,
            -16.115343903838603
          ],
          [
            94.92187500000001,
            -17.51727855429943
          ],
          [
            96.328125,
            -18.87691565303735
          ],
          [
            97.734375,
            -20.220207195466546
          ],
          [
            99.140625,
            -21.545590369240735
          ],
          [
            99.140625,
            -22.93913439851455
          ],
          [
            99.140625,
            -24.33330603017412
          ],
          [
            97.734375,
            -25.809806582189495
          ],
          [
            96.328125,
            -27.27897919711408
          ],
          [
            94.92187500000001,
            -28.738801643855986
          ]
        ]
      }
    },
    {
      "type": "Feature",
      "properties": {
        "discharge_m3_s": 27.91,
        "drainage_km2": 140952.16,
        "role": "mouth"
      },
      "geometry": {
        "type": "LineString",
        "coordinates": [
          [
            79.453125,
            -13.141571250839318
          ],
          [
            78.046875,
            -14.459026684239515
          ],
          [
            76.640625,
            -15.756272616122034
          ],
          [
            75.234375,
            -17.031749949899883
          ]
        ]
      }
    },
    {
      "type": "Feature",
      "properties": {
        "discharge_m3_s": 65672.29,
        "drainage_km2": 8424757.39,
        "role": "mouth"
      },
      "geometry": {
        "type": "LineString",
        "coordinates": [
          [
            93.515625,
            -13.335133077518167
          ],
          [
            94.92187500000001,
            -14.713544805973491
          ],
          [
            94.92187500000001,
            -16.115343903838603
          ],
          [
            94.92187500000001,
            -17.51727855429943
          ],
          [
            96.328125,
            -18.87691565303735
          ],
          [
            97.734375,
            -20.220207195466546
          ],
          [
            99.140625,
            -21.545590369240735
          ],
          [
            99.140625,
            -22.93913439851455
          ],
          [
            99.140625,
            -24.33330603017412
          ],
          [
            97.734375,
            -25.809806582189495
          ],
          [
            96.328125,
            -27.27897919711408
          ],
          [
            94.92187500000001,
            -28.738801643855986
          ]
        ]
      }
    },
    {
      "type": "Feature",
      "properties": {
        "discharge_m3_s": 699.71,
        "drainage_km2": 88775.51,
        "role": "mouth"
      },
      "geometry": {
        "type": "LineString",
        "coordinates": [
          [
            63.984375,
            -8.227824299110932
          ],
          [
            62.57812500000001,
            -9.384195406661034
          ]
        ]
      }
    },
    {
      "type": "Feature",
      "properties": {
        "discharge_m3_s": 3974.99,
        "drainage_km2": 921225.37,
        "role": "mouth"
      },
      "geometry": {
        "type": "LineString",
        "coordinates": [
          [
            79.453125,
            -8.98874110536948
          ],
          [
            79.453125,
            -10.372590520924659
          ],
          [
            79.453125,
            -11.756849920025385
          ],
          [
            78.046875,
            -13.07977227105437
          ],
          [
            76.640625,
            -14.382856665094527
          ],
          [
            75.234375,
            -15.664451483452721
          ],
          [
            73.828125,
            -16.923063429766653
          ]
        ]
      }
    },
    {
      "type": "Feature",
      "properties": {
        "discharge_m3_s": 3974.99,
        "drainage_km2": 921225.37,
        "role": "mouth"
      },
      "geometry": {
        "type": "LineString",
        "coordinates": [
          [
            82.265625,
            -9.058854454147106
          ],
          [
            80.859375,
            -10.415894160748397
          ],
          [
            79.453125,
            -11.756849920025385
          ],
          [
            78.046875,
            -13.07977227105437
          ],
          [
            76.640625,
            -14.382856665094527
          ],
          [
            75.234375,
            -15.664451483452721
          ],
          [
            73.828125,
            -16.923063429766653
          ]
        ]
      }
    },
    {
      "type": "Feature",
      "properties": {
        "discharge_m3_s": 65672.29,
        "drainage_km2": 8424757.39,
        "role": "mouth"
      },
      "geometry": {
        "type": "LineString",
        "coordinates": [
          [
            106.171875,
            -8.784690136192753
          ],
          [
            107.578125,
            -10.0647064336311
          ],
          [
            108.984375,
            -11.320212646609784
          ],
          [
            108.98437500000001,
            -12.65676955072455
          ],
          [
            108.984375,
            -13.994896837184251
          ],
          [
            107.578125,
            -15.453653503255834
          ],
          [
            106.171875,
            -16.923063429766653
          ],
          [
            104.765625,
            -18.400311427147656
          ],
          [
            103.359375,
            -19.88262123837633
          ],
          [
            101.953125,
            -21.367282659985513
          ],
          [
            100.546875,
            -22.851677824353295
          ],
          [
            99.140625,
            -24.33330603017412
          ],
          [
            97.734375,
            -25.809806582189495
          ],
          [
            96.328125,
            -27.27897919711408
          ],
          [
            94.92187500000001,
            -28.738801643855986
          ]
        ]
      }
    },
    {
      "type": "Feature",
      "properties": {
        "discharge_m3_s": 65672.29,
        "drainage_km2": 8424757.39,
        "role": "mouth"
      },
      "geometry": {
        "type": "LineString",
        "coordinates": [
          [
            108.984375,
            -8.651175071721473
          ],
          [
            110.390625,
            -9.899493993704635
          ],
          [
            110.390625,
            -11.22375311156308
          ],
          [
            108.98437500000001,
            -12.65676955072455
          ],
          [
            108.984375,
            -13.994896837184251
          ],
          [
            107.578125,
            -15.453653503255834
          ],
          [
            106.171875,
            -16.923063429766653
          ],
          [
            104.765625,
            -18.400311427147656
          ],
          [
            103.359375,
            -19.88262123837633
          ],
          [
            101.953125,
            -21.367282659985513
          ],
          [
            100.546875,
            -22.851677824353295
          ],
          [
            99.140625,
            -24.33330603017412
          ],
          [
            97.734375,
            -25.809806582189495
          ],
          [
            96.328125,
            -27.27897919711408
          ],
          [
            94.92187500000001,
            -28.738801643855986
          ]
        ]
      }
    },
    {
      "type": "Feature",
      "properties": {
        "discharge_m3_s": 65672.29,
        "drainage_km2": 8424757.39,
        "role": "mouth"
      },
      "geometry": {
        "type": "LineString",
        "coordinates": [
          [
            96.328125,
            -7.687814506277681
          ],
          [
            94.92187500000001,
            -9.107485873361535
          ],
          [
            94.92187500000001,
            -10.508852479473568
          ],
          [
            94.92187500000001,
            -11.91031021322587
          ],
          [
            94.92187500000001,
            -13.3118705707591
          ],
          [
            94.92187500000001,
            -14.713544805973491
          ],
          [
            94.92187500000001,
            -16.115343903838603
          ],
          [
            94.92187500000001,
            -17.51727855429943
          ],
          [
            96.328125,
            -18.87691565303735
          ],
          [
            97.734375,
            -20.220207195466546
          ],
          [
            99.140625,
            -21.545590369240735
          ],
          [
            99.140625,
            -22.93913439851455
          ],
          [
            99.140625,
            -24.33330603017412
          ],
          [
            97.734375,
            -25.809806582189495
          ],
          [
            96.328125,
            -27.27897919711408
          ],
          [
            94.92187500000001,
            -28.738801643855986
          ]
        ]
      }
    },
    {
      "type": "Feature",
      "properties": {
        "discharge_m3_s": 65672.29,
        "drainage_km2": 8424757.39,
        "role": "mouth"
      },
      "geometry": {
        "type": "LineString",
        "coordinates": [
          [
            117.42187499999999,
            -6.874170498201403
          ],
          [
            116.01562499999999,
            -6.9587950859568855
          ],
          [
            114.60937499999999,
            -7.039240023676553
          ],
          [
            113.203125,
            -8.412308679457253
          ],
          [
            111.796875,
            -9.808027101673941
          ],
          [
            110.390625,
            -11.22375311156308
          ],
          [
            108.98437500000001,
            -12.65676955072455
          ],
          [
            108.984375,
            -13.994896837184251
          ],
          [
            107.578125,
            -15.453653503255834
          ],
          [
            106.171875,
            -16.923063429766653
          ],
          [
            104.765625,
            -18.400311427147656
          ],
          [
            103.359375,
            -19.88262123837633
          ],
          [
            101.953125,
            -21.367282659985513
          ],
          [
            100.546875,
            -22.851677824353295
          ],
          [
            99.140625,
            -24.33330603017412
          ],
          [
            97.734375,
            -25.809806582189495
          ],
          [
            96.328125,
            -27.27897919711408
          ],
          [
            94.92187500000001,
            -28.738801643855986
          ]
        ]
      }
    },
    {
      "type": "Feature",
      "properties": {
        "discharge_m3_s": 3466.46,
        "drainage_km2": 271037.31,
        "role": "mouth"
      },
      "geometry": {
        "type": "LineString",
        "coordinates": [
          [
            66.796875,
            -5.81993370497452
          ],
          [
            65.390625,
            -5.757380705166674
          ],
          [
            63.984375,
            -4.425255211312163
          ]
        ]
      }
    },
    {
      "type": "Feature",
      "properties": {
        "discharge_m3_s": 2828.84,
        "drainage_km2": 192600.25,
        "role": "mouth"
      },
      "geometry": {
        "type": "LineString",
        "coordinates": [
          [
            83.67187500000001,
            -6.28987751582551
          ],
          [
            82.265625,
            -4.877315886695607
          ],
          [
            80.859375,
            -3.4710914001043998
          ],
          [
            79.453125,
            -2.0737695195465657
          ],
          [
            78.046875,
            -0.6878808824656557
          ],
          [
            76.640625,
            0.6841002372580206
          ]
        ]
      }
    },
    {
      "type": "Feature",
      "properties": {
        "discharge_m3_s": 11667.55,
        "drainage_km2": 511327.12,
        "role": "mouth"
      },
      "geometry": {
        "type": "LineString",
        "coordinates": [
          [
            87.890625,
            -6.3238717165914275
          ],
          [
            86.484375,
            -4.9126579589502315
          ],
          [
            85.078125,
            -3.502693861567104
          ],
          [
            83.67187500000001,
            -2.096534019285695
          ],
          [
            82.265625,
            -0.6967290489895217
          ],
          [
            80.859375,
            0.6941971890448209
          ],
          [
            79.453125,
            0.6912472083981871
          ]
        ]
      }
    },
    {
      "type": "Feature",
      "properties": {
        "discharge_m3_s": 65672.29,
        "drainage_km2": 8424757.39,
        "role": "mouth"
      },
      "geometry": {
        "type": "LineString",
        "coordinates": [
          [
            97.734375,
            -6.271016476730694
          ],
          [
            99.140625,
            -4.859675399696355
          ],
          [
            100.546875,
            -4.839120556604629
          ],
          [
            101.953125,
            -4.815663213420071
          ],
          [
            103.359375,
            -4.7893169075569135
          ],
          [
            104.765625,
            -6.120761014455373
          ],
          [
            106.171875,
            -7.431820162485775
          ],
          [
            107.57812500000001,
            -8.720530635291784
          ],
          [
            108.98437500000001,
            -9.985067996910987
          ],
          [
            110.390625,
            -11.22375311156308
          ],
          [
            108.98437500000001,
            -12.65676955072455
          ],
          [
            108.984375,
            -13.994896837184251
          ],
          [
            107.578125,
            -15.453653503255834
          ],
          [
            106.171875,
            -16.923063429766653
          ],
          [
            104.765625,
            -18.400311427147656
          ],
          [
            103.359375,
            -19.88262123837633
          ],
          [
            101.953125,
            -21.367282659985513
          ],
          [
            100.546875,
            -22.851677824353295
          ],
          [
            99.140625,
            -24.33330603017412
          ],
          [
            97.734375,
            -25.809806582189495
          ],
          [
            96.328125,
            -27.27897919711408
          ],
          [
            94.92187500000001,
            -28.738801643855986
          ]
        ]
      }
    },
    {
      "type": "Feature",
      "properties": {
        "discharge_m3_s": 29871.69,
        "drainage_km2": 2527338.87,
        "role": "mouth"
      },
      "geometry": {
        "type": "LineString",
        "coordinates": [
          [
            124.45312500000001,
            -5.22489423935452
          ],
          [
            124.45312500000001,
            -6.390079439596185
          ],
          [
            123.04687500000001,
            -7.681216759615104
          ],
          [
            124.45312500000001,
            -8.72826942349342
          ],
          [
            125.859375,
            -9.735734423035964
          ],
          [
            127.265625,
            -9.563378783138774
          ],
          [
            128.671875,
            -10.504093791181964
          ],
          [
            128.671875,
            -11.627933525171223
          ],
          [
            128.671875,
            -12.75723274678165
          ],
          [
            128.671875,
            -13.892518104594151
          ],
          [
            128.671875,
            -15.034317537358294
          ],
          [
            128.671875,
            -16.183160143086898
          ],
          [
            130.07812500000003,
            -17.013935869191677
          ],
          [
            131.484375,
            -17.803311688472153
          ],
          [
            132.890625,
            -18.550739935280347
          ],
          [
            134.296875,
            -19.255681800474523
          ]
        ]
      }
    },
    {
      "type": "Feature",
      "properties": {
        "discharge_m3_s": 3466.46,
        "drainage_km2": 271037.31,
        "role": "mouth"
      },
      "geometry": {
        "type": "LineString",
        "coordinates": [
          [
            66.796875,
            -4.525489431855929
          ],
          [
            65.390625,
            -5.757380705166674
          ],
          [
            63.984375,
            -4.425255211312163
          ]
        ]
      }
    },
    {
      "type": "Feature",
      "properties": {
        "discharge_m3_s": 2232.68,
        "drainage_km2": 136220.56,
        "role": "mouth"
      },
      "geometry": {
        "type": "LineString",
        "coordinates": [
          [
            68.203125,
            -4.571539409725401
          ],
          [
            66.796875,
            -3.231888866356929
          ],
          [
            65.390625,
            -1.9179264474213495
          ],
          [
            63.984375,
            -1.895806197831941
          ]
        ]
      }
    },
    {
      "type": "Feature",
      "properties": {
        "discharge_m3_s": 6467.15,
        "drainage_km2": 442737.49,
        "role": "mouth"
      },
      "geometry": {
        "type": "LineString",
        "coordinates": [
          [
            75.234375,
            -4.760096852852792
          ],
          [
            73.828125,
            -3.376842069407035
          ],
          [
            72.42187500000001,
            -2.0109627750887418
          ],
          [
            73.828125,
            -0.6753053386193396
          ],
          [
            75.234375,
            0.6799075481698579
          ]
        ]
      }
    },
    {
      "type": "Feature",
      "properties": {
        "discharge_m3_s": 2841.38,
        "drainage_km2": 169080.43,
        "role": "mouth"
      },
      "geometry": {
        "type": "LineString",
        "coordinates": [
          [
            83.67187500000001,
            -4.892031847354246
          ],
          [
            82.265625,
            -3.4837212053575555
          ],
          [
            80.859375,
            -2.0826126675086276
          ],
          [
            79.453125,
            -0.6912472083981871
          ],
          [
            78.046875,
            0.6878808824656557
          ]
        ]
      }
    },
    {
      "type": "Feature",
      "properties": {
        "discharge_m3_s": 6467.15,
        "drainage_km2": 442737.49,
        "role": "mouth"
      },
      "geometry": {
        "type": "LineString",
        "coordinates": [
          [
            71.015625,
            -3.324842043461544
          ],
          [
            72.42187500000001,
            -2.0109627750887418
          ],
          [
            73.828125,
            -0.6753053386193396
          ],
          [
            75.234375,
            0.6799075481698579
          ]
        ]
      }
    },
    {
      "type": "Feature",
      "properties": {
        "discharge_m3_s": 3021.7,
        "drainage_km2": 145346.14,
        "role": "mouth"
      },
      "geometry": {
        "type": "LineString",
        "coordinates": [
          [
            83.67187500000001,
            -3.4942574279687704
          ],
          [
            82.265625,
            -2.0902023459764543
          ],
          [
            80.859375,
            -0.6941971890448209
          ],
          [
            79.453125,
            0.6912472083981871
          ]
        ]
      }
    },
    {
      "type": "Feature",
      "properties": {
        "discharge_m3_s": 65672.29,
        "drainage_km2": 8424757.39,
        "role": "mouth"
      },
      "geometry": {
        "type": "LineString",
        "coordinates": [
          [
            104.765625,
            -3.399803615542326
          ],
          [
            106.171875,
            -4.728019933909834
          ],
          [
            107.578125,
            -6.034873109093681
          ],
          [
            108.984375,
            -7.318371227559285
          ],
          [
            110.390625,
            -8.576659697680364
          ],
          [
            111.796875,
            -9.808027101673941
          ],
          [
            110.390625,
            -11.22375311156308
          ],
          [
            108.98437500000001,
            -12.65676955072455
          ],
          [
            108.984375,
            -13.994896837184251
          ],
          [
            107.578125,
            -15.453653503255834
          ],
          [
            106.171875,
            -16.923063429766653
          ],
          [
            104.765625,
            -18.400311427147656
          ],
          [
            103.359375,
            -19.88262123837633
          ],
          [
            101.953125,
            -21.367282659985513
          ],
          [
            100.546875,
            -22.851677824353295
          ],
          [
            99.140625,
            -24.33330603017412
          ],
          [
            97.734375,
            -25.809806582189495
          ],
          [
            96.328125,
            -27.27897919711408
          ],
          [
            94.92187500000001,
            -28.738801643855986
          ]
        ]
      }
    },
    {
      "type": "Feature",
      "properties": {
        "discharge_m3_s": 65672.29,
        "drainage_km2": 8424757.39,
        "role": "mouth"
      },
      "geometry": {
        "type": "LineString",
        "coordinates": [
          [
            106.171875,
            -3.376842069407035
          ],
          [
            107.578125,
            -4.693104699753207
          ],
          [
            108.98437500000001,
            -5.986491993724121
          ],
          [
            110.390625,
            -7.255064767408375
          ],
          [
            111.796875,
            -8.497023594527
          ],
          [
            111.796875,
            -9.808027101673941
          ],
          [
            110.390625,
            -11.22375311156308
          ],
          [
            108.98437500000001,
            -12.65676955072455
          ],
          [
            108.984375,
            -13.994896837184251
          ],
          [
            107.578125,
            -15.453653503255834
          ],
          [
            106.171875,
            -16.923063429766653
          ],
          [
            104.765625,
            -18.400311427147656
          ],
          [
            103.359375,
            -19.88262123837633
          ],
          [
            101.953125,
            -21.367282659985513
          ],
          [
            100.546875,
            -22.851677824353295
          ],
          [
            99.140625,
            -24.33330603017412
          ],
          [
            97.734375,
            -25.809806582189495
          ],
          [
            96.328125,
            -27.27897919711408
          ],
          [
            94.92187500000001,
            -28.738801643855986
          ]
        ]
      }
    },
    {
      "type": "Feature",
      "properties": {
        "discharge_m3_s": 65672.29,
        "drainage_km2": 8424757.39,
        "role": "mouth"
      },
      "geometry": {
        "type": "LineString",
        "coordinates": [
          [
            107.578125,
            -3.3518499611153247
          ],
          [
            108.98437500000001,
            -4.655371356790997
          ],
          [
            110.390625,
            -5.934521802074771
          ],
          [
            111.796875,
            -7.187415624599964
          ],
          [
            113.203125,
            -8.412308679457253
          ],
          [
            111.796875,
            -9.808027101673941
          ],
          [
            110.390625,
            -11.22375311156308
          ],
          [
            108.98437500000001,
            -12.65676955072455
          ],
          [
            108.984375,
            -13.994896837184251
          ],
          [
            107.578125,
            -15.453653503255834
          ],
          [
            106.171875,
            -16.923063429766653
          ],
          [
            104.765625,
            -18.400311427147656
          ],
          [
            103.359375,
            -19.88262123837633
          ],
          [
            101.953125,
            -21.367282659985513
          ],
          [
            100.546875,
            -22.851677824353295
          ],
          [
            99.140625,
            -24.33330603017412
          ],
          [
            97.734375,
            -25.809806582189495
          ],
          [
            96.328125,
            -27.27897919711408
          ],
          [
            94.92187500000001,
            -28.738801643855986
          ]
        ]
      }
    },
    {
      "type": "Feature",
      "properties": {
        "discharge_m3_s": 65672.29,
        "drainage_km2": 8424757.39,
        "role": "mouth"
      },
      "geometry": {
        "type": "LineString",
        "coordinates": [
          [
            108.984375,
            -3.324842043461544
          ],
          [
            110.390625,
            -4.614841761058048
          ],
          [
            111.796875,
            -5.878991897276994
          ],
          [
            113.203125,
            -7.115460866528651
          ],
          [
            113.203125,
            -8.412308679457253
          ],
          [
            111.796875,
            -9.808027101673941
          ],
          [
            110.390625,
            -11.22375311156308
          ],
          [
            108.98437500000001,
            -12.65676955072455
          ],
          [
            108.984375,
            -13.994896837184251
          ],
          [
            107.578125,
            -15.453653503255834
          ],
          [
            106.171875,
            -16.923063429766653
          ],
          [
            104.765625,
            -18.400311427147656
          ],
          [
            103.359375,
            -19.88262123837633
          ],
          [
            101.953125,
            -21.367282659985513
          ],
          [
            100.546875,
            -22.851677824353295
          ],
          [
            99.140625,
            -24.33330603017412
          ],
          [
            97.734375,
            -25.809806582189495
          ],
          [
            96.328125,
            -27.27897919711408
          ],
          [
            94.92187500000001,
            -28.738801643855986
          ]
        ]
      }
    },
    {
      "type": "Feature",
      "properties": {
        "discharge_m3_s": 2106.84,
        "drainage_km2": 118224.57,
        "role": "mouth"
      },
      "geometry": {
        "type": "LineString",
        "coordinates": [
          [
            73.828125,
            -2.025979114457455
          ],
          [
            75.234375,
            -0.6799075481698579
          ],
          [
            75.234375,
            0.6799075481698579
          ]
        ]
      }
    },
    {
      "type": "Feature",
      "properties": {
        "discharge_m3_s": 5214.66,
        "drainage_km2": 262484.64,
        "role": "mouth"
      },
      "geometry": {
        "type": "LineString",
        "coordinates": [
          [
            75.234375,
            -2.039775840091725
          ],
          [
            76.640625,
            -0.6841002372580206
          ],
          [
            75.234375,
            0.6799075481698579
          ]
        ]
      }
    },
    {
      "type": "Feature",
      "properties": {
        "discharge_m3_s": 65672.29,
        "drainage_km2": 8424757.39,
        "role": "mouth"
      },
      "geometry": {
        "type": "LineString",
        "coordinates": [
          [
            108.984375,
            -1.9947358020268582
          ],
          [
            110.390625,
            -3.2958342660436255
          ],
          [
            111.796875,
            -4.571539409725401
          ],
          [
            113.203125,
            -5.81993370497452
          ],
          [
            113.203125,
            -7.115460866528651
          ],
          [
            113.203125,
            -8.412308679457253
          ],
          [
            111.796875,
            -9.808027101673941
          ],
          [
            110.390625,
            -11.22375311156308
          ],
          [
            108.98437500000001,
            -12.65676955072455
          ],
          [
            108.984375,
            -13.994896837184251
          ],
          [
            107.578125,
            -15.453653503255834
          ],
          [
            106.171875,
            -16.923063429766653
          ],
          [
            104.765625,
            -18.400311427147656
          ],
          [
            103.359375,
            -19.88262123837633
          ],
          [
            101.953125,
            -21.367282659985513
          ],
          [
            100.546875,
            -22.851677824353295
          ],
          [
            99.140625,
            -24.33330603017412
          ],
          [
            97.734375,
            -25.809806582189495
          ],
          [
            96.328125,
            -27.27897919711408
          ],
          [
            94.92187500000001,
            -28.738801643855986
          ]
        ]
      }
    },
    {
      "type": "Feature",
      "properties": {
        "discharge_m3_s": 65672.29,
        "drainage_km2": 8424757.39,
        "role": "mouth"
      },
      "geometry": {
        "type": "LineString",
        "coordinates": [
          [
            110.390625,
            -1.9773079007870582
          ],
          [
            111.796875,
            -3.2648437673735415
          ],
          [
            113.203125,
            -4.525489431855929
          ],
          [
            113.203125,
            -5.81993370497452
          ],
          [
            113.203125,
            -7.115460866528651
          ],
          [
            113.203125,
            -8.412308679457253
          ],
          [
            111.796875,
            -9.808027101673941
          ],
          [
            110.390625,
            -11.22375311156308
          ],
          [
            108.98437500000001,
            -12.65676955072455
          ],
          [
            108.984375,
            -13.994896837184251
          ],
          [
            107.578125,
            -15.453653503255834
          ],
          [
            106.171875,
            -16.923063429766653
          ],
          [
            104.765625,
            -18.400311427147656
          ],
          [
            103.359375,
            -19.88262123837633
          ],
          [
            101.953125,
            -21.367282659985513
          ],
          [
            100.546875,
            -22.851677824353295
          ],
          [
            99.140625,
            -24.33330603017412
          ],
          [
            97.734375,
            -25.809806582189495
          ],
          [
            96.328125,
            -27.27897919711408
          ],
          [
            94.92187500000001,
            -28.738801643855986
          ]
        ]
      }
    },
    {
      "type": "Feature",
      "properties": {
        "discharge_m3_s": 65672.29,
        "drainage_km2": 8424757.39,
        "role": "mouth"
      },
      "geometry": {
        "type": "LineString",
        "coordinates": [
          [
            111.796875,
            -1.9586894968854625
          ],
          [
            113.203125,
            -3.231888866356929
          ],
          [
            114.60937499999999,
            -4.476718578385982
          ],
          [
            113.203125,
            -5.81993370497452
          ],
          [
            113.203125,
            -7.115460866528651
          ],
          [
            113.203125,
            -8.412308679457253
          ],
          [
            111.796875,
            -9.808027101673941
          ],
          [
            110.390625,
            -11.22375311156308
          ],
          [
            108.98437500000001,
            -12.65676955072455
          ],
          [
            108.984375,
            -13.994896837184251
          ],
          [
            107.578125,
            -15.453653503255834
          ],
          [
            106.171875,
            -16.923063429766653
          ],
          [
            104.765625,
            -18.400311427147656
          ],
          [
            103.359375,
            -19.88262123837633
          ],
          [
            101.953125,
            -21.367282659985513
          ],
          [
            100.546875,
            -22.851677824353295
          ],
          [
            99.140625,
            -24.33330603017412
          ],
          [
            97.734375,
            -25.809806582189495
          ],
          [
            96.328125,
            -27.27897919711408
          ],
          [
            94.92187500000001,
            -28.738801643855986
          ]
        ]
      }
    },
    {
      "type": "Feature",
      "properties": {
        "discharge_m3_s": 7636.25,
        "drainage_km2": 243622.39,
        "role": "mouth"
      },
      "geometry": {
        "type": "LineString",
        "coordinates": [
          [
            83.67187500000001,
            -0.6988412644721039
          ],
          [
            82.265625,
            0.6967290489895217
          ],
          [
            80.859375,
            2.0826126675086276
          ]
        ]
      }
    },
    {
      "type": "Feature",
      "properties": {
        "discharge_m3_s": 4296.25,
        "drainage_km2": 92010.51,
        "role": "mouth"
      },
      "geometry": {
        "type": "LineString",
        "coordinates": [
          [
            72.42187500000001,
            0.6702963785396038
          ],
          [
            73.828125,
            2.025979114457455
          ]
        ]
      }
    },
    {
      "type": "Feature",
      "properties": {
        "discharge_m3_s": 4225.02,
        "drainage_km2": 92787.6,
        "role": "mouth"
      },
      "geometry": {
        "type": "LineString",
        "coordinates": [
          [
            73.828125,
            0.6753053386193396
          ],
          [
            75.234375,
            0.6799075481698579
          ]
        ]
      }
    },
    {
      "type": "Feature",
      "properties": {
        "discharge_m3_s": 65672.29,
        "drainage_km2": 8424757.39,
        "role": "mouth"
      },
      "geometry": {
        "type": "LineString",
        "coordinates": [
          [
            111.796875,
            0.6528603563744967
          ],
          [
            113.203125,
            0.646256962767757
          ],
          [
            114.60937500000001,
            -0.6392643029425213
          ],
          [
            116.01562499999999,
            -1.895806197831941
          ],
          [
            116.01562499999999,
            -3.1601649793010615
          ],
          [
            114.60937499999999,
            -4.476718578385982
          ],
          [
            113.203125,
            -5.81993370497452
          ],
          [
            113.203125,
            -7.115460866528651
          ],
          [
            113.203125,
            -8.412308679457253
          ],
          [
            111.796875,
            -9.808027101673941
          ],
          [
            110.390625,
            -11.22375311156308
          ],
          [
            108.98437500000001,
            -12.65676955072455
          ],
          [
            108.984375,
            -13.994896837184251
          ],
          [
            107.578125,
            -15.453653503255834
          ],
          [
            106.171875,
            -16.923063429766653
          ],
          [
            104.765625,
            -18.400311427147656
          ],
          [
            103.359375,
            -19.88262123837633
          ],
          [
            101.953125,
            -21.367282659985513
          ],
          [
            100.546875,
            -22.851677824353295
          ],
          [
            99.140625,
            -24.33330603017412
          ],
          [
            97.734375,
            -25.809806582189495
          ],
          [
            96.328125,
            -27.27897919711408
          ],
          [
            94.92187500000001,
            -28.738801643855986
          ]
        ]
      }
    },
    {
      "type": "Feature",
      "properties": {
        "discharge_m3_s": 6828.54,
        "drainage_km2": 92025.15,
        "role": "mouth"
      },
      "geometry": {
        "type": "LineString",
        "coordinates": [
          [
            72.42187500000001,
            2.0109627750887418
          ],
          [
            73.828125,
            2.025979114457455
          ]
        ]
      }
    },
    {
      "type": "Feature",
      "properties": {
        "discharge_m3_s": 2797.65,
        "drainage_km2": 97212.41,
        "role": "mouth"
      },
      "geometry": {
        "type": "LineString",
        "coordinates": [
          [
            82.265625,
            2.0902023459764543
          ],
          [
            80.859375,
            2.0826126675086276
          ]
        ]
      }
    },
    {
      "type": "Feature",
      "properties": {
        "discharge_m3_s": 7304.95,
        "drainage_km2": 193336.75,
        "role": "mouth"
      },
      "geometry": {
        "type": "LineString",
        "coordinates": [
          [
            96.328125,
            2.096534019285695
          ],
          [
            97.734375,
            3.4837212053575555
          ],
          [
            99.140625,
            4.859675399696355
          ],
          [
            100.546875,
            6.2220600745815595
          ],
          [
            101.953125,
            7.568638658881363
          ],
          [
            103.359375,
            8.89729004578296
          ]
        ]
      }
    },
    {
      "type": "Feature",
      "properties": {
        "discharge_m3_s": 3994.02,
        "drainage_km2": 168291.21,
        "role": "mouth"
      },
      "geometry": {
        "type": "LineString",
        "coordinates": [
          [
            99.140625,
            2.0826126675086276
          ],
          [
            100.546875,
            3.4563754532944486
          ],
          [
            101.953125,
            4.815663213420071
          ],
          [
            103.359375,
            6.15821945331951
          ],
          [
            104.765625,
            7.481900840795187
          ]
        ]
      }
    },
    {
      "type": "Feature",
      "properties": {
        "discharge_m3_s": 65672.29,
        "drainage_km2": 8424757.39,
        "role": "mouth"
      },
      "geometry": {
        "type": "LineString",
        "coordinates": [
          [
            114.60937499999999,
            1.9179264474213495
          ],
          [
            114.60937500000001,
            0.6392643029425213
          ],
          [
            114.60937500000001,
            -0.6392643029425213
          ],
          [
            116.01562499999999,
            -1.895806197831941
          ],
          [
            116.01562499999999,
            -3.1601649793010615
          ],
          [
            114.60937499999999,
            -4.476718578385982
          ],
          [
            113.203125,
            -5.81993370497452
          ],
          [
            113.203125,
            -7.115460866528651
          ],
          [
            113.203125,
            -8.412308679457253
          ],
          [
            111.796875,
            -9.808027101673941
          ],
          [
            110.390625,
            -11.22375311156308
          ],
          [
            108.98437500000001,
            -12.65676955072455
          ],
          [
            108.984375,
            -13.994896837184251
          ],
          [
            107.578125,
            -15.453653503255834
          ],
          [
            106.171875,
            -16.923063429766653
          ],
          [
            104.765625,
            -18.400311427147656
          ],
          [
            103.359375,
            -19.88262123837633
          ],
          [
            101.953125,
            -21.367282659985513
          ],
          [
            100.546875,
            -22.851677824353295
          ],
          [
            99.140625,
            -24.33330603017412
          ],
          [
            97.734375,
            -25.809806582189495
          ],
          [
            96.328125,
            -27.27897919711408
          ],
          [
            94.92187500000001,
            -28.738801643855986
          ]
        ]
      }
    },
    {
      "type": "Feature",
      "properties": {
        "discharge_m3_s": 2688.32,
        "drainage_km2": 97098.47,
        "role": "mouth"
      },
      "geometry": {
        "type": "LineString",
        "coordinates": [
          [
            82.265625,
            3.4837212053575555
          ],
          [
            80.859375,
            2.0826126675086276
          ]
        ]
      }
    },
    {
      "type": "Feature",
      "properties": {
        "discharge_m3_s": 8145.95,
        "drainage_km2": 193579.05,
        "role": "mouth"
      },
      "geometry": {
        "type": "LineString",
        "coordinates": [
          [
            94.92187500000001,
            3.502693861567104
          ],
          [
            96.328125,
            4.892031847354246
          ],
          [
            97.734375,
            6.271016476730694
          ],
          [
            99.140625,
            7.63732598523329
          ],
          [
            100.546875,
            8.98874110536948
          ],
          [
            101.953125,
            10.323160652534249
          ]
        ]
      }
    },
    {
      "type": "Feature",
      "properties": {
        "discharge_m3_s": 7815.37,
        "drainage_km2": 193073.27,
        "role": "mouth"
      },
      "geometry": {
        "type": "LineString",
        "coordinates": [
          [
            96.328125,
            3.4942574279687704
          ],
          [
            97.734375,
            4.877315886695607
          ],
          [
            99.140625,
            6.24840644458599
          ],
          [
            100.546875,
            7.605248830323058
          ],
          [
            101.953125,
            8.94567203404487
          ],
          [
            103.359375,
            8.89729004578296
          ]
        ]
      }
    },
    {
      "type": "Feature",
      "properties": {
        "discharge_m3_s": 6083.72,
        "drainage_km2": 168321.16,
        "role": "mouth"
      },
      "geometry": {
        "type": "LineString",
        "coordinates": [
          [
            99.140625,
            3.4710914001043998
          ],
          [
            100.546875,
            4.839120556604629
          ],
          [
            101.953125,
            6.191992124823371
          ],
          [
            103.359375,
            7.527515246371398
          ],
          [
            104.765625,
            7.481900840795187
          ]
        ]
      }
    },
    {
      "type": "Feature",
      "properties": {
        "discharge_m3_s": 6191.91,
        "drainage_km2": 190180.27,
        "role": "mouth"
      },
      "geometry": {
        "type": "LineString",
        "coordinates": [
          [
            101.953125,
            3.439582037140748
          ],
          [
            103.359375,
            4.7893169075569135
          ],
          [
            104.765625,
            6.120761014455373
          ],
          [
            104.765625,
            7.481900840795187
          ]
        ]
      }
    },
    {
      "type": "Feature",
      "properties": {
        "discharge_m3_s": 8549.01,
        "drainage_km2": 193195.39,
        "role": "mouth"
      },
      "geometry": {
        "type": "LineString",
        "coordinates": [
          [
            94.92187500000001,
            4.903814800870226
          ],
          [
            96.328125,
            6.28987751582551
          ],
          [
            97.734375,
            7.664852820705814
          ],
          [
            99.140625,
            9.026475051525084
          ],
          [
            100.546875,
            10.372590520924659
          ],
          [
            101.953125,
            10.323160652534249
          ]
        ]
      }
    },
    {
      "type": "Feature",
      "properties": {
        "discharge_m3_s": 92100.96,
        "drainage_km2": 3916186.87,
        "role": "mouth"
      },
      "geometry": {
        "type": "LineString",
        "coordinates": [
          [
            120.234375,
            4.255017564228808
          ],
          [
            120.23437500000003,
            3.038370907807581
          ],
          [
            121.640625,
            1.7960506274824524
          ],
          [
            123.04687500000001,
            1.7683677873843233
          ],
          [
            124.45312500000001,
            0.5797986686625975
          ],
          [
            125.859375,
            0.5698625340316603
          ],
          [
            127.265625,
            1.6789965538988851
          ],
          [
            128.671875,
            2.7461244564572684
          ],
          [
            130.07812500000003,
            3.7698989651003165
          ],
          [
            131.484375,
            3.6911372184743194
          ],
          [
            132.89062499999997,
            2.577235469743098
          ],
          [
            132.89062499999997,
            1.5457660675742366
          ],
          [
            132.890625,
            0.5151595137663713
          ],
          [
            132.890625,
            -0.5151595137663713
          ],
          [
            132.89062499999997,
            -1.5457660675742366
          ],
          [
            132.89062499999997,
            -2.577235469743098
          ],
          [
            134.296875,
            -3.5269667776797418
          ],
          [
            135.703125,
            -2.517781893306122
          ],
          [
            135.703125,
            -1.510077428903488
          ],
          [
            135.703125,
            -0.5032605580907158
          ],
          [
            135.703125,
            0.5032605580907158
          ],
          [
            135.703125,
            1.510077428903488
          ],
          [
            135.703125,
            2.517781893306122
          ],
          [
            135.703125,
            3.5269667776797418
          ],
          [
            135.703125,
            4.538226548524
          ],
          [
            137.10937500000003,
            5.68258926773919
          ],
          [
            138.515625,
            6.87310630737049
          ],
          [
            139.921875,
            7.018732978777161
          ],
          [
            138.515625,
            7.940289384831535
          ],
          [
            137.10937500000003,
            8.816557402952819
          ],
          [
            135.703125,
            9.646649838348909
          ],
          [
            134.296875,
            10.683013865823861
          ],
          [
            132.890625,
            11.995024527422325
          ],
          [
            131.484375,
            13.350743296000283
          ],
          [
            130.07812500000003,
            13.625891992727608
          ]
        ]
      }
    },
    {
      "type": "Feature",
      "properties": {
        "discharge_m3_s": 92100.96,
        "drainage_km2": 3916186.87,
        "role": "mouth"
      },
      "geometry": {
        "type": "LineString",
        "coordinates": [
          [
            123.04687500000001,
            4.128654579471015
          ],
          [
            121.640625,
            2.9940791571677483
          ],
          [
            123.04687500000001,
            1.7683677873843233
          ],
          [
            124.45312500000001,
            0.5797986686625975
          ],
          [
            125.859375,
            0.5698625340316603
          ],
          [
            127.265625,
            1.6789965538988851
          ],
          [
            128.671875,
            2.7461244564572684
          ],
          [
            130.07812500000003,
            3.7698989651003165
          ],
          [
            131.484375,
            3.6911372184743194
          ],
          [
            132.89062499999997,
            2.577235469743098
          ],
          [
            132.89062499999997,
            1.5457660675742366
          ],
          [
            132.890625,
            0.5151595137663713
          ],
          [
            132.890625,
            -0.5151595137663713
          ],
          [
            132.89062499999997,
            -1.5457660675742366
          ],
          [
            132.89062499999997,
            -2.577235469743098
          ],
          [
            134.296875,
            -3.5269667776797418
          ],
          [
            135.703125,
            -2.517781893306122
          ],
          [
            135.703125,
            -1.510077428903488
          ],
          [
            135.703125,
            -0.5032605580907158
          ],
          [
            135.703125,
            0.5032605580907158
          ],
          [
            135.703125,
            1.510077428903488
          ],
          [
            135.703125,
            2.517781893306122
          ],
          [
            135.703125,
            3.5269667776797418
          ],
          [
            135.703125,
            4.538226548524
          ],
          [
            137.10937500000003,
            5.68258926773919
          ],
          [
            138.515625,
            6.87310630737049
          ],
          [
            139.921875,
            7.018732978777161
          ],
          [
            138.515625,
            7.940289384831535
          ],
          [
            137.10937500000003,
            8.816557402952819
          ],
          [
            135.703125,
            9.646649838348909
          ],
          [
            134.296875,
            10.683013865823861
          ],
          [
            132.890625,
            11.995024527422325
          ],
          [
            131.484375,
            13.350743296000283
          ],
          [
            130.07812500000003,
            13.625891992727608
          ]
        ]
      }
    },
    {
      "type": "Feature",
      "properties": {
        "discharge_m3_s": 92100.96,
        "drainage_km2": 3916186.87,
        "role": "mouth"
      },
      "geometry": {
        "type": "LineString",
        "coordinates": [
          [
            124.45312500000001,
            4.061720379305512
          ],
          [
            123.04687500000001,
            2.9479834372913665
          ],
          [
            123.04687500000001,
            1.7683677873843233
          ],
          [
            124.45312500000001,
            0.5797986686625975
          ],
          [
            125.859375,
            0.5698625340316603
          ],
          [
            127.265625,
            1.6789965538988851
          ],
          [
            128.671875,
            2.7461244564572684
          ],
          [
            130.07812500000003,
            3.7698989651003165
          ],
          [
            131.484375,
            3.6911372184743194
          ],
          [
            132.89062499999997,
            2.577235469743098
          ],
          [
            132.89062499999997,
            1.5457660675742366
          ],
          [
            132.890625,
            0.5151595137663713
          ],
          [
            132.890625,
            -0.5151595137663713
          ],
          [
            132.89062499999997,
            -1.5457660675742366
          ],
          [
            132.89062499999997,
            -2.577235469743098
          ],
          [
            134.296875,
            -3.5269667776797418
          ],
          [
            135.703125,
            -2.517781893306122
          ],
          [
            135.703125,
            -1.510077428903488
          ],
          [
            135.703125,
            -0.5032605580907158
          ],
          [
            135.703125,
            0.5032605580907158
          ],
          [
            135.703125,
            1.510077428903488
          ],
          [
            135.703125,
            2.517781893306122
          ],
          [
            135.703125,
            3.5269667776797418
          ],
          [
            135.703125,
            4.538226548524
          ],
          [
            137.10937500000003,
            5.68258926773919
          ],
          [
            138.515625,
            6.87310630737049
          ],
          [
            139.921875,
            7.018732978777161
          ],
          [
            138.515625,
            7.940289384831535
          ],
          [
            137.10937500000003,
            8.816557402952819
          ],
          [
            135.703125,
            9.646649838348909
          ],
          [
            134.296875,
            10.683013865823861
          ],
          [
            132.890625,
            11.995024527422325
          ],
          [
            131.484375,
            13.350743296000283
          ],
          [
            130.07812500000003,
            13.625891992727608
          ]
        ]
      }
    },
    {
      "type": "Feature",
      "properties": {
        "discharge_m3_s": 92100.96,
        "drainage_km2": 3916186.87,
        "role": "mouth"
      },
      "geometry": {
        "type": "LineString",
        "coordinates": [
          [
            125.859375,
            3.992336223943465
          ],
          [
            124.45312500000001,
            2.9001111263329
          ],
          [
            123.04687500000001,
            1.7683677873843233
          ],
          [
            124.45312500000001,
            0.5797986686625975
          ],
          [
            125.859375,
            0.5698625340316603
          ],
          [
            127.265625,
            1.6789965538988851
          ],
          [
            128.671875,
            2.7461244564572684
          ],
          [
            130.07812500000003,
            3.7698989651003165
          ],
          [
            131.484375,
            3.6911372184743194
          ],
          [
            132.89062499999997,
            2.577235469743098
          ],
          [
            132.89062499999997,
            1.5457660675742366
          ],
          [
            132.890625,
            0.5151595137663713
          ],
          [
            132.890625,
            -0.5151595137663713
          ],
          [
            132.89062499999997,
            -1.5457660675742366
          ],
          [
            132.89062499999997,
            -2.577235469743098
          ],
          [
            134.296875,
            -3.5269667776797418
          ],
          [
            135.703125,
            -2.517781893306122
          ],
          [
            135.703125,
            -1.510077428903488
          ],
          [
            135.703125,
            -0.5032605580907158
          ],
          [
            135.703125,
            0.5032605580907158
          ],
          [
            135.703125,
            1.510077428903488
          ],
          [
            135.703125,
            2.517781893306122
          ],
          [
            135.703125,
            3.5269667776797418
          ],
          [
            135.703125,
            4.538226548524
          ],
          [
            137.10937500000003,
            5.68258926773919
          ],
          [
            138.515625,
            6.87310630737049
          ],
          [
            139.921875,
            7.018732978777161
          ],
          [
            138.515625,
            7.940289384831535
          ],
          [
            137.10937500000003,
            8.816557402952819
          ],
          [
            135.703125,
            9.646649838348909
          ],
          [
            134.296875,
            10.683013865823861
          ],
          [
            132.890625,
            11.995024527422325
          ],
          [
            131.484375,
            13.350743296000283
          ],
          [
            130.07812500000003,
            13.625891992727608
          ]
        ]
      }
    },
    {
      "type": "Feature",
      "properties": {
        "discharge_m3_s": 42882.53,
        "drainage_km2": 1012392.54,
        "role": "mouth"
      },
      "geometry": {
        "type": "LineString",
        "coordinates": [
          [
            93.515625,
            6.316312523407328
          ],
          [
            92.109375,
            7.729197441314405
          ],
          [
            90.703125,
            9.139948345351588
          ],
          [
            90.703125,
            10.546098656433736
          ],
          [
            90.703125,
            11.952250837598605
          ],
          [
            89.296875,
            13.358405124480003
          ],
          [
            89.296875,
            14.764561747640933
          ],
          [
            90.703125,
            16.170720932018405
          ],
          [
            92.109375,
            17.566946575783106
          ],
          [
            93.515625,
            17.5470766483852
          ]
        ]
      }
    },
    {
      "type": "Feature",
      "properties": {
        "discharge_m3_s": 7787.66,
        "drainage_km2": 169133.05,
        "role": "mouth"
      },
      "geometry": {
        "type": "LineString",
        "coordinates": [
          [
            94.92187500000001,
            6.304979012126522
          ],
          [
            96.328125,
            7.687814506277681
          ],
          [
            97.734375,
            9.058854454147106
          ],
          [
            99.140625,
            10.415894160748397
          ],
          [
            100.546875,
            11.756849920025385
          ]
        ]
      }
    },
    {
      "type": "Feature",
      "properties": {
        "discharge_m3_s": 2046.96,
        "drainage_km2": 92194.82,
        "role": "mouth"
      },
      "geometry": {
        "type": "LineString",
        "coordinates": [
          [
            108.98437500000001,
            5.986491993724121
          ],
          [
            107.578125,
            7.377300403645419
          ]
        ]
      }
    },
    {
      "type": "Feature",
      "properties": {
        "discharge_m3_s": 92100.96,
        "drainage_km2": 3916186.87,
        "role": "mouth"
      },
      "geometry": {
        "type": "LineString",
        "coordinates": [
          [
            123.04687500000001,
            5.310803013921933
          ],
          [
            121.640625,
            4.193099559123216
          ],
          [
            120.23437500000003,
            3.038370907807581
          ],
          [
            121.640625,
            1.7960506274824524
          ],
          [
            123.04687500000001,
            1.7683677873843233
          ],
          [
            124.45312500000001,
            0.5797986686625975
          ],
          [
            125.859375,
            0.5698625340316603
          ],
          [
            127.265625,
            1.6789965538988851
          ],
          [
            128.671875,
            2.7461244564572684
          ],
          [
            130.07812500000003,
            3.7698989651003165
          ],
          [
            131.484375,
            3.6911372184743194
          ],
          [
            132.89062499999997,
            2.577235469743098
          ],
          [
            132.89062499999997,
            1.5457660675742366
          ],
          [
            132.890625,
            0.5151595137663713
          ],
          [
            132.890625,
            -0.5151595137663713
          ],
          [
            132.89062499999997,
            -1.5457660675742366
          ],
          [
            132.89062499999997,
            -2.577235469743098
          ],
          [
            134.296875,
            -3.5269667776797418
          ],
          [
            135.703125,
            -2.517781893306122
          ],
          [
            135.703125,
            -1.510077428903488
          ],
          [
            135.703125,
            -0.5032605580907158
          ],
          [
            135.703125,
            0.5032605580907158
          ],
          [
            135.703125,
            1.510077428903488
          ],
          [
            135.703125,
            2.517781893306122
          ],
          [
            135.703125,
            3.5269667776797418
          ],
          [
            135.703125,
            4.538226548524
          ],
          [
            137.10937500000003,
            5.68258926773919
          ],
          [
            138.515625,
            6.87310630737049
          ],
          [
            139.921875,
            7.018732978777161
          ],
          [
            138.515625,
            7.940289384831535
          ],
          [
            137.10937500000003,
            8.816557402952819
          ],
          [
            135.703125,
            9.646649838348909
          ],
          [
            134.296875,
            10.683013865823861
          ],
          [
            132.890625,
            11.995024527422325
          ],
          [
            131.484375,
            13.350743296000283
          ],
          [
            130.07812500000003,
            13.625891992727608
          ]
        ]
      }
    },
    {
      "type": "Feature",
      "properties": {
        "discharge_m3_s": 92100.96,
        "drainage_km2": 3916186.87,
        "role": "mouth"
      },
      "geometry": {
        "type": "LineString",
        "coordinates": [
          [
            128.671875,
            4.948449853240042
          ],
          [
            130.07812500000003,
            3.7698989651003165
          ],
          [
            131.484375,
            3.6911372184743194
          ],
          [
            132.89062499999997,
            2.577235469743098
          ],
          [
            132.89062499999997,
            1.5457660675742366
          ],
          [
            132.890625,
            0.5151595137663713
          ],
          [
            132.890625,
            -0.5151595137663713
          ],
          [
            132.89062499999997,
            -1.5457660675742366
          ],
          [
            132.89062499999997,
            -2.577235469743098
          ],
          [
            134.296875,
            -3.5269667776797418
          ],
          [
            135.703125,
            -2.517781893306122
          ],
          [
            135.703125,
            -1.510077428903488
          ],
          [
            135.703125,
            -0.5032605580907158
          ],
          [
            135.703125,
            0.5032605580907158
          ],
          [
            135.703125,
            1.510077428903488
          ],
          [
            135.703125,
            2.517781893306122
          ],
          [
            135.703125,
            3.5269667776797418
          ],
          [
            135.703125,
            4.538226548524
          ],
          [
            137.10937500000003,
            5.68258926773919
          ],
          [
            138.515625,
            6.87310630737049
          ],
          [
            139.921875,
            7.018732978777161
          ],
          [
            138.515625,
            7.940289384831535
          ],
          [
            137.10937500000003,
            8.816557402952819
          ],
          [
            135.703125,
            9.646649838348909
          ],
          [
            134.296875,
            10.683013865823861
          ],
          [
            132.890625,
            11.995024527422325
          ],
          [
            131.484375,
            13.350743296000283
          ],
          [
            130.07812500000003,
            13.625891992727608
          ]
        ]
      }
    },
    {
      "type": "Feature",
      "properties": {
        "discharge_m3_s": 7479.95,
        "drainage_km2": 95640.05,
        "role": "mouth"
      },
      "geometry": {
        "type": "LineString",
        "coordinates": [
          [
            99.140625,
            11.805623226427311
          ],
          [
            100.546875,
            11.756849920025385
          ]
        ]
      }
    },
    {
      "type": "Feature",
      "properties": {
        "discharge_m3_s": 10705.2,
        "drainage_km2": 512318.06,
        "role": "mouth"
      },
      "geometry": {
        "type": "LineString",
        "coordinates": [
          [
            130.078125,
            9.201255899113331
          ],
          [
            131.484375,
            10.087843960016205
          ],
          [
            132.89062499999997,
            10.92959786301392
          ],
          [
            131.484375,
            12.256798063955014
          ],
          [
            130.07812500000003,
            13.625891992727608
          ]
        ]
      }
    },
    {
      "type": "Feature",
      "properties": {
        "discharge_m3_s": 4183.09,
        "drainage_km2": 118766.06,
        "role": "mouth"
      },
      "geometry": {
        "type": "LineString",
        "coordinates": [
          [
            92.109375,
            14.75605631519241
          ],
          [
            93.515625,
            16.143027949163663
          ],
          [
            93.515625,
            17.5470766483852
          ]
        ]
      }
    },
    {
      "type": "Feature",
      "properties": {
        "discharge_m3_s": 7880.45,
        "drainage_km2": 118010.68,
        "role": "mouth"
      },
      "geometry": {
        "type": "LineString",
        "coordinates": [
          [
            89.296875,
            16.170720932018405
          ],
          [
            90.703125,
            17.576882896381658
          ],
          [
            90.703125,
            18.983047852805203
          ]
        ]
      }
    },
    {
      "type": "Feature",
      "properties": {
        "discharge_m3_s": 826.86,
        "drainage_km2": 109144.59,
        "role": "mouth"
      },
      "geometry": {
        "type": "LineString",
        "coordinates": [
          [
            134.296875,
            11.725712024825041
          ],
          [
            132.890625,
            13.067194173663056
          ],
          [
            131.484375,
            14.451777757327879
          ]
        ]
      }
    },
    {
      "type": "Feature",
      "properties": {
        "discharge_m3_s": 6602.95,
        "drainage_km2": 94098.04,
        "role": "mouth"
      },
      "geometry": {
        "type": "LineString",
        "coordinates": [
          [
            89.296875,
            17.576882896381658
          ],
          [
            90.703125,
            18.983047852805203
          ]
        ]
      }
    },
    {
      "type": "Feature",
      "properties": {
        "discharge_m3_s": 7961.28,
        "drainage_km2": 93327.6,
        "role": "mouth"
      },
      "geometry": {
        "type": "LineString",
        "coordinates": [
          [
            87.890625,
            18.97243111324358
          ],
          [
            87.890625,
            20.377944401534723
          ]
        ]
      }
    },
    {
      "type": "Feature",
      "properties": {
        "discharge_m3_s": 5036.98,
        "drainage_km2": 93436.05,
        "role": "mouth"
      },
      "geometry": {
        "type": "LineString",
        "coordinates": [
          [
            89.296875,
            18.983047852805203
          ],
          [
            90.703125,
            18.983047852805203
          ]
        ]
      }
    },
    {
      "type": "Feature",
      "properties": {
        "discharge_m3_s": 390.75,
        "drainage_km2": 90535.83,
        "role": "mouth"
      },
      "geometry": {
        "type": "LineString",
        "coordinates": [
          [
            132.890625,
            14.14671717690676
          ],
          [
            131.484375,
            14.451777757327879
          ]
        ]
      }
    },
    {
      "type": "Feature",
      "properties": {
        "discharge_m3_s": 3250.79,
        "drainage_km2": 1036406.89,
        "role": "mouth"
      },
      "geometry": {
        "type": "LineString",
        "coordinates": [
          [
            134.296875,
            14.898136896925582
          ],
          [
            132.890625,
            15.234209262365354
          ],
          [
            131.484375,
            14.451777757327879
          ]
        ]
      }
    },
    {
      "type": "Feature",
      "properties": {
        "discharge_m3_s": 2270.62,
        "drainage_km2": 132281.28,
        "role": "mouth"
      },
      "geometry": {
        "type": "LineString",
        "coordinates": [
          [
            131.484375,
            18.938617102496618
          ],
          [
            130.07812500000003,
            18.159516841871813
          ]
        ]
      }
    },
    {
      "type": "Feature",
      "properties": {
        "discharge_m3_s": 4918.2,
        "drainage_km2": 118770.15,
        "role": "mouth"
      },
      "geometry": {
        "type": "LineString",
        "coordinates": [
          [
            116.01562499999999,
            30.31277123349917
          ],
          [
            114.60937499999999,
            29.258110714816617
          ],
          [
            113.203125,
            28.17686397276145
          ]
        ]
      }
    },
    {
      "type": "Feature",
      "properties": {
        "discharge_m3_s": 549.12,
        "drainage_km2": 238847.35,
        "role": "mouth"
      },
      "geometry": {
        "type": "LineString",
        "coordinates": [
          [
            121.640625,
            28.98063520023317
          ],
          [
            120.234375,
            28.029250526750562
          ],
          [
            118.828125,
            27.048350410069073
          ],
          [
            117.42187499999999,
            26.037894585693426
          ],
          [
            116.01562499999999,
            24.99794424954798
          ]
        ]
      }
    },
    {
      "type": "Feature",
      "properties": {
        "discharge_m3_s": 2218.05,
        "drainage_km2": 217293.33,
        "role": "mouth"
      },
      "geometry": {
        "type": "LineString",
        "coordinates": [
          [
            120.234375,
            30.65742556200535
          ],
          [
            120.234375,
            29.339295762369044
          ],
          [
            118.828125,
            28.3609968604818
          ],
          [
            117.42187499999999,
            27.353962179632894
          ],
          [
            116.01562499999999,
            26.318153869410157
          ]
        ]
      }
    },
    {
      "type": "Feature",
      "properties": {
        "discharge_m3_s": 4639.97,
        "drainage_km2": 96409.03,
        "role": "mouth"
      },
      "geometry": {
        "type": "LineString",
        "coordinates": [
          [
            110.390625,
            34.11795174389855
          ],
          [
            108.98437500000001,
            32.97387412247273
          ]
        ]
      }
    },
    {
      "type": "Feature",
      "properties": {
        "discharge_m3_s": 5691.64,
        "drainage_km2": 116517.96,
        "role": "mouth"
      },
      "geometry": {
        "type": "LineString",
        "coordinates": [
          [
            111.796875,
            33.86649024641027
          ],
          [
            110.390625,
            32.74453594956566
          ],
          [
            108.98437500000001,
            31.599207812427785
          ]
        ]
      }
    },
    {
      "type": "Feature",
      "properties": {
        "discharge_m3_s": 4802.38,
        "drainage_km2": 94789.77,
        "role": "mouth"
      },
      "geometry": {
        "type": "LineString",
        "coordinates": [
          [
            107.578125,
            35.954170751587405
          ],
          [
            106.171875,
            34.768321935928306
          ]
        ]
      }
    },
    {
      "type": "Feature",
      "properties": {
        "discharge_m3_s": 4768.2,
        "drainage_km2": 94924.28,
        "role": "mouth"
      },
      "geometry": {
        "type": "LineString",
        "coordinates": [
          [
            108.98437500000001,
            35.73364103871523
          ],
          [
            107.578125,
            34.56874133218587
          ]
        ]
      }
    },
    {
      "type": "Feature",
      "properties": {
        "discharge_m3_s": 5185.03,
        "drainage_km2": 114862.12,
        "role": "mouth"
      },
      "geometry": {
        "type": "LineString",
        "coordinates": [
          [
            110.390625,
            35.495427237718864
          ],
          [
            108.98437500000001,
            34.351992192682054
          ],
          [
            107.57812500000001,
            33.186348008458175
          ]
        ]
      }
    },
    {
      "type": "Feature",
      "properties": {
        "discharge_m3_s": 11201.44,
        "drainage_km2": 291642.55,
        "role": "mouth"
      },
      "geometry": {
        "type": "LineString",
        "coordinates": [
          [
            116.01562499999999,
            34.36255616971752
          ],
          [
            114.60937499999999,
            34.67311271792061
          ],
          [
            113.203125,
            33.59747162107812
          ],
          [
            111.796875,
            32.49822582116459
          ],
          [
            110.390625,
            31.375085921498552
          ]
        ]
      }
    },
    {
      "type": "Feature",
      "properties": {
        "discharge_m3_s": 5090.83,
        "drainage_km2": 93047.62,
        "role": "mouth"
      },
      "geometry": {
        "type": "LineString",
        "coordinates": [
          [
            106.171875,
            37.54862412257552
          ],
          [
            104.765625,
            36.342745144192484
          ]
        ]
      }
    },
    {
      "type": "Feature",
      "properties": {
        "discharge_m3_s": 4651.71,
        "drainage_km2": 93239.36,
        "role": "mouth"
      },
      "geometry": {
        "type": "LineString",
        "coordinates": [
          [
            107.578125,
            37.342695489540596
          ],
          [
            106.171875,
            36.1571605037103
          ]
        ]
      }
    },
    {
      "type": "Feature",
      "properties": {
        "discharge_m3_s": 4839.78,
        "drainage_km2": 91489.06,
        "role": "mouth"
      },
      "geometry": {
        "type": "LineString",
        "coordinates": [
          [
            104.765625,
            39.133147569898576
          ],
          [
            103.359375,
            37.907466221334424
          ]
        ]
      }
    },
    {
      "type": "Feature",
      "properties": {
        "discharge_m3_s": 6510.01,
        "drainage_km2": 90320.87,
        "role": "mouth"
      },
      "geometry": {
        "type": "LineString",
        "coordinates": [
          [
            101.953125,
            40.861987567149406
          ],
          [
            100.546875,
            39.59790652125546
          ]
        ]
      }
    },
    {
      "type": "Feature",
      "properties": {
        "discharge_m3_s": 102.85,
        "drainage_km2": 112701.47,
        "role": "mouth"
      },
      "geometry": {
        "type": "LineString",
        "coordinates": [
          [
            58.35937500000001,
            38.33936242147962
          ],
          [
            56.95312500000001,
            36.545515389310296
          ]
        ]
      }
    },
    {
      "type": "Feature",
      "properties": {
        "discharge_m3_s": 585.69,
        "drainage_km2": 127637.83,
        "role": "mouth"
      },
      "geometry": {
        "type": "LineString",
        "coordinates": [
          [
            -82.265625,
            -44.03517382675018
          ],
          [
            -83.51594493861448,
            -45.51932718293826
          ]
        ]
      }
    },
    {
      "type": "Feature",
      "properties": {
        "discharge_m3_s": 15519.47,
        "drainage_km2": 198439.32,
        "role": "mouth"
      },
      "geometry": {
        "type": "LineString",
        "coordinates": [
          [
            -89.296875,
            -35.85732668811092
          ],
          [
            -90.703125,
            -34.45111236155888
          ],
          [
            -92.109375,
            -35.84093823358373
          ]
        ]
      }
    },
    {
      "type": "Feature",
      "properties": {
        "discharge_m3_s": 276.74,
        "drainage_km2": 146518.58,
        "role": "mouth"
      },
      "geometry": {
        "type": "LineString",
        "coordinates": [
          [
            -83.67187500000001,
            -31.48444902371497
          ],
          [
            -82.265625,
            -32.80796843222523
          ]
        ]
      }
    },
    {
      "type": "Feature",
      "properties": {
        "discharge_m3_s": 8539.64,
        "drainage_km2": 88079.03,
        "role": "mouth"
      },
      "geometry": {
        "type": "LineString",
        "coordinates": [
          [
            -80.859375,
            -27.123647269520184
          ],
          [
            -79.453125,
            -28.417617044281506
          ]
        ]
      }
    },
    {
      "type": "Feature",
      "properties": {
        "discharge_m3_s": 1030.24,
        "drainage_km2": 308618.55,
        "role": "mouth"
      },
      "geometry": {
        "type": "LineString",
        "coordinates": [
          [
            -89.296875,
            -26.013924406946888
          ],
          [
            -90.703125,
            -26.013924406946888
          ],
          [
            -92.109375,
            -27.40600155697784
          ]
        ]
      }
    },
    {
      "type": "Feature",
      "properties": {
        "discharge_m3_s": 11184.27,
        "drainage_km2": 110600.67,
        "role": "mouth"
      },
      "geometry": {
        "type": "LineString",
        "coordinates": [
          [
            -80.859375,
            -25.728134432153915
          ],
          [
            -79.453125,
            -27.024753730921375
          ],
          [
            -79.453125,
            -28.417617044281506
          ]
        ]
      }
    },
    {
      "type": "Feature",
      "properties": {
        "discharge_m3_s": 10298.09,
        "drainage_km2": 88886.17,
        "role": "mouth"
      },
      "geometry": {
        "type": "LineString",
        "coordinates": [
          [
            -79.453125,
            -25.632833042744895
          ],
          [
            -78.046875,
            -26.9116899159817
          ]
        ]
      }
    },
    {
      "type": "Feature",
      "properties": {
        "discharge_m3_s": 215.59,
        "drainage_km2": 90283.04,
        "role": "mouth"
      },
      "geometry": {
        "type": "LineString",
        "coordinates": [
          [
            -90.703125,
            -24.607741578169723
          ],
          [
            -92.109375,
            -26.000319425881916
          ]
        ]
      }
    },
    {
      "type": "Feature",
      "properties": {
        "discharge_m3_s": 607.14,
        "drainage_km2": 91170.54,
        "role": "mouth"
      },
      "geometry": {
        "type": "LineString",
        "coordinates": [
          [
            -90.703125,
            -23.20156268415874
          ],
          [
            -92.109375,
            -24.594674144208682
          ]
        ]
      }
    },
    {
      "type": "Feature",
      "properties": {
        "discharge_m3_s": 2781.66,
        "drainage_km2": 381038.42,
        "role": "mouth"
      },
      "geometry": {
        "type": "LineString",
        "coordinates": [
          [
            -108.984375,
            -20.714418538886704
          ],
          [
            -110.390625,
            -21.89048499924298
          ]
        ]
      }
    },
    {
      "type": "Feature",
      "properties": {
        "discharge_m3_s": 932.99,
        "drainage_km2": 92003.25,
        "role": "mouth"
      },
      "geometry": {
        "type": "LineString",
        "coordinates": [
          [
            -90.703125,
            -21.795387553610563
          ],
          [
            -92.109375,
            -23.189064254685615
          ]
        ]
      }
    },
    {
      "type": "Feature",
      "properties": {
        "discharge_m3_s": 1561.49,
        "drainage_km2": 90782.23,
        "role": "mouth"
      },
      "geometry": {
        "type": "LineString",
        "coordinates": [
          [
            -101.953125,
            -19.983835204442656
          ],
          [
            -103.359375,
            -21.260347894203576
          ]
        ]
      }
    },
    {
      "type": "Feature",
      "properties": {
        "discharge_m3_s": 1845.21,
        "drainage_km2": 91166.22,
        "role": "mouth"
      },
      "geometry": {
        "type": "LineString",
        "coordinates": [
          [
            -100.546875,
            -20.073848019323748
          ],
          [
            -101.953125,
            -21.367282659985513
          ]
        ]
      }
    },
    {
      "type": "Feature",
      "properties": {
        "discharge_m3_s": 2896.39,
        "drainage_km2": 91784.9,
        "role": "mouth"
      },
      "geometry": {
        "type": "LineString",
        "coordinates": [
          [
            -100.546875,
            -18.68607711581623
          ],
          [
            -99.140625,
            -20.152643342361667
          ]
        ]
      }
    },
    {
      "type": "Feature",
      "properties": {
        "discharge_m3_s": 2904.93,
        "drainage_km2": 92149.23,
        "role": "mouth"
      },
      "geometry": {
        "type": "LineString",
        "coordinates": [
          [
            -99.140625,
            -18.76026135933841
          ],
          [
            -99.140625,
            -20.152643342361667
          ]
        ]
      }
    },
    {
      "type": "Feature",
      "properties": {
        "discharge_m3_s": 1636.22,
        "drainage_km2": 92470.34,
        "role": "mouth"
      },
      "geometry": {
        "type": "LineString",
        "coordinates": [
          [
            -97.734375,
            -18.823879062672834
          ],
          [
            -99.140625,
            -20.152643342361667
          ]
        ]
      }
    },
    {
      "type": "Feature",
      "properties": {
        "discharge_m3_s": 720.49,
        "drainage_km2": 93526.69,
        "role": "mouth"
      },
      "geometry": {
        "type": "LineString",
        "coordinates": [
          [
            -92.109375,
            -18.97243111324358
          ],
          [
            -93.515625,
            -20.355403042062857
          ]
        ]
      }
    },
    {
      "type": "Feature",
      "properties": {
        "discharge_m3_s": 217.32,
        "drainage_km2": 94174.06,
        "role": "mouth"
      },
      "geometry": {
        "type": "LineString",
        "coordinates": [
          [
            -93.515625,
            -17.547076648385197
          ],
          [
            -94.92187500000001,
            -18.919359126838213
          ]
        ]
      }
    },
    {
      "type": "Feature",
      "properties": {
        "discharge_m3_s": 13007.44,
        "drainage_km2": 2116791.36,
        "role": "mouth"
      },
      "geometry": {
        "type": "LineString",
        "coordinates": [
          [
            -93.515625,
            -16.143027949163674
          ],
          [
            -94.92187500000001,
            -17.51727855429943
          ],
          [
            -96.328125,
            -18.87691565303735
          ]
        ]
      }
    },
    {
      "type": "Feature",
      "properties": {
        "discharge_m3_s": 9078.89,
        "drainage_km2": 92293.43,
        "role": "mouth"
      },
      "geometry": {
        "type": "LineString",
        "coordinates": [
          [
            -80.859375,
            -15.977058356513114
          ],
          [
            -79.453125,
            -15.912602335088899
          ]
        ]
      }
    },
    {
      "type": "Feature",
      "properties": {
        "discharge_m3_s": 13007.44,
        "drainage_km2": 2116791.36,
        "role": "mouth"
      },
      "geometry": {
        "type": "LineString",
        "coordinates": [
          [
            -94.92187500000001,
            -14.713544805973491
          ],
          [
            -94.92187500000001,
            -16.115343903838603
          ],
          [
            -94.92187500000001,
            -17.51727855429943
          ],
          [
            -96.328125,
            -18.87691565303735
          ]
        ]
      }
    },
    {
      "type": "Feature",
      "properties": {
        "discharge_m3_s": 13007.44,
        "drainage_km2": 2116791.36,
        "role": "mouth"
      },
      "geometry": {
        "type": "LineString",
        "coordinates": [
          [
            -93.515625,
            -14.739048579426544
          ],
          [
            -94.92187500000001,
            -16.115343903838603
          ],
          [
            -94.92187500000001,
            -17.51727855429943
          ],
          [
            -96.328125,
            -18.87691565303735
          ]
        ]
      }
    },
    {
      "type": "Feature",
      "properties": {
        "discharge_m3_s": 9439.6,
        "drainage_km2": 92983.98,
        "role": "mouth"
      },
      "geometry": {
        "type": "LineString",
        "coordinates": [
          [
            -80.859375,
            -14.586167322779517
          ],
          [
            -79.453125,
            -15.912602335088899
          ]
        ]
      }
    },
    {
      "type": "Feature",
      "properties": {
        "discharge_m3_s": 13007.44,
        "drainage_km2": 2116791.36,
        "role": "mouth"
      },
      "geometry": {
        "type": "LineString",
        "coordinates": [
          [
            -94.92187500000001,
            -13.3118705707591
          ],
          [
            -96.328125,
            -14.679554411664174
          ],
          [
            -94.92187500000001,
            -16.115343903838603
          ],
          [
            -94.92187500000001,
            -17.51727855429943
          ],
          [
            -96.328125,
            -18.87691565303735
          ]
        ]
      }
    },
    {
      "type": "Feature",
      "properties": {
        "discharge_m3_s": 9408.25,
        "drainage_km2": 93620.36,
        "role": "mouth"
      },
      "geometry": {
        "type": "LineString",
        "coordinates": [
          [
            -80.859375,
            -13.195701468183225
          ],
          [
            -79.453125,
            -14.526805451274626
          ]
        ]
      }
    },
    {
      "type": "Feature",
      "properties": {
        "discharge_m3_s": 13007.44,
        "drainage_km2": 2116791.36,
        "role": "mouth"
      },
      "geometry": {
        "type": "LineString",
        "coordinates": [
          [
            -99.140625,
            -11.805623226427311
          ],
          [
            -97.734375,
            -11.847469777853199
          ],
          [
            -96.328125,
            -13.280868751637215
          ],
          [
            -96.328125,
            -14.679554411664174
          ],
          [
            -94.92187500000001,
            -16.115343903838603
          ],
          [
            -94.92187500000001,
            -17.51727855429943
          ],
          [
            -96.328125,
            -18.87691565303735
          ]
        ]
      }
    },
    {
      "type": "Feature",
      "properties": {
        "discharge_m3_s": 13007.44,
        "drainage_km2": 2116791.36,
        "role": "mouth"
      },
      "geometry": {
        "type": "LineString",
        "coordinates": [
          [
            -96.328125,
            -11.882370678645847
          ],
          [
            -96.328125,
            -13.280868751637215
          ],
          [
            -96.328125,
            -14.679554411664174
          ],
          [
            -94.92187500000001,
            -16.115343903838603
          ],
          [
            -94.92187500000001,
            -17.51727855429943
          ],
          [
            -96.328125,
            -18.87691565303735
          ]
        ]
      }
    },
    {
      "type": "Feature",
      "properties": {
        "discharge_m3_s": 8762.41,
        "drainage_km2": 94416.5,
        "role": "mouth"
      },
      "geometry": {
        "type": "LineString",
        "coordinates": [
          [
            -82.265625,
            -11.847469777853199
          ],
          [
            -80.859375,
            -11.805623226427311
          ]
        ]
      }
    },
    {
      "type": "Feature",
      "properties": {
        "discharge_m3_s": 120.46,
        "drainage_km2": 109793.75,
        "role": "mouth"
      },
      "geometry": {
        "type": "LineString",
        "coordinates": [
          [
            -116.01562499999999,
            -9.498743469787621
          ],
          [
            -117.42187500000001,
            -8.128152901889598
          ],
          [
            -118.828125,
            -6.785413154688967
          ]
        ]
      }
    },
    {
      "type": "Feature",
      "properties": {
        "discharge_m3_s": 13007.44,
        "drainage_km2": 2116791.36,
        "role": "mouth"
      },
      "geometry": {
        "type": "LineString",
        "coordinates": [
          [
            -97.734375,
            -10.453050535228861
          ],
          [
            -97.734375,
            -11.847469777853199
          ],
          [
            -96.328125,
            -13.280868751637215
          ],
          [
            -96.328125,
            -14.679554411664174
          ],
          [
            -94.92187500000001,
            -16.115343903838603
          ],
          [
            -94.92187500000001,
            -17.51727855429943
          ],
          [
            -96.328125,
            -18.87691565303735
          ]
        ]
      }
    },
    {
      "type": "Feature",
      "properties": {
        "discharge_m3_s": 13007.44,
        "drainage_km2": 2116791.36,
        "role": "mouth"
      },
      "geometry": {
        "type": "LineString",
        "coordinates": [
          [
            -96.328125,
            -10.484041637512746
          ],
          [
            -97.734375,
            -11.847469777853199
          ],
          [
            -96.328125,
            -13.280868751637215
          ],
          [
            -96.328125,
            -14.679554411664174
          ],
          [
            -94.92187500000001,
            -16.115343903838603
          ],
          [
            -94.92187500000001,
            -17.51727855429943
          ],
          [
            -96.328125,
            -18.87691565303735
          ]
        ]
      }
    },
    {
      "type": "Feature",
      "properties": {
        "discharge_m3_s": 8724.19,
        "drainage_km2": 94953.2,
        "role": "mouth"
      },
      "geometry": {
        "type": "LineString",
        "coordinates": [
          [
            -82.265625,
            -10.453050535228861
          ],
          [
            -80.859375,
            -11.805623226427311
          ]
        ]
      }
    },
    {
      "type": "Feature",
      "properties": {
        "discharge_m3_s": 262.14,
        "drainage_km2": 178117.56,
        "role": "mouth"
      },
      "geometry": {
        "type": "LineString",
        "coordinates": [
          [
            -116.01562499999999,
            -8.227824299110932
          ],
          [
            -117.42187500000001,
            -6.874170498201403
          ],
          [
            -118.828125,
            -6.785413154688967
          ]
        ]
      }
    },
    {
      "type": "Feature",
      "properties": {
        "discharge_m3_s": 482.22,
        "drainage_km2": 178616.99,
        "role": "mouth"
      },
      "geometry": {
        "type": "LineString",
        "coordinates": [
          [
            -114.60937499999999,
            -8.322559711848127
          ],
          [
            -116.01562499999999,
            -6.9587950859568855
          ],
          [
            -117.42187500000001,
            -5.621934419899613
          ],
          [
            -118.828125,
            -6.785413154688967
          ]
        ]
      }
    },
    {
      "type": "Feature",
      "properties": {
        "discharge_m3_s": 13007.44,
        "drainage_km2": 2116791.36,
        "role": "mouth"
      },
      "geometry": {
        "type": "LineString",
        "coordinates": [
          [
            -103.359375,
            -8.89729004578296
          ],
          [
            -101.953125,
            -8.94567203404487
          ],
          [
            -100.546875,
            -8.98874110536948
          ],
          [
            -99.140625,
            -10.415894160748397
          ],
          [
            -97.734375,
            -11.847469777853199
          ],
          [
            -96.328125,
            -13.280868751637215
          ],
          [
            -96.328125,
            -14.679554411664174
          ],
          [
            -94.92187500000001,
            -16.115343903838603
          ],
          [
            -94.92187500000001,
            -17.51727855429943
          ],
          [
            -96.328125,
            -18.87691565303735
          ]
        ]
      }
    },
    {
      "type": "Feature",
      "properties": {
        "discharge_m3_s": 13007.44,
        "drainage_km2": 2116791.36,
        "role": "mouth"
      },
      "geometry": {
        "type": "LineString",
        "coordinates": [
          [
            -97.734375,
            -9.058854454147106
          ],
          [
            -99.140625,
            -10.415894160748397
          ],
          [
            -97.734375,
            -11.847469777853199
          ],
          [
            -96.328125,
            -13.280868751637215
          ],
          [
            -96.328125,
            -14.679554411664174
          ],
          [
            -94.92187500000001,
            -16.115343903838603
          ],
          [
            -94.92187500000001,
            -17.51727855429943
          ],
          [
            -96.328125,
            -18.87691565303735
          ]
        ]
      }
    },
    {
      "type": "Feature",
      "properties": {
        "discharge_m3_s": 6881.83,
        "drainage_km2": 95615.17,
        "role": "mouth"
      },
      "geometry": {
        "type": "LineString",
        "coordinates": [
          [
            -83.67187500000001,
            -9.085862679419483
          ],
          [
            -82.265625,
            -7.664852820705814
          ]
        ]
      }
    },
    {
      "type": "Feature",
      "properties": {
        "discharge_m3_s": 9747.74,
        "drainage_km2": 95434.2,
        "role": "mouth"
      },
      "geometry": {
        "type": "LineString",
        "coordinates": [
          [
            -82.265625,
            -9.058854454147106
          ],
          [
            -80.859375,
            -10.415894160748397
          ]
        ]
      }
    },
    {
      "type": "Feature",
      "properties": {
        "discharge_m3_s": 753.57,
        "drainage_km2": 179052.0,
        "role": "mouth"
      },
      "geometry": {
        "type": "LineString",
        "coordinates": [
          [
            -114.60937499999999,
            -7.0392400236765535
          ],
          [
            -116.01562500000001,
            -5.691368423206242
          ],
          [
            -117.42187500000001,
            -4.371129292061819
          ],
          [
            -118.828125,
            -5.549118280655495
          ]
        ]
      }
    },
    {
      "type": "Feature",
      "properties": {
        "discharge_m3_s": 9367.5,
        "drainage_km2": 766464.23,
        "role": "mouth"
      },
      "geometry": {
        "type": "LineString",
        "coordinates": [
          [
            -113.20312500000001,
            -7.115460866528651
          ],
          [
            -114.60937499999999,
            -5.757380705166674
          ],
          [
            -116.01562499999999,
            -4.425255211312163
          ],
          [
            -117.42187500000001,
            -3.1214384474366446
          ],
          [
            -118.828125,
            -4.314372369025418
          ]
        ]
      }
    },
    {
      "type": "Feature",
      "properties": {
        "discharge_m3_s": 13007.44,
        "drainage_km2": 2116791.36,
        "role": "mouth"
      },
      "geometry": {
        "type": "LineString",
        "coordinates": [
          [
            -99.140625,
            -7.63732598523329
          ],
          [
            -99.140625,
            -9.026475051525084
          ],
          [
            -99.140625,
            -10.415894160748397
          ],
          [
            -97.734375,
            -11.847469777853199
          ],
          [
            -96.328125,
            -13.280868751637215
          ],
          [
            -96.328125,
            -14.679554411664174
          ],
          [
            -94.92187500000001,
            -16.115343903838603
          ],
          [
            -94.92187500000001,
            -17.51727855429943
          ],
          [
            -96.328125,
            -18.87691565303735
          ]
        ]
      }
    },
    {
      "type": "Feature",
      "properties": {
        "discharge_m3_s": 10166.99,
        "drainage_km2": 96046.08,
        "role": "mouth"
      },
      "geometry": {
        "type": "LineString",
        "coordinates": [
          [
            -83.67187500000001,
            -7.687814506277681
          ],
          [
            -82.265625,
            -7.664852820705814
          ]
        ]
      }
    },
    {
      "type": "Feature",
      "properties": {
        "discharge_m3_s": 13007.44,
        "drainage_km2": 2116791.36,
        "role": "mouth"
      },
      "geometry": {
        "type": "LineString",
        "coordinates": [
          [
            -101.953125,
            -6.191992124823371
          ],
          [
            -100.546875,
            -7.605248830323058
          ],
          [
            -99.140625,
            -9.026475051525084
          ],
          [
            -99.140625,
            -10.415894160748397
          ],
          [
            -97.734375,
            -11.847469777853199
          ],
          [
            -96.328125,
            -13.280868751637215
          ],
          [
            -96.328125,
            -14.679554411664174
          ],
          [
            -94.92187500000001,
            -16.115343903838603
          ],
          [
            -94.92187500000001,
            -17.51727855429943
          ],
          [
            -96.328125,
            -18.87691565303735
          ]
        ]
      }
    },
    {
      "type": "Feature",
      "properties": {
        "discharge_m3_s": 9367.5,
        "drainage_km2": 766464.23,
        "role": "mouth"
      },
      "geometry": {
        "type": "LineString",
        "coordinates": [
          [
            -111.796875,
            -3.2648437673735415
          ],
          [
            -113.20312500000001,
            -4.525489431855929
          ],
          [
            -114.60937499999999,
            -4.476718578385983
          ],
          [
            -116.01562499999999,
            -3.1601649793010615
          ],
          [
            -117.42187500000001,
            -3.1214384474366446
          ],
          [
            -118.828125,
            -4.314372369025418
          ]
        ]
      }
    },
    {
      "type": "Feature",
      "properties": {
        "discharge_m3_s": 9367.5,
        "drainage_km2": 766464.23,
        "role": "mouth"
      },
      "geometry": {
        "type": "LineString",
        "coordinates": [
          [
            -111.796875,
            -1.9586894968854625
          ],
          [
            -113.203125,
            -3.231888866356929
          ],
          [
            -114.60937499999999,
            -4.476718578385983
          ],
          [
            -116.01562499999999,
            -3.1601649793010615
          ],
          [
            -117.42187500000001,
            -3.1214384474366446
          ],
          [
            -118.828125,
            -4.314372369025418
          ]
        ]
      }
    },
    {
      "type": "Feature",
      "properties": {
        "discharge_m3_s": 26957.96,
        "drainage_km2": 995321.5,
        "role": "mouth"
      },
      "geometry": {
        "type": "LineString",
        "coordinates": [
          [
            -110.390625,
            -1.9773079007870582
          ],
          [
            -110.390625,
            -0.6590705090158199
          ],
          [
            -110.390625,
            0.6590705090158199
          ],
          [
            -110.390625,
            1.9773079007870582
          ],
          [
            -110.390625,
            3.295834266043625
          ],
          [
            -110.390625,
            4.614841761058048
          ],
          [
            -110.390625,
            5.934521802074771
          ],
          [
            -108.984375,
            7.318371227559285
          ],
          [
            -107.578125,
            8.720530635291784
          ],
          [
            -106.17187500000001,
            10.138369771703879
          ]
        ]
      }
    },
    {
      "type": "Feature",
      "properties": {
        "discharge_m3_s": 26957.96,
        "drainage_km2": 995321.5,
        "role": "mouth"
      },
      "geometry": {
        "type": "LineString",
        "coordinates": [
          [
            -106.17187500000001,
            -2.025979114457455
          ],
          [
            -107.578125,
            -0.6702963785396038
          ],
          [
            -108.984375,
            0.6648836827225253
          ],
          [
            -110.390625,
            1.9773079007870582
          ],
          [
            -110.390625,
            3.295834266043625
          ],
          [
            -110.390625,
            4.614841761058048
          ],
          [
            -110.390625,
            5.934521802074771
          ],
          [
            -108.984375,
            7.318371227559285
          ],
          [
            -107.578125,
            8.720530635291784
          ],
          [
            -106.17187500000001,
            10.138369771703879
          ]
        ]
      }
    },
    {
      "type": "Feature",
      "properties": {
        "discharge_m3_s": 26957.96,
        "drainage_km2": 995321.5,
        "role": "mouth"
      },
      "geometry": {
        "type": "LineString",
        "coordinates": [
          [
            -108.984375,
            -0.6648836827225253
          ],
          [
            -110.390625,
            0.6590705090158199
          ],
          [
            -110.390625,
            1.9773079007870582
          ],
          [
            -110.390625,
            3.295834266043625
          ],
          [
            -110.390625,
            4.614841761058048
          ],
          [
            -110.390625,
            5.934521802074771
          ],
          [
            -108.984375,
            7.318371227559285
          ],
          [
            -107.578125,
            8.720530635291784
          ],
          [
            -106.17187500000001,
            10.138369771703879
          ]
        ]
      }
    },
    {
      "type": "Feature",
      "properties": {
        "discharge_m3_s": 11211.59,
        "drainage_km2": 335788.81,
        "role": "mouth"
      },
      "geometry": {
        "type": "LineString",
        "coordinates": [
          [
            -101.953125,
            -0.6878808824656557
          ],
          [
            -101.953125,
            0.6878808824656557
          ],
          [
            -100.546875,
            2.0737695195465657
          ],
          [
            -99.140625,
            3.4710914001043998
          ],
          [
            -97.734375,
            3.4837212053575555
          ]
        ]
      }
    },
    {
      "type": "Feature",
      "properties": {
        "discharge_m3_s": 4008.18,
        "drainage_km2": 89972.74,
        "role": "mouth"
      },
      "geometry": {
        "type": "LineString",
        "coordinates": [
          [
            -45.70312500000001,
            -0.5032605580907158
          ],
          [
            -44.296875,
            -1.510077428903488
          ]
        ]
      }
    },
    {
      "type": "Feature",
      "properties": {
        "discharge_m3_s": 2960.01,
        "drainage_km2": 89226.16,
        "role": "mouth"
      },
      "geometry": {
        "type": "LineString",
        "coordinates": [
          [
            -47.10937500000001,
            0.5151595137663713
          ],
          [
            -48.51562500000001,
            -0.5267481300567584
          ]
        ]
      }
    },
    {
      "type": "Feature",
      "properties": {
        "discharge_m3_s": 2726.23,
        "drainage_km2": 89303.04,
        "role": "mouth"
      },
      "geometry": {
        "type": "LineString",
        "coordinates": [
          [
            -48.51562500000001,
            1.5805228778176443
          ],
          [
            -49.921875,
            0.5380194289261486
          ]
        ]
      }
    },
    {
      "type": "Feature",
      "properties": {
        "discharge_m3_s": 3539.39,
        "drainage_km2": 107605.37,
        "role": "mouth"
      },
      "geometry": {
        "type": "LineString",
        "coordinates": [
          [
            -47.109375000000014,
            1.5457660675742366
          ],
          [
            -48.51562500000001,
            0.5267481300567584
          ],
          [
            -49.921875,
            -0.5380194289261486
          ]
        ]
      }
    },
    {
      "type": "Feature",
      "properties": {
        "discharge_m3_s": 26957.96,
        "drainage_km2": 995321.5,
        "role": "mouth"
      },
      "geometry": {
        "type": "LineString",
        "coordinates": [
          [
            -108.98437500000001,
            4.655371356790997
          ],
          [
            -110.390625,
            5.934521802074771
          ],
          [
            -108.984375,
            7.318371227559285
          ],
          [
            -107.578125,
            8.720530635291784
          ],
          [
            -106.17187500000001,
            10.138369771703879
          ]
        ]
      }
    },
    {
      "type": "Feature",
      "properties": {
        "discharge_m3_s": 11660.83,
        "drainage_km2": 225093.99,
        "role": "mouth"
      },
      "geometry": {
        "type": "LineString",
        "coordinates": [
          [
            -111.796875,
            5.878991897276994
          ],
          [
            -110.390625,
            7.255064767408375
          ],
          [
            -108.984375,
            8.651175071721473
          ],
          [
            -107.578125,
            10.0647064336311
          ],
          [
            -106.17187500000001,
            10.138369771703879
          ]
        ]
      }
    },
    {
      "type": "Feature",
      "properties": {
        "discharge_m3_s": 1503.73,
        "drainage_km2": 95643.09,
        "role": "mouth"
      },
      "geometry": {
        "type": "LineString",
        "coordinates": [
          [
            -54.140625,
            5.135831171569976
          ],
          [
            -55.546875,
            4.061720379305512
          ]
        ]
      }
    },
    {
      "type": "Feature",
      "properties": {
        "discharge_m3_s": 2749.33,
        "drainage_km2": 128975.92,
        "role": "mouth"
      },
      "geometry": {
        "type": "LineString",
        "coordinates": [
          [
            -49.92187499999999,
            4.850240224039029
          ],
          [
            -51.32812500000001,
            3.846382556593785
          ],
          [
            -52.734375,
            2.7991516017223677
          ],
          [
            -54.140625,
            1.7098232002111777
          ]
        ]
      }
    },
    {
      "type": "Feature",
      "properties": {
        "discharge_m3_s": 5427.64,
        "drainage_km2": 232475.06,
        "role": "mouth"
      },
      "geometry": {
        "type": "LineString",
        "coordinates": [
          [
            -47.10937500000001,
            4.645068672663116
          ],
          [
            -47.109375000000014,
            3.6101438490860374
          ],
          [
            -48.51562500000001,
            2.6351333003838877
          ],
          [
            -49.92187499999999,
            1.6143269913522404
          ],
          [
            -51.32812500000001,
            0.5489666236092344
          ]
        ]
      }
    },
    {
      "type": "Feature",
      "properties": {
        "discharge_m3_s": 2397.83,
        "drainage_km2": 129127.25,
        "role": "mouth"
      },
      "geometry": {
        "type": "LineString",
        "coordinates": [
          [
            -49.92187499999999,
            5.933004484077408
          ],
          [
            -51.32812500000001,
            4.948449853240042
          ],
          [
            -52.734375,
            3.9205428720296784
          ],
          [
            -54.14062499999999,
            2.85049067704607
          ]
        ]
      }
    },
    {
      "type": "Feature",
      "properties": {
        "discharge_m3_s": 4063.75,
        "drainage_km2": 99395.98,
        "role": "mouth"
      },
      "geometry": {
        "type": "LineString",
        "coordinates": [
          [
            -55.546875,
            8.72826942349342
          ],
          [
            -56.95312500000001,
            7.681216759615104
          ]
        ]
      }
    },
    {
      "type": "Feature",
      "properties": {
        "discharge_m3_s": 5380.14,
        "drainage_km2": 138054.05,
        "role": "mouth"
      },
      "geometry": {
        "type": "LineString",
        "coordinates": [
          [
            -52.73437500000001,
            9.563378783138774
          ],
          [
            -54.140625,
            8.58092698374741
          ],
          [
            -55.54687500000001,
            7.557722457774965
          ],
          [
            -56.95312500000001,
            6.494850128539021
          ]
        ]
      }
    },
    {
      "type": "Feature",
      "properties": {
        "discharge_m3_s": 14980.63,
        "drainage_km2": 872701.62,
        "role": "mouth"
      },
      "geometry": {
        "type": "LineString",
        "coordinates": [
          [
            -48.51562500000001,
            14.451777757327879
          ],
          [
            -49.92187499999999,
            13.625891992727608
          ],
          [
            -49.92187499999999,
            12.510907268040706
          ],
          [
            -49.921875,
            11.402175110744663
          ],
          [
            -48.51562500000001,
            10.087843960016205
          ],
          [
            -49.921875,
            9.201255899113331
          ],
          [
            -51.32812500000001,
            8.270693019073429
          ],
          [
            -52.734375,
            7.297084926690823
          ],
          [
            -54.140625,
            6.281446935919767
          ],
          [
            -55.546875,
            5.22489423935452
          ]
        ]
      }
    },
    {
      "type": "Feature",
      "properties": {
        "discharge_m3_s": 21898.71,
        "drainage_km2": 444136.19,
        "role": "mouth"
      },
      "geometry": {
        "type": "LineString",
        "coordinates": [
          [
            -45.70312500000001,
            15.97253164059579
          ],
          [
            -44.296875,
            17.056475999732
          ],
          [
            -42.890625,
            16.330291647267906
          ],
          [
            -41.484375,
            15.56048904974936
          ]
        ]
      }
    },
    {
      "type": "Feature",
      "properties": {
        "discharge_m3_s": 7191.79,
        "drainage_km2": 97490.81,
        "role": "mouth"
      },
      "geometry": {
        "type": "LineString",
        "coordinates": [
          [
            -52.73437500000001,
            23.654567767784194
          ],
          [
            -54.140625,
            25.28363926662692
          ]
        ]
      }
    },
    {
      "type": "Feature",
      "properties": {
        "discharge_m3_s": 3735.89,
        "drainage_km2": 124470.58,
        "role": "mouth"
      },
      "geometry": {
        "type": "LineString",
        "coordinates": [
          [
            -65.390625,
            27.91817202244386
          ],
          [
            -63.984375,
            26.318153869410157
          ],
          [
            -63.984375,
            24.99794424954798
          ]
        ]
      }
    },
    {
      "type": "Feature",
      "properties": {
        "discharge_m3_s": 26.07,
        "drainage_km2": 120158.71,
        "role": "mouth"
      },
      "geometry": {
        "type": "LineString",
        "coordinates": [
          [
            -63.984375,
            28.975358385961627
          ],
          [
            -62.57812500000001,
            27.353962179632894
          ],
          [
            -62.57812500000001,
            26.037894585693426
          ]
        ]
      }
    },
    {
      "type": "Feature",
      "properties": {
        "discharge_m3_s": 2560.92,
        "drainage_km2": 508183.16,
        "role": "mouth"
      },
      "geometry": {
        "type": "LineString",
        "coordinates": [
          [
            -71.015625,
            32.97387412247273
          ],
          [
            -69.60937500000001,
            31.375085921498552
          ],
          [
            -68.203125,
            31.134472518108364
          ],
          [
            -66.796875,
            30.87727759795857
          ],
          [
            -65.390625,
            29.258110714816617
          ],
          [
            -63.984375,
            27.643887414276026
          ],
          [
            -62.57812500000001,
            26.037894585693426
          ]
        ]
      }
    },
    {
      "type": "Feature",
      "properties": {
        "discharge_m3_s": 18878.99,
        "drainage_km2": 1761060.11,
        "role": "mouth"
      },
      "geometry": {
        "type": "LineString",
        "coordinates": [
          [
            -62.57812500000001,
            32.683632280049565
          ],
          [
            -63.984375,
            31.65632071395398
          ],
          [
            -63.984375,
            30.31277123349917
          ],
          [
            -62.57812500000001,
            28.67634361745421
          ],
          [
            -61.17187499999999,
            27.048350410069073
          ],
          [
            -62.57812500000001,
            26.037894585693426
          ]
        ]
      }
    },
    {
      "type": "Feature",
      "properties": {
        "discharge_m3_s": 18878.99,
        "drainage_km2": 1761060.11,
        "role": "mouth"
      },
      "geometry": {
        "type": "LineString",
        "coordinates": [
          [
            -63.984375,
            34.36255616971752
          ],
          [
            -63.984375,
            33.006191233400884
          ],
          [
            -63.984375,
            31.65632071395398
          ],
          [
            -63.984375,
            30.31277123349917
          ],
          [
            -62.57812500000001,
            28.67634361745421
          ],
          [
            -61.17187499999999,
            27.048350410069073
          ],
          [
            -62.57812500000001,
            26.037894585693426
          ]
        ]
      }
    },
    {
      "type": "Feature",
      "properties": {
        "discharge_m3_s": 18878.99,
        "drainage_km2": 1761060.11,
        "role": "mouth"
      },
      "geometry": {
        "type": "LineString",
        "coordinates": [
          [
            -63.984375,
            35.725577179263425
          ],
          [
            -65.390625,
            34.67311271792061
          ],
          [
            -63.984375,
            33.006191233400884
          ],
          [
            -63.984375,
            31.65632071395398
          ],
          [
            -63.984375,
            30.31277123349917
          ],
          [
            -62.57812500000001,
            28.67634361745421
          ],
          [
            -61.17187499999999,
            27.048350410069073
          ],
          [
            -62.57812500000001,
            26.037894585693426
          ]
        ]
      }
    },
    {
      "type": "Feature",
      "properties": {
        "discharge_m3_s": 18878.99,
        "drainage_km2": 1761060.11,
        "role": "mouth"
      },
      "geometry": {
        "type": "LineString",
        "coordinates": [
          [
            -59.765625,
            36.01599435815368
          ],
          [
            -61.17187499999999,
            35.03655258112216
          ],
          [
            -62.57812500000001,
            34.03347722245971
          ],
          [
            -63.984375,
            33.006191233400884
          ],
          [
            -63.984375,
            31.65632071395398
          ],
          [
            -63.984375,
            30.31277123349917
          ],
          [
            -62.57812500000001,
            28.67634361745421
          ],
          [
            -61.17187499999999,
            27.048350410069073
          ],
          [
            -62.57812500000001,
            26.037894585693426
          ]
        ]
      }
    },
    {
      "type": "Feature",
      "properties": {
        "discharge_m3_s": 73995.73,
        "drainage_km2": 1584849.65,
        "role": "mouth"
      },
      "geometry": {
        "type": "LineString",
        "coordinates": [
          [
            -54.140625,
            36.97522104881946
          ],
          [
            -52.73437500000001,
            37.83076774688346
          ],
          [
            -50.64023328353268,
            38.3930415593422
          ],
          [
            -47.830369120069925,
            38.584457813202164
          ],
          [
            -45.0,
            38.64856224711353
          ],
          [
            -45.0,
            37.27792835103142
          ]
        ]
      }
    },
    {
      "type": "Feature",
      "properties": {
        "discharge_m3_s": 19711.48,
        "drainage_km2": 2233935.11,
        "role": "mouth"
      },
      "geometry": {
        "type": "LineString",
        "coordinates": [
          [
            30.646271911398983,
            42.80369294644687
          ],
          [
            30.402659287315817,
            44.28663051788243
          ],
          [
            31.658577408346076,
            45.33054221105133
          ],
          [
            33.18952809950507,
            44.844273392983936
          ],
          [
            36.062378930591024,
            45.28603214957936
          ],
          [
            39.00269408266619,
            45.60603817351697
          ],
          [
            41.989491270945706,
            45.79987504707224
          ],
          [
            42.041823275622605,
            44.3067716498136
          ],
          [
            42.08547921548585,
            42.83919839730151
          ],
          [
            42.121043271444286,
            41.39666102782497
          ],
          [
            43.56664297363417,
            40.73257786889137
          ],
          [
            45.00000000000001,
            40.04259497128096
          ],
          [
            47.85102370832414,
            39.978611940884555
          ],
          [
            50.681191871996035,
            39.78755530511462
          ],
          [
            53.470404823007684,
            39.47205752862469
          ],
          [
            55.546875,
            38.81998866678404
          ],
          [
            56.953125,
            37.90685450969138
          ],
          [
            55.546875,
            36.09706939050032
          ]
        ]
      }
    },
    {
      "type": "Feature",
      "properties": {
        "discharge_m3_s": 6726.82,
        "drainage_km2": 95906.56,
        "role": "mouth"
      },
      "geometry": {
        "type": "LineString",
        "coordinates": [
          [
            16.598006521525736,
            47.30273116208544
          ],
          [
            14.340384515567223,
            46.20409831739556
          ]
        ]
      }
    },
    {
      "type": "Feature",
      "properties": {
        "discharge_m3_s": 19711.48,
        "drainage_km2": 2233935.11,
        "role": "mouth"
      },
      "geometry": {
        "type": "LineString",
        "coordinates": [
          [
            31.90016898116396,
            43.8342487675471
          ],
          [
            31.658577408346076,
            45.33054221105133
          ],
          [
            33.18952809950507,
            44.844273392983936
          ],
          [
            36.062378930591024,
            45.28603214957936
          ],
          [
            39.00269408266619,
            45.60603817351697
          ],
          [
            41.989491270945706,
            45.79987504707224
          ],
          [
            42.041823275622605,
            44.3067716498136
          ],
          [
            42.08547921548585,
            42.83919839730151
          ],
          [
            42.121043271444286,
            41.39666102782497
          ],
          [
            43.56664297363417,
            40.73257786889137
          ],
          [
            45.00000000000001,
            40.04259497128096
          ],
          [
            47.85102370832414,
            39.978611940884555
          ],
          [
            50.681191871996035,
            39.78755530511462
          ],
          [
            53.470404823007684,
            39.47205752862469
          ],
          [
            55.546875,
            38.81998866678404
          ],
          [
            56.953125,
            37.90685450969138
          ],
          [
            55.546875,
            36.09706939050032
          ]
        ]
      }
    },
    {
      "type": "Feature",
      "properties": {
        "discharge_m3_s": 19711.48,
        "drainage_km2": 2233935.11,
        "role": "mouth"
      },
      "geometry": {
        "type": "LineString",
        "coordinates": [
          [
            33.38956777922495,
            43.35771204184202
          ],
          [
            33.18952809950507,
            44.844273392983936
          ],
          [
            36.062378930591024,
            45.28603214957936
          ],
          [
            39.00269408266619,
            45.60603817351697
          ],
          [
            41.989491270945706,
            45.79987504707224
          ],
          [
            42.041823275622605,
            44.3067716498136
          ],
          [
            42.08547921548585,
            42.83919839730151
          ],
          [
            42.121043271444286,
            41.39666102782497
          ],
          [
            43.56664297363417,
            40.73257786889137
          ],
          [
            45.00000000000001,
            40.04259497128096
          ],
          [
            47.85102370832414,
            39.978611940884555
          ],
          [
            50.681191871996035,
            39.78755530511462
          ],
          [
            53.470404823007684,
            39.47205752862469
          ],
          [
            55.546875,
            38.81998866678404
          ],
          [
            56.953125,
            37.90685450969138
          ],
          [
            55.546875,
            36.09706939050032
          ]
        ]
      }
    },
    {
      "type": "Feature",
      "properties": {
        "discharge_m3_s": 19711.48,
        "drainage_km2": 2233935.11,
        "role": "mouth"
      },
      "geometry": {
        "type": "LineString",
        "coordinates": [
          [
            40.71051743368258,
            40.60485402421437
          ],
          [
            40.663143517121156,
            42.03496850115923
          ],
          [
            42.121043271444286,
            41.39666102782497
          ],
          [
            43.56664297363417,
            40.73257786889137
          ],
          [
            45.00000000000001,
            40.04259497128096
          ],
          [
            47.85102370832414,
            39.978611940884555
          ],
          [
            50.681191871996035,
            39.78755530511462
          ],
          [
            53.470404823007684,
            39.47205752862469
          ],
          [
            55.546875,
            38.81998866678404
          ],
          [
            56.953125,
            37.90685450969138
          ],
          [
            55.546875,
            36.09706939050032
          ]
        ]
      }
    },
    {
      "type": "Feature",
      "properties": {
        "discharge_m3_s": 12715.77,
        "drainage_km2": 302423.66,
        "role": "mouth"
      },
      "geometry": {
        "type": "LineString",
        "coordinates": [
          [
            22.237526830867193,
            47.72798834510016
          ],
          [
            20.631456202447193,
            48.041677242660036
          ],
          [
            18.157393909370228,
            47.059414277397714
          ],
          [
            15.840114553853455,
            46.00204401221068
          ],
          [
            13.67902457514665,
            44.87887361277272
          ]
        ]
      }
    },
    {
      "type": "Feature",
      "properties": {
        "discharge_m3_s": 73995.73,
        "drainage_km2": 1584849.65,
        "role": "mouth"
      },
      "geometry": {
        "type": "LineString",
        "coordinates": [
          [
            -47.85102370832414,
            39.978611940884555
          ],
          [
            -47.830369120069925,
            38.584457813202164
          ],
          [
            -45.0,
            38.64856224711353
          ],
          [
            -45.0,
            37.27792835103142
          ]
        ]
      }
    },
    {
      "type": "Feature",
      "properties": {
        "discharge_m3_s": 73995.73,
        "drainage_km2": 1584849.65,
        "role": "mouth"
      },
      "geometry": {
        "type": "LineString",
        "coordinates": [
          [
            -49.289482566317425,
            40.60485402421437
          ],
          [
            -49.25322878747494,
            39.19876351518387
          ],
          [
            -47.830369120069925,
            38.584457813202164
          ],
          [
            -45.0,
            38.64856224711353
          ],
          [
            -45.0,
            37.27792835103142
          ]
        ]
      }
    },
    {
      "type": "Feature",
      "properties": {
        "discharge_m3_s": 73995.73,
        "drainage_km2": 1584849.65,
        "role": "mouth"
      },
      "geometry": {
        "type": "LineString",
        "coordinates": [
          [
            -50.73657684919259,
            41.20555620284415
          ],
          [
            -50.68119187199604,
            39.78755530511462
          ],
          [
            -49.25322878747494,
            39.19876351518387
          ],
          [
            -47.830369120069925,
            38.584457813202164
          ],
          [
            -45.0,
            38.64856224711353
          ],
          [
            -45.0,
            37.27792835103142
          ]
        ]
      }
    },
    {
      "type": "Feature",
      "properties": {
        "discharge_m3_s": 8437.77,
        "drainage_km2": 180184.54,
        "role": "mouth"
      },
      "geometry": {
        "type": "LineString",
        "coordinates": [
          [
            23.66754751002108,
            51.72031629932274
          ],
          [
            20.864171014553442,
            50.84614039201043
          ],
          [
            18.227741213194275,
            49.881576014794334
          ],
          [
            15.761214802952434,
            48.83687450603587
          ]
        ]
      }
    },
    {
      "type": "Feature",
      "properties": {
        "discharge_m3_s": 19711.48,
        "drainage_km2": 2233935.11,
        "role": "mouth"
      },
      "geometry": {
        "type": "LineString",
        "coordinates": [
          [
            35.67130467469789,
            48.33938386806555
          ],
          [
            34.29073894331016,
            47.35763961461726
          ],
          [
            31.37585940211609,
            46.849901623923934
          ],
          [
            31.658577408346076,
            45.33054221105133
          ],
          [
            33.18952809950507,
            44.844273392983936
          ],
          [
            36.062378930591024,
            45.28603214957936
          ],
          [
            39.00269408266619,
            45.60603817351697
          ],
          [
            41.989491270945706,
            45.79987504707224
          ],
          [
            42.041823275622605,
            44.3067716498136
          ],
          [
            42.08547921548585,
            42.83919839730151
          ],
          [
            42.121043271444286,
            41.39666102782497
          ],
          [
            43.56664297363417,
            40.73257786889137
          ],
          [
            45.00000000000001,
            40.04259497128096
          ],
          [
            47.85102370832414,
            39.978611940884555
          ],
          [
            50.681191871996035,
            39.78755530511462
          ],
          [
            53.470404823007684,
            39.47205752862469
          ],
          [
            55.546875,
            38.81998866678404
          ],
          [
            56.953125,
            37.90685450969138
          ],
          [
            55.546875,
            36.09706939050032
          ]
        ]
      }
    },
    {
      "type": "Feature",
      "properties": {
        "discharge_m3_s": 19711.48,
        "drainage_km2": 2233935.11,
        "role": "mouth"
      },
      "geometry": {
        "type": "LineString",
        "coordinates": [
          [
            37.288390254005776,
            47.74485113220133
          ],
          [
            34.29073894331016,
            47.35763961461726
          ],
          [
            31.37585940211609,
            46.849901623923934
          ],
          [
            31.658577408346076,
            45.33054221105133
          ],
          [
            33.18952809950507,
            44.844273392983936
          ],
          [
            36.062378930591024,
            45.28603214957936
          ],
          [
            39.00269408266619,
            45.60603817351697
          ],
          [
            41.989491270945706,
            45.79987504707224
          ],
          [
            42.041823275622605,
            44.3067716498136
          ],
          [
            42.08547921548585,
            42.83919839730151
          ],
          [
            42.121043271444286,
            41.39666102782497
          ],
          [
            43.56664297363417,
            40.73257786889137
          ],
          [
            45.00000000000001,
            40.04259497128096
          ],
          [
            47.85102370832414,
            39.978611940884555
          ],
          [
            50.681191871996035,
            39.78755530511462
          ],
          [
            53.470404823007684,
            39.47205752862469
          ],
          [
            55.546875,
            38.81998866678404
          ],
          [
            56.953125,
            37.90685450969138
          ],
          [
            55.546875,
            36.09706939050032
          ]
        ]
      }
    },
    {
      "type": "Feature",
      "properties": {
        "discharge_m3_s": 859.35,
        "drainage_km2": 327300.9,
        "role": "mouth"
      },
      "geometry": {
        "type": "LineString",
        "coordinates": [
          [
            47.958176724377395,
            44.3067716498136
          ],
          [
            50.89360852877543,
            44.114297063383326
          ],
          [
            52.2896197705515,
            43.23476199287573
          ],
          [
            55.12929526134133,
            42.85680211781692
          ],
          [
            57.8961681640074,
            42.360832644896476
          ],
          [
            60.573902956138824,
            41.75318932399425
          ],
          [
            62.57812500000001,
            40.896383978927034
          ]
        ]
      }
    },
    {
      "type": "Feature",
      "properties": {
        "discharge_m3_s": 15481.51,
        "drainage_km2": 464830.38,
        "role": "mouth"
      },
      "geometry": {
        "type": "LineString",
        "coordinates": [
          [
            33.381110706008414,
            52.077842227348754
          ],
          [
            30.237527284764933,
            51.546169713230576
          ],
          [
            28.44843883418768,
            52.03503154945914
          ],
          [
            25.452519534674547,
            51.322944572603454
          ],
          [
            22.60564841505732,
            50.50577936282399
          ],
          [
            19.917316659598328,
            49.59345820957299
          ],
          [
            17.392731033973305,
            48.59606693705618
          ],
          [
            15.033443042278186,
            47.52355505977728
          ]
        ]
      }
    },
    {
      "type": "Feature",
      "properties": {
        "discharge_m3_s": 73995.73,
        "drainage_km2": 1584849.65,
        "role": "mouth"
      },
      "geometry": {
        "type": "LineString",
        "coordinates": [
          [
            -53.78442709676419,
            43.796500234124736
          ],
          [
            -52.28961977055148,
            43.23476199287575
          ],
          [
            -52.19228087071704,
            41.78095698219074
          ],
          [
            -52.114232055237785,
            40.35117943987623
          ],
          [
            -50.68119187199604,
            39.78755530511462
          ],
          [
            -49.25322878747494,
            39.19876351518387
          ],
          [
            -47.830369120069925,
            38.584457813202164
          ],
          [
            -45.0,
            38.64856224711353
          ],
          [
            -45.0,
            37.27792835103142
          ]
        ]
      }
    },
    {
      "type": "Feature",
      "properties": {
        "discharge_m3_s": 73995.73,
        "drainage_km2": 1584849.65,
        "role": "mouth"
      },
      "geometry": {
        "type": "LineString",
        "coordinates": [
          [
            -49.55261175818688,
            46.47484218804715
          ],
          [
            -50.99730591733381,
            45.60603817351697
          ],
          [
            -52.40750735639279,
            44.713081325922
          ],
          [
            -52.28961977055148,
            43.23476199287575
          ],
          [
            -52.19228087071704,
            41.78095698219074
          ],
          [
            -52.114232055237785,
            40.35117943987623
          ],
          [
            -50.68119187199604,
            39.78755530511462
          ],
          [
            -49.25322878747494,
            39.19876351518387
          ],
          [
            -47.830369120069925,
            38.584457813202164
          ],
          [
            -45.0,
            38.64856224711353
          ],
          [
            -45.0,
            37.27792835103142
          ]
        ]
      }
    },
    {
      "type": "Feature",
      "properties": {
        "discharge_m3_s": 10119.8,
        "drainage_km2": 813281.07,
        "role": "mouth"
      },
      "geometry": {
        "type": "LineString",
        "coordinates": [
          [
            38.382316783828706,
            51.83047474911913
          ],
          [
            41.676091403342866,
            52.03512964189872
          ],
          [
            43.36110712460953,
            51.28331146144509
          ],
          [
            46.638892875390475,
            51.28331146144509
          ],
          [
            48.22771864804213,
            50.436331175344485
          ],
          [
            49.76823056439323,
            49.5636906235781
          ],
          [
            52.90216630511844,
            49.29888339864551
          ],
          [
            55.97080975360955,
            48.90658427490582
          ],
          [
            58.95188832507747,
            48.392384564230795
          ],
          [
            60.60290330746819,
            48.86945870043562
          ]
        ]
      }
    },
    {
      "type": "Feature",
      "properties": {
        "discharge_m3_s": 97.87,
        "drainage_km2": 131965.85,
        "role": "mouth"
      },
      "geometry": {
        "type": "LineString",
        "coordinates": [
          [
            56.44335132476919,
            41.89447523046973
          ],
          [
            59.150114639059744,
            41.34286002034289
          ],
          [
            61.17187499999999,
            40.52473954830091
          ],
          [
            59.765625,
            38.75016970960904
          ]
        ]
      }
    },
    {
      "type": "Feature",
      "properties": {
        "discharge_m3_s": 78.97,
        "drainage_km2": 112868.9,
        "role": "mouth"
      },
      "geometry": {
        "type": "LineString",
        "coordinates": [
          [
            57.72783583902063,
            40.90999146817201
          ],
          [
            59.765625,
            40.131685979924434
          ],
          [
            59.765625,
            38.75016970960904
          ]
        ]
      }
    },
    {
      "type": "Feature",
      "properties": {
        "discharge_m3_s": 18878.99,
        "drainage_km2": 1761060.11,
        "role": "mouth"
      },
      "geometry": {
        "type": "LineString",
        "coordinates": [
          [
            -59.353728088601024,
            42.80369294644687
          ],
          [
            -61.99916008139856,
            42.1413685672415
          ],
          [
            -62.578125000000014,
            40.896383978927034
          ],
          [
            -62.57812500000001,
            39.50813988087027
          ],
          [
            -62.57812500000001,
            38.12786364803458
          ],
          [
            -63.984375,
            37.095403489948026
          ],
          [
            -65.390625,
            36.04145120737391
          ],
          [
            -65.390625,
            34.67311271792061
          ],
          [
            -63.984375,
            33.006191233400884
          ],
          [
            -63.984375,
            31.65632071395398
          ],
          [
            -63.984375,
            30.31277123349917
          ],
          [
            -62.57812500000001,
            28.67634361745421
          ],
          [
            -61.17187499999999,
            27.048350410069073
          ],
          [
            -62.57812500000001,
            26.037894585693426
          ]
        ]
      }
    },
    {
      "type": "Feature",
      "properties": {
        "discharge_m3_s": 18878.99,
        "drainage_km2": 1761060.11,
        "role": "mouth"
      },
      "geometry": {
        "type": "LineString",
        "coordinates": [
          [
            -60.815923267710716,
            43.22336603416273
          ],
          [
            -61.99916008139856,
            42.1413685672415
          ],
          [
            -62.578125000000014,
            40.896383978927034
          ],
          [
            -62.57812500000001,
            39.50813988087027
          ],
          [
            -62.57812500000001,
            38.12786364803458
          ],
          [
            -63.984375,
            37.095403489948026
          ],
          [
            -65.390625,
            36.04145120737391
          ],
          [
            -65.390625,
            34.67311271792061
          ],
          [
            -63.984375,
            33.006191233400884
          ],
          [
            -63.984375,
            31.65632071395398
          ],
          [
            -63.984375,
            30.31277123349917
          ],
          [
            -62.57812500000001,
            28.67634361745421
          ],
          [
            -61.17187499999999,
            27.048350410069073
          ],
          [
            -62.57812500000001,
            26.037894585693426
          ]
        ]
      }
    },
    {
      "type": "Feature",
      "properties": {
        "discharge_m3_s": 18878.99,
        "drainage_km2": 1761060.11,
        "role": "mouth"
      },
      "geometry": {
        "type": "LineString",
        "coordinates": [
          [
            -62.615957299273774,
            45.11976231468865
          ],
          [
            -62.2826322425455,
            43.62015073638451
          ],
          [
            -61.99916008139856,
            42.1413685672415
          ],
          [
            -62.578125000000014,
            40.896383978927034
          ],
          [
            -62.57812500000001,
            39.50813988087027
          ],
          [
            -62.57812500000001,
            38.12786364803458
          ],
          [
            -63.984375,
            37.095403489948026
          ],
          [
            -65.390625,
            36.04145120737391
          ],
          [
            -65.390625,
            34.67311271792061
          ],
          [
            -63.984375,
            33.006191233400884
          ],
          [
            -63.984375,
            31.65632071395398
          ],
          [
            -63.984375,
            30.31277123349917
          ],
          [
            -62.57812500000001,
            28.67634361745421
          ],
          [
            -61.17187499999999,
            27.048350410069073
          ],
          [
            -62.57812500000001,
            26.037894585693426
          ]
        ]
      }
    },
    {
      "type": "Feature",
      "properties": {
        "discharge_m3_s": 277.94,
        "drainage_km2": 97954.16,
        "role": "mouth"
      },
      "geometry": {
        "type": "LineString",
        "coordinates": [
          [
            60.21771055578619,
            47.31951571082545
          ],
          [
            60.60290330746819,
            48.86945870043562
          ]
        ]
      }
    },
    {
      "type": "Feature",
      "properties": {
        "discharge_m3_s": 23231.15,
        "drainage_km2": 332897.63,
        "role": "mouth"
      },
      "geometry": {
        "type": "LineString",
        "coordinates": [
          [
            -65.66454630235229,
            45.85868414716465
          ],
          [
            -68.19170880652871,
            44.9839470436273
          ],
          [
            -70.57880069886406,
            44.025096443071575
          ],
          [
            -72.421875,
            42.92868959261079
          ]
        ]
      }
    },
    {
      "type": "Feature",
      "properties": {
        "discharge_m3_s": 13165.25,
        "drainage_km2": 136152.0,
        "role": "mouth"
      },
      "geometry": {
        "type": "LineString",
        "coordinates": [
          [
            -64.57945463732888,
            47.02730729924538
          ],
          [
            -65.0880781557656,
            48.57314437032625
          ],
          [
            -65.66957627237392,
            50.13778570595432
          ],
          [
            -68.40499159048814,
            49.279325132816666
          ]
        ]
      }
    },
    {
      "type": "Feature",
      "properties": {
        "discharge_m3_s": 47063.92,
        "drainage_km2": 398009.52,
        "role": "mouth"
      },
      "geometry": {
        "type": "LineString",
        "coordinates": [
          [
            -63.4501005207395,
            48.181156940599436
          ],
          [
            -63.962296246831905,
            49.742303968353916
          ],
          [
            -64.54748046532546,
            51.322944572603454
          ],
          [
            -67.3943515849427,
            50.50577936282399
          ]
        ]
      }
    },
    {
      "type": "Feature",
      "properties": {
        "discharge_m3_s": 23231.15,
        "drainage_km2": 332897.63,
        "role": "mouth"
      },
      "geometry": {
        "type": "LineString",
        "coordinates": [
          [
            -69.14579181743838,
            43.76253951922125
          ],
          [
            -70.57880069886406,
            44.025096443071575
          ],
          [
            -72.421875,
            42.92868959261079
          ]
        ]
      }
    },
    {
      "type": "Feature",
      "properties": {
        "discharge_m3_s": 11399.12,
        "drainage_km2": 96564.91,
        "role": "mouth"
      },
      "geometry": {
        "type": "LineString",
        "coordinates": [
          [
            -65.17841829721334,
            78.40739706967797
          ],
          [
            -62.352626231525555,
            76.55902981195659
          ]
        ]
      }
    },
    {
      "type": "Feature",
      "properties": {
        "discharge_m3_s": 9192.84,
        "drainage_km2": 96883.74,
        "role": "mouth"
      },
      "geometry": {
        "type": "LineString",
        "coordinates": [
          [
            -61.84418803805554,
            79.65753031901075
          ],
          [
            -59.220634664572096,
            77.77248998598672
          ]
        ]
      }
    },
    {
      "type": "Feature",
      "properties": {
        "discharge_m3_s": 6134.75,
        "drainage_km2": 97144.72,
        "role": "mouth"
      },
      "geometry": {
        "type": "LineString",
        "coordinates": [
          [
            -57.62309688287915,
            80.8641350260091
          ],
          [
            -55.42425571443167,
            78.94280514985546
          ]
        ]
      }
    },
    {
      "type": "Feature",
      "properties": {
        "discharge_m3_s": 6151.18,
        "drainage_km2": 97347.71,
        "role": "mouth"
      },
      "geometry": {
        "type": "LineString",
        "coordinates": [
          [
            -52.16981549045686,
            82.00752202862016
          ],
          [
            -50.76736976706066,
            80.05480747922608
          ]
        ]
      }
    },
    {
      "type": "Feature",
      "properties": {
        "discharge_m3_s": 3076.5,
        "drainage_km2": 97492.61,
        "role": "mouth"
      },
      "geometry": {
        "type": "LineString",
        "coordinates": [
          [
            -45.0,
            83.056438663066
          ],
          [
            -45.0,
            81.08671790272412
          ]
        ]
      }
    },
    {
      "type": "Feature",
      "properties": {
        "discharge_m3_s": 1120.49,
        "drainage_km2": 119539.47,
        "role": "mouth"
      },
      "geometry": {
        "type": "LineString",
        "coordinates": [
          [
            73.81713623021557,
            77.5687593087241
          ],
          [
            65.17841829721334,
            78.40739706967797
          ],
          [
            55.42425571443167,
            78.94280514985546
          ]
        ]
      }
    },
    {
      "type": "Feature",
      "properties": {
        "discharge_m3_s": 107277.76,
        "drainage_km2": 5702790.64,
        "role": "reach"
      },
      "geometry": {
        "type": "LineString",
        "coordinates": [
          [
            91.2063065383528,
            59.760099759020235
          ],
          [
            88.72265371831261,
            61.16585937214187
          ],
          [
            88.64498562438801,
            62.57157391173657
          ],
          [
            91.44039144486487,
            63.977236885429114
          ],
          [
            91.53480437901025,
            65.3828402987575
          ],
          [
            94.91096198382537,
            66.72047030474911
          ],
          [
            95.26218672162956,
            68.11956759223156
          ],
          [
            95.65887325461469,
            69.5177918567699
          ],
          [
            100.12527612171208,
            70.73725249448091
          ],
          [
            100.97506921166904,
            72.11507408192294
          ],
          [
            101.96144880198781,
            73.48854640265246
          ],
          [
            103.12098516965916,
            74.85651091072823
          ],
          [
            109.93128217335942,
            75.82279729090894
          ],
          [
            117.64737376847445,
            76.55902981195659
          ],
          [
            126.10955186781254,
            77.02229431039203
          ],
          [
            130.16759497583345,
            78.10952044280687
          ],
          [
            135.0,
            79.1274284864095
          ],
          [
            140.76736976706067,
            80.05480747922608
          ],
          [
            147.62309688287917,
            80.8641350260091
          ],
          [
            155.6604316560669,
            81.52161308169971
          ],
          [
            164.82683009899887,
            81.98982332835973
          ],
          [
            175.63831244814634,
            80.83327540737501
          ]
        ]
      }
    },
    {
      "type": "Feature",
      "properties": {
        "discharge_m3_s": 107277.76,
        "drainage_km2": 5702790.64,
        "role": "mouth"
      },
      "geometry": {
        "type": "LineString",
        "coordinates": [
          [
            -174.8367320699041,
            82.23449706593739
          ],
          [
            -164.82683009899887,
            81.98982332835973
          ],
          [
            -151.01397825663827,
            82.77467639203658
          ],
          [
            -142.16981549045687,
            82.00752202862016
          ],
          [
            -127.83018450954313,
            82.00752202862016
          ],
          [
            -114.33956834393311,
            81.52161308169971
          ]
        ]
      }
    },
    {
      "type": "Feature",
      "properties": {
        "discharge_m3_s": 187.92,
        "drainage_km2": 97167.14,
        "role": "mouth"
      },
      "geometry": {
        "type": "LineString",
        "coordinates": [
          [
            -108.37271579017634,
            83.33496195210228
          ],
          [
            -114.33956834393311,
            81.52161308169971
          ]
        ]
      }
    },
    {
      "type": "Feature",
      "properties": {
        "discharge_m3_s": 107277.76,
        "drainage_km2": 5702790.64,
        "role": "reach"
      },
      "geometry": {
        "type": "LineString",
        "coordinates": [
          [
            125.5049501898272,
            83.96149713576682
          ],
          [
            144.49504981017282,
            83.96149713576682
          ],
          [
            161.62728420982367,
            83.33496195210228
          ],
          [
            174.8367320699041,
            82.23449706593739
          ]
        ]
      }
    },
    {
      "type": "Feature",
      "properties": {
        "discharge_m3_s": 107277.76,
        "drainage_km2": 5702790.64,
        "role": "mouth"
      },
      "geometry": {
        "type": "LineString",
        "coordinates": [
          [
            -174.8367320699041,
            82.23449706593739
          ],
          [
            -164.82683009899887,
            81.98982332835973
          ],
          [
            -151.01397825663827,
            82.77467639203658
          ],
          [
            -142.16981549045687,
            82.00752202862016
          ],
          [
            -127.83018450954313,
            82.00752202862016
          ],
          [
            -114.33956834393311,
            81.52161308169971
          ]
        ]
      }
    },
    {
      "type": "Feature",
      "properties": {
        "discharge_m3_s": 107277.76,
        "drainage_km2": 5702790.64,
        "role": "reach"
      },
      "geometry": {
        "type": "LineString",
        "coordinates": [
          [
            118.98602174336173,
            82.77467639203658
          ],
          [
            135.0,
            83.056438663066
          ],
          [
            151.01397825663827,
            82.77467639203658
          ],
          [
            164.82683009899887,
            81.98982332835973
          ],
          [
            175.63831244814634,
            80.83327540737501
          ]
        ]
      }
    },
    {
      "type": "Feature",
      "properties": {
        "discharge_m3_s": 107277.76,
        "drainage_km2": 5702790.64,
        "role": "mouth"
      },
      "geometry": {
        "type": "LineString",
        "coordinates": [
          [
            -174.8367320699041,
            82.23449706593739
          ],
          [
            -164.82683009899887,
            81.98982332835973
          ],
          [
            -151.01397825663827,
            82.77467639203658
          ],
          [
            -142.16981549045687,
            82.00752202862016
          ],
          [
            -127.83018450954313,
            82.00752202862016
          ],
          [
            -114.33956834393311,
            81.52161308169971
          ]
        ]
      }
    },
    {
      "type": "Feature",
      "properties": {
        "discharge_m3_s": 107277.76,
        "drainage_km2": 5702790.64,
        "role": "reach"
      },
      "geometry": {
        "type": "LineString",
        "coordinates": [
          [
            114.33956834393311,
            81.52161308169971
          ],
          [
            127.83018450954313,
            82.00752202862016
          ],
          [
            142.16981549045687,
            82.00752202862016
          ],
          [
            155.6604316560669,
            81.52161308169971
          ],
          [
            164.82683009899887,
            81.98982332835973
          ],
          [
            175.63831244814634,
            80.83327540737501
          ]
        ]
      }
    },
    {
      "type": "Feature",
      "properties": {
        "discharge_m3_s": 107277.76,
        "drainage_km2": 5702790.64,
        "role": "mouth"
      },
      "geometry": {
        "type": "LineString",
        "coordinates": [
          [
            -174.8367320699041,
            82.23449706593739
          ],
          [
            -164.82683009899887,
            81.98982332835973
          ],
          [
            -151.01397825663827,
            82.77467639203658
          ],
          [
            -142.16981549045687,
            82.00752202862016
          ],
          [
            -127.83018450954313,
            82.00752202862016
          ],
          [
            -114.33956834393311,
            81.52161308169971
          ]
        ]
      }
    },
    {
      "type": "Feature",
      "properties": {
        "discharge_m3_s": 107277.76,
        "drainage_km2": 5702790.64,
        "role": "reach"
      },
      "geometry": {
        "type": "LineString",
        "coordinates": [
          [
            110.89816545214589,
            80.22773892569141
          ],
          [
            122.37690311712086,
            80.8641350260091
          ],
          [
            135.0,
            81.08671790272412
          ],
          [
            147.62309688287917,
            80.8641350260091
          ],
          [
            155.6604316560669,
            81.52161308169971
          ],
          [
            164.82683009899887,
            81.98982332835973
          ],
          [
            175.63831244814634,
            80.83327540737501
          ]
        ]
      }
    },
    {
      "type": "Feature",
      "properties": {
        "discharge_m3_s": 107277.76,
        "drainage_km2": 5702790.64,
        "role": "mouth"
      },
      "geometry": {
        "type": "LineString",
        "coordinates": [
          [
            -174.8367320699041,
            82.23449706593739
          ],
          [
            -164.82683009899887,
            81.98982332835973
          ],
          [
            -151.01397825663827,
            82.77467639203658
          ],
          [
            -142.16981549045687,
            82.00752202862016
          ],
          [
            -127.83018450954313,
            82.00752202862016
          ],
          [
            -114.33956834393311,
            81.52161308169971
          ]
        ]
      }
    },
    {
      "type": "Feature",
      "properties": {
        "discharge_m3_s": 107277.76,
        "drainage_km2": 5702790.64,
        "role": "reach"
      },
      "geometry": {
        "type": "LineString",
        "coordinates": [
          [
            108.26154974472485,
            78.90730732703533
          ],
          [
            118.15581196194444,
            79.65753031901075
          ],
          [
            129.23263023293933,
            80.05480747922608
          ],
          [
            140.76736976706067,
            80.05480747922608
          ],
          [
            147.62309688287917,
            80.8641350260091
          ],
          [
            155.6604316560669,
            81.52161308169971
          ],
          [
            164.82683009899887,
            81.98982332835973
          ],
          [
            175.63831244814634,
            80.83327540737501
          ]
        ]
      }
    },
    {
      "type": "Feature",
      "properties": {
        "discharge_m3_s": 107277.76,
        "drainage_km2": 5702790.64,
        "role": "mouth"
      },
      "geometry": {
        "type": "LineString",
        "coordinates": [
          [
            -174.8367320699041,
            82.23449706593739
          ],
          [
            -164.82683009899887,
            81.98982332835973
          ],
          [
            -151.01397825663827,
            82.77467639203658
          ],
          [
            -142.16981549045687,
            82.00752202862016
          ],
          [
            -127.83018450954313,
            82.00752202862016
          ],
          [
            -114.33956834393311,
            81.52161308169971
          ]
        ]
      }
    },
    {
      "type": "Feature",
      "properties": {
        "discharge_m3_s": 107277.76,
        "drainage_km2": 5702790.64,
        "role": "reach"
      },
      "geometry": {
        "type": "LineString",
        "coordinates": [
          [
            106.18286376978445,
            77.5687593087241
          ],
          [
            112.13524487586808,
            77.12637458970917
          ],
          [
            117.64737376847445,
            76.55902981195659
          ],
          [
            126.10955186781254,
            77.02229431039203
          ],
          [
            130.16759497583345,
            78.10952044280687
          ],
          [
            135.0,
            79.1274284864095
          ],
          [
            140.76736976706067,
            80.05480747922608
          ],
          [
            147.62309688287917,
            80.8641350260091
          ],
          [
            155.6604316560669,
            81.52161308169971
          ],
          [
            164.82683009899887,
            81.98982332835973
          ],
          [
            175.63831244814634,
            80.83327540737501
          ]
        ]
      }
    },
    {
      "type": "Feature",
      "properties": {
        "discharge_m3_s": 107277.76,
        "drainage_km2": 5702790.64,
        "role": "mouth"
      },
      "geometry": {
        "type": "LineString",
        "coordinates": [
          [
            -174.8367320699041,
            82.23449706593739
          ],
          [
            -164.82683009899887,
            81.98982332835973
          ],
          [
            -151.01397825663827,
            82.77467639203658
          ],
          [
            -142.16981549045687,
            82.00752202862016
          ],
          [
            -127.83018450954313,
            82.00752202862016
          ],
          [
            -114.33956834393311,
            81.52161308169971
          ]
        ]
      }
    },
    {
      "type": "Feature",
      "properties": {
        "discharge_m3_s": 107277.76,
        "drainage_km2": 5702790.64,
        "role": "reach"
      },
      "geometry": {
        "type": "LineString",
        "coordinates": [
          [
            104.50422824343394,
            76.21735297223569
          ],
          [
            103.12098516965916,
            74.85651091072823
          ],
          [
            109.93128217335942,
            75.82279729090894
          ],
          [
            117.64737376847445,
            76.55902981195659
          ],
          [
            126.10955186781254,
            77.02229431039203
          ],
          [
            130.16759497583345,
            78.10952044280687
          ],
          [
            135.0,
            79.1274284864095
          ],
          [
            140.76736976706067,
            80.05480747922608
          ],
          [
            147.62309688287917,
            80.8641350260091
          ],
          [
            155.6604316560669,
            81.52161308169971
          ],
          [
            164.82683009899887,
            81.98982332835973
          ],
          [
            175.63831244814634,
            80.83327540737501
          ]
        ]
      }
    },
    {
      "type": "Feature",
      "properties": {
        "discharge_m3_s": 107277.76,
        "drainage_km2": 5702790.64,
        "role": "mouth"
      },
      "geometry": {
        "type": "LineString",
        "coordinates": [
          [
            -174.8367320699041,
            82.23449706593739
          ],
          [
            -164.82683009899887,
            81.98982332835973
          ],
          [
            -151.01397825663827,
            82.77467639203658
          ],
          [
            -142.16981549045687,
            82.00752202862016
          ],
          [
            -127.83018450954313,
            82.00752202862016
          ],
          [
            -114.33956834393311,
            81.52161308169971
          ]
        ]
      }
    },
    {
      "type": "Feature",
      "properties": {
        "discharge_m3_s": 107277.76,
        "drainage_km2": 5702790.64,
        "role": "reach"
      },
      "geometry": {
        "type": "LineString",
        "coordinates": [
          [
            99.3850101141492,
            69.35593299387601
          ],
          [
            100.12527612171208,
            70.73725249448091
          ],
          [
            100.97506921166904,
            72.11507408192294
          ],
          [
            101.96144880198781,
            73.48854640265246
          ],
          [
            103.12098516965916,
            74.85651091072823
          ],
          [
            109.93128217335942,
            75.82279729090894
          ],
          [
            117.64737376847445,
            76.55902981195659
          ],
          [
            126.10955186781254,
            77.02229431039203
          ],
          [
            130.16759497583345,
            78.10952044280687
          ],
          [
            135.0,
            79.1274284864095
          ],
          [
            140.76736976706067,
            80.05480747922608
          ],
          [
            147.62309688287917,
            80.8641350260091
          ],
          [
            155.6604316560669,
            81.52161308169971
          ],
          [
            164.82683009899887,
            81.98982332835973
          ],
          [
            175.63831244814634,
            80.83327540737501
          ]
        ]
      }
    },
    {
      "type": "Feature",
      "properties": {
        "discharge_m3_s": 107277.76,
        "drainage_km2": 5702790.64,
        "role": "mouth"
      },
      "geometry": {
        "type": "LineString",
        "coordinates": [
          [
            -174.8367320699041,
            82.23449706593739
          ],
          [
            -164.82683009899887,
            81.98982332835973
          ],
          [
            -151.01397825663827,
            82.77467639203658
          ],
          [
            -142.16981549045687,
            82.00752202862016
          ],
          [
            -127.83018450954313,
            82.00752202862016
          ],
          [
            -114.33956834393311,
            81.52161308169971
          ]
        ]
      }
    },
    {
      "type": "Feature",
      "properties": {
        "discharge_m3_s": 107277.76,
        "drainage_km2": 5702790.64,
        "role": "reach"
      },
      "geometry": {
        "type": "LineString",
        "coordinates": [
          [
            98.73384741234392,
            67.97175430658383
          ],
          [
            95.65887325461469,
            69.5177918567699
          ],
          [
            100.12527612171208,
            70.73725249448091
          ],
          [
            100.97506921166904,
            72.11507408192294
          ],
          [
            101.96144880198781,
            73.48854640265246
          ],
          [
            103.12098516965916,
            74.85651091072823
          ],
          [
            109.93128217335942,
            75.82279729090894
          ],
          [
            117.64737376847445,
            76.55902981195659
          ],
          [
            126.10955186781254,
            77.02229431039203
          ],
          [
            130.16759497583345,
            78.10952044280687
          ],
          [
            135.0,
            79.1274284864095
          ],
          [
            140.76736976706067,
            80.05480747922608
          ],
          [
            147.62309688287917,
            80.8641350260091
          ],
          [
            155.6604316560669,
            81.52161308169971
          ],
          [
            164.82683009899887,
            81.98982332835973
          ],
          [
            175.63831244814634,
            80.83327540737501
          ]
        ]
      }
    },
    {
      "type": "Feature",
      "properties": {
        "discharge_m3_s": 107277.76,
        "drainage_km2": 5702790.64,
        "role": "mouth"
      },
      "geometry": {
        "type": "LineString",
        "coordinates": [
          [
            -174.8367320699041,
            82.23449706593739
          ],
          [
            -164.82683009899887,
            81.98982332835973
          ],
          [
            -151.01397825663827,
            82.77467639203658
          ],
          [
            -142.16981549045687,
            82.00752202862016
          ],
          [
            -127.83018450954313,
            82.00752202862016
          ],
          [
            -114.33956834393311,
            81.52161308169971
          ]
        ]
      }
    },
    {
      "type": "Feature",
      "properties": {
        "discharge_m3_s": 3076.5,
        "drainage_km2": 97492.61,
        "role": "mouth"
      },
      "geometry": {
        "type": "LineString",
        "coordinates": [
          [
            -135.0,
            83.056438663066
          ],
          [
            -118.98602174336173,
            82.77467639203658
          ]
        ]
      }
    },
    {
      "type": "Feature",
      "properties": {
        "discharge_m3_s": 107277.76,
        "drainage_km2": 5702790.64,
        "role": "reach"
      },
      "geometry": {
        "type": "LineString",
        "coordinates": [
          [
            106.538958841649,
            73.16887866976208
          ],
          [
            103.12098516965916,
            74.85651091072823
          ],
          [
            109.93128217335942,
            75.82279729090894
          ],
          [
            117.64737376847445,
            76.55902981195659
          ],
          [
            126.10955186781254,
            77.02229431039203
          ],
          [
            130.16759497583345,
            78.10952044280687
          ],
          [
            135.0,
            79.1274284864095
          ],
          [
            140.76736976706067,
            80.05480747922608
          ],
          [
            147.62309688287917,
            80.8641350260091
          ],
          [
            155.6604316560669,
            81.52161308169971
          ],
          [
            164.82683009899887,
            81.98982332835973
          ],
          [
            175.63831244814634,
            80.83327540737501
          ]
        ]
      }
    },
    {
      "type": "Feature",
      "properties": {
        "discharge_m3_s": 107277.76,
        "drainage_km2": 5702790.64,
        "role": "mouth"
      },
      "geometry": {
        "type": "LineString",
        "coordinates": [
          [
            -174.8367320699041,
            82.23449706593739
          ],
          [
            -164.82683009899887,
            81.98982332835973
          ],
          [
            -151.01397825663827,
            82.77467639203658
          ],
          [
            -142.16981549045687,
            82.00752202862016
          ],
          [
            -127.83018450954313,
            82.00752202862016
          ],
          [
            -114.33956834393311,
            81.52161308169971
          ]
        ]
      }
    },
    {
      "type": "Feature",
      "properties": {
        "discharge_m3_s": 107277.76,
        "drainage_km2": 5702790.64,
        "role": "reach"
      },
      "geometry": {
        "type": "LineString",
        "coordinates": [
          [
            105.20717409760157,
            71.82529236046277
          ],
          [
            101.96144880198781,
            73.48854640265246
          ],
          [
            103.12098516965916,
            74.85651091072823
          ],
          [
            109.93128217335942,
            75.82279729090894
          ],
          [
            117.64737376847445,
            76.55902981195659
          ],
          [
            126.10955186781254,
            77.02229431039203
          ],
          [
            130.16759497583345,
            78.10952044280687
          ],
          [
            135.0,
            79.1274284864095
          ],
          [
            140.76736976706067,
            80.05480747922608
          ],
          [
            147.62309688287917,
            80.8641350260091
          ],
          [
            155.6604316560669,
            81.52161308169971
          ],
          [
            164.82683009899887,
            81.98982332835973
          ],
          [
            175.63831244814634,
            80.83327540737501
          ]
        ]
      }
    },
    {
      "type": "Feature",
      "properties": {
        "discharge_m3_s": 107277.76,
        "drainage_km2": 5702790.64,
        "role": "mouth"
      },
      "geometry": {
        "type": "LineString",
        "coordinates": [
          [
            -174.8367320699041,
            82.23449706593739
          ],
          [
            -164.82683009899887,
            81.98982332835973
          ],
          [
            -151.01397825663827,
            82.77467639203658
          ],
          [
            -142.16981549045687,
            82.00752202862016
          ],
          [
            -127.83018450954313,
            82.00752202862016
          ],
          [
            -114.33956834393311,
            81.52161308169971
          ]
        ]
      }
    },
    {
      "type": "Feature",
      "properties": {
        "discharge_m3_s": 107277.76,
        "drainage_km2": 5702790.64,
        "role": "reach"
      },
      "geometry": {
        "type": "LineString",
        "coordinates": [
          [
            104.05335938161515,
            70.47361640692876
          ],
          [
            100.97506921166904,
            72.11507408192294
          ],
          [
            101.96144880198781,
            73.48854640265246
          ],
          [
            103.12098516965916,
            74.85651091072823
          ],
          [
            109.93128217335942,
            75.82279729090894
          ],
          [
            117.64737376847445,
            76.55902981195659
          ],
          [
            126.10955186781254,
            77.02229431039203
          ],
          [
            130.16759497583345,
            78.10952044280687
          ],
          [
            135.0,
            79.1274284864095
          ],
          [
            140.76736976706067,
            80.05480747922608
          ],
          [
            147.62309688287917,
            80.8641350260091
          ],
          [
            155.6604316560669,
            81.52161308169971
          ],
          [
            164.82683009899887,
            81.98982332835973
          ],
          [
            175.63831244814634,
            80.83327540737501
          ]
        ]
      }
    },
    {
      "type": "Feature",
      "properties": {
        "discharge_m3_s": 107277.76,
        "drainage_km2": 5702790.64,
        "role": "mouth"
      },
      "geometry": {
        "type": "LineString",
        "coordinates": [
          [
            -174.8367320699041,
            82.23449706593739
          ],
          [
            -164.82683009899887,
            81.98982332835973
          ],
          [
            -151.01397825663827,
            82.77467639203658
          ],
          [
            -142.16981549045687,
            82.00752202862016
          ],
          [
            -127.83018450954313,
            82.00752202862016
          ],
          [
            -114.33956834393311,
            81.52161308169971
          ]
        ]
      }
    },
    {
      "type": "Feature",
      "properties": {
        "discharge_m3_s": 107277.76,
        "drainage_km2": 5702790.64,
        "role": "mouth"
      },
      "geometry": {
        "type": "LineString",
        "coordinates": [
          [
            -161.62728420982367,
            83.33496195210228
          ],
          [
            -151.01397825663827,
            82.77467639203658
          ],
          [
            -142.16981549045687,
            82.00752202862016
          ],
          [
            -127.83018450954313,
            82.00752202862016
          ],
          [
            -114.33956834393311,
            81.52161308169971
          ]
        ]
      }
    },
    {
      "type": "Feature",
      "properties": {
        "discharge_m3_s": 107277.76,
        "drainage_km2": 5702790.64,
        "role": "reach"
      },
      "geometry": {
        "type": "LineString",
        "coordinates": [
          [
            115.03112358205347,
            75.31305726233226
          ],
          [
            117.64737376847445,
            76.55902981195659
          ],
          [
            126.10955186781254,
            77.02229431039203
          ],
          [
            130.16759497583345,
            78.10952044280687
          ],
          [
            135.0,
            79.1274284864095
          ],
          [
            140.76736976706067,
            80.05480747922608
          ],
          [
            147.62309688287917,
            80.8641350260091
          ],
          [
            155.6604316560669,
            81.52161308169971
          ],
          [
            164.82683009899887,
            81.98982332835973
          ],
          [
            175.63831244814634,
            80.83327540737501
          ]
        ]
      }
    },
    {
      "type": "Feature",
      "properties": {
        "discharge_m3_s": 107277.76,
        "drainage_km2": 5702790.64,
        "role": "mouth"
      },
      "geometry": {
        "type": "LineString",
        "coordinates": [
          [
            -174.8367320699041,
            82.23449706593739
          ],
          [
            -164.82683009899887,
            81.98982332835973
          ],
          [
            -151.01397825663827,
            82.77467639203658
          ],
          [
            -142.16981549045687,
            82.00752202862016
          ],
          [
            -127.83018450954313,
            82.00752202862016
          ],
          [
            -114.33956834393311,
            81.52161308169971
          ]
        ]
      }
    },
    {
      "type": "Feature",
      "properties": {
        "discharge_m3_s": 107277.76,
        "drainage_km2": 5702790.64,
        "role": "reach"
      },
      "geometry": {
        "type": "LineString",
        "coordinates": [
          [
            112.81910467418093,
            74.04212706382215
          ],
          [
            109.93128217335942,
            75.82279729090894
          ],
          [
            117.64737376847445,
            76.55902981195659
          ],
          [
            126.10955186781254,
            77.02229431039203
          ],
          [
            130.16759497583345,
            78.10952044280687
          ],
          [
            135.0,
            79.1274284864095
          ],
          [
            140.76736976706067,
            80.05480747922608
          ],
          [
            147.62309688287917,
            80.8641350260091
          ],
          [
            155.6604316560669,
            81.52161308169971
          ],
          [
            164.82683009899887,
            81.98982332835973
          ],
          [
            175.63831244814634,
            80.83327540737501
          ]
        ]
      }
    },
    {
      "type": "Feature",
      "properties": {
        "discharge_m3_s": 107277.76,
        "drainage_km2": 5702790.64,
        "role": "mouth"
      },
      "geometry": {
        "type": "LineString",
        "coordinates": [
          [
            -174.8367320699041,
            82.23449706593739
          ],
          [
            -164.82683009899887,
            81.98982332835973
          ],
          [
            -151.01397825663827,
            82.77467639203658
          ],
          [
            -142.16981549045687,
            82.00752202862016
          ],
          [
            -127.83018450954313,
            82.00752202862016
          ],
          [
            -114.33956834393311,
            81.52161308169971
          ]
        ]
      }
    },
    {
      "type": "Feature",
      "properties": {
        "discharge_m3_s": 107277.76,
        "drainage_km2": 5702790.64,
        "role": "reach"
      },
      "geometry": {
        "type": "LineString",
        "coordinates": [
          [
            110.92753779166951,
            72.7516953097383
          ],
          [
            108.09351992388368,
            74.50231863513002
          ],
          [
            109.93128217335942,
            75.82279729090894
          ],
          [
            117.64737376847445,
            76.55902981195659
          ],
          [
            126.10955186781254,
            77.02229431039203
          ],
          [
            130.16759497583345,
            78.10952044280687
          ],
          [
            135.0,
            79.1274284864095
          ],
          [
            140.76736976706067,
            80.05480747922608
          ],
          [
            147.62309688287917,
            80.8641350260091
          ],
          [
            155.6604316560669,
            81.52161308169971
          ],
          [
            164.82683009899887,
            81.98982332835973
          ],
          [
            175.63831244814634,
            80.83327540737501
          ]
        ]
      }
    },
    {
      "type": "Feature",
      "properties": {
        "discharge_m3_s": 107277.76,
        "drainage_km2": 5702790.64,
        "role": "mouth"
      },
      "geometry": {
        "type": "LineString",
        "coordinates": [
          [
            -174.8367320699041,
            82.23449706593739
          ],
          [
            -164.82683009899887,
            81.98982332835973
          ],
          [
            -151.01397825663827,
            82.77467639203658
          ],
          [
            -142.16981549045687,
            82.00752202862016
          ],
          [
            -127.83018450954313,
            82.00752202862016
          ],
          [
            -114.33956834393311,
            81.52161308169971
          ]
        ]
      }
    },
    {
      "type": "Feature",
      "properties": {
        "discharge_m3_s": 6536.58,
        "drainage_km2": 1212311.74,
        "role": "mouth"
      },
      "geometry": {
        "type": "LineString",
        "coordinates": [
          [
            99.67378897877468,
            56.57695937654383
          ],
          [
            101.79196951136106,
            56.39210735988027
          ],
          [
            103.1986890682756,
            54.827948415938295
          ],
          [
            105.1830745124427,
            54.59130191984641
          ],
          [
            107.1485667294846,
            54.32177617192413
          ],
          [
            109.09321108077808,
            54.01971454946697
          ],
          [
            110.03444800552526,
            52.42692213889343
          ],
          [
            111.86117303026433,
            52.08839938355561
          ],
          [
            113.66754751002108,
            51.72031629932274
          ],
          [
            114.33042372762608,
            50.13778570595432
          ],
          [
            116.03770375316807,
            49.742303968353916
          ]
        ]
      }
    },
    {
      "type": "Feature",
      "properties": {
        "discharge_m3_s": 107277.76,
        "drainage_km2": 5702790.64,
        "role": "reach"
      },
      "geometry": {
        "type": "LineString",
        "coordinates": [
          [
            122.68202912510715,
            75.8816768837517
          ],
          [
            126.10955186781254,
            77.02229431039203
          ],
          [
            130.16759497583345,
            78.10952044280687
          ],
          [
            135.0,
            79.1274284864095
          ],
          [
            140.76736976706067,
            80.05480747922608
          ],
          [
            147.62309688287917,
            80.8641350260091
          ],
          [
            155.6604316560669,
            81.52161308169971
          ],
          [
            164.82683009899887,
            81.98982332835973
          ],
          [
            175.63831244814634,
            80.83327540737501
          ]
        ]
      }
    },
    {
      "type": "Feature",
      "properties": {
        "discharge_m3_s": 107277.76,
        "drainage_km2": 5702790.64,
        "role": "mouth"
      },
      "geometry": {
        "type": "LineString",
        "coordinates": [
          [
            -174.8367320699041,
            82.23449706593739
          ],
          [
            -164.82683009899887,
            81.98982332835973
          ],
          [
            -151.01397825663827,
            82.77467639203658
          ],
          [
            -142.16981549045687,
            82.00752202862016
          ],
          [
            -127.83018450954313,
            82.00752202862016
          ],
          [
            -114.33956834393311,
            81.52161308169971
          ]
        ]
      }
    },
    {
      "type": "Feature",
      "properties": {
        "discharge_m3_s": 107277.76,
        "drainage_km2": 5702790.64,
        "role": "reach"
      },
      "geometry": {
        "type": "LineString",
        "coordinates": [
          [
            119.76504329814685,
            74.69952225734964
          ],
          [
            117.64737376847445,
            76.55902981195659
          ],
          [
            126.10955186781254,
            77.02229431039203
          ],
          [
            130.16759497583345,
            78.10952044280687
          ],
          [
            135.0,
            79.1274284864095
          ],
          [
            140.76736976706067,
            80.05480747922608
          ],
          [
            147.62309688287917,
            80.8641350260091
          ],
          [
            155.6604316560669,
            81.52161308169971
          ],
          [
            164.82683009899887,
            81.98982332835973
          ],
          [
            175.63831244814634,
            80.83327540737501
          ]
        ]
      }
    },
    {
      "type": "Feature",
      "properties": {
        "discharge_m3_s": 107277.76,
        "drainage_km2": 5702790.64,
        "role": "mouth"
      },
      "geometry": {
        "type": "LineString",
        "coordinates": [
          [
            -174.8367320699041,
            82.23449706593739
          ],
          [
            -164.82683009899887,
            81.98982332835973
          ],
          [
            -151.01397825663827,
            82.77467639203658
          ],
          [
            -142.16981549045687,
            82.00752202862016
          ],
          [
            -127.83018450954313,
            82.00752202862016
          ],
          [
            -114.33956834393311,
            81.52161308169971
          ]
        ]
      }
    },
    {
      "type": "Feature",
      "properties": {
        "discharge_m3_s": 9283.0,
        "drainage_km2": 119633.89,
        "role": "mouth"
      },
      "geometry": {
        "type": "LineString",
        "coordinates": [
          [
            -145.4242557144317,
            78.94280514985546
          ],
          [
            -135.0,
            79.1274284864095
          ],
          [
            -124.57574428556832,
            78.94280514985546
          ]
        ]
      }
    },
    {
      "type": "Feature",
      "properties": {
        "discharge_m3_s": 12772.56,
        "drainage_km2": 143920.38,
        "role": "mouth"
      },
      "geometry": {
        "type": "LineString",
        "coordinates": [
          [
            -151.84418803805556,
            79.65753031901075
          ],
          [
            -140.76736976706067,
            80.05480747922608
          ],
          [
            -129.23263023293933,
            80.05480747922608
          ],
          [
            -118.15581196194444,
            79.65753031901075
          ]
        ]
      }
    },
    {
      "type": "Feature",
      "properties": {
        "discharge_m3_s": 12051.3,
        "drainage_km2": 144124.83,
        "role": "mouth"
      },
      "geometry": {
        "type": "LineString",
        "coordinates": [
          [
            -159.1018345478541,
            80.22773892569141
          ],
          [
            -147.62309688287917,
            80.8641350260091
          ],
          [
            -135.0,
            81.08671790272412
          ],
          [
            -122.37690311712086,
            80.8641350260091
          ]
        ]
      }
    },
    {
      "type": "Feature",
      "properties": {
        "discharge_m3_s": 107277.76,
        "drainage_km2": 5702790.64,
        "role": "mouth"
      },
      "geometry": {
        "type": "LineString",
        "coordinates": [
          [
            -167.1064796166016,
            80.62709015505075
          ],
          [
            -155.6604316560669,
            81.52161308169971
          ],
          [
            -142.16981549045687,
            82.00752202862016
          ],
          [
            -127.83018450954313,
            82.00752202862016
          ],
          [
            -114.33956834393311,
            81.52161308169971
          ]
        ]
      }
    },
    {
      "type": "Feature",
      "properties": {
        "discharge_m3_s": 107277.76,
        "drainage_km2": 5702790.64,
        "role": "reach"
      },
      "geometry": {
        "type": "LineString",
        "coordinates": [
          [
            145.4242557144317,
            78.94280514985546
          ],
          [
            147.62309688287917,
            80.8641350260091
          ],
          [
            155.6604316560669,
            81.52161308169971
          ],
          [
            164.82683009899887,
            81.98982332835973
          ],
          [
            175.63831244814634,
            80.83327540737501
          ]
        ]
      }
    },
    {
      "type": "Feature",
      "properties": {
        "discharge_m3_s": 107277.76,
        "drainage_km2": 5702790.64,
        "role": "mouth"
      },
      "geometry": {
        "type": "LineString",
        "coordinates": [
          [
            -174.8367320699041,
            82.23449706593739
          ],
          [
            -164.82683009899887,
            81.98982332835973
          ],
          [
            -151.01397825663827,
            82.77467639203658
          ],
          [
            -142.16981549045687,
            82.00752202862016
          ],
          [
            -127.83018450954313,
            82.00752202862016
          ],
          [
            -114.33956834393311,
            81.52161308169971
          ]
        ]
      }
    },
    {
      "type": "Feature",
      "properties": {
        "discharge_m3_s": 107277.76,
        "drainage_km2": 5702790.64,
        "role": "reach"
      },
      "geometry": {
        "type": "LineString",
        "coordinates": [
          [
            139.83240502416655,
            78.10952044280687
          ],
          [
            140.76736976706067,
            80.05480747922608
          ],
          [
            147.62309688287917,
            80.8641350260091
          ],
          [
            155.6604316560669,
            81.52161308169971
          ],
          [
            164.82683009899887,
            81.98982332835973
          ],
          [
            175.63831244814634,
            80.83327540737501
          ]
        ]
      }
    },
    {
      "type": "Feature",
      "properties": {
        "discharge_m3_s": 107277.76,
        "drainage_km2": 5702790.64,
        "role": "mouth"
      },
      "geometry": {
        "type": "LineString",
        "coordinates": [
          [
            -174.8367320699041,
            82.23449706593739
          ],
          [
            -164.82683009899887,
            81.98982332835973
          ],
          [
            -151.01397825663827,
            82.77467639203658
          ],
          [
            -142.16981549045687,
            82.00752202862016
          ],
          [
            -127.83018450954313,
            82.00752202862016
          ],
          [
            -114.33956834393311,
            81.52161308169971
          ]
        ]
      }
    },
    {
      "type": "Feature",
      "properties": {
        "discharge_m3_s": 107277.76,
        "drainage_km2": 5702790.64,
        "role": "reach"
      },
      "geometry": {
        "type": "LineString",
        "coordinates": [
          [
            135.0,
            77.18068908853951
          ],
          [
            135.0,
            79.1274284864095
          ],
          [
            140.76736976706067,
            80.05480747922608
          ],
          [
            147.62309688287917,
            80.8641350260091
          ],
          [
            155.6604316560669,
            81.52161308169971
          ],
          [
            164.82683009899887,
            81.98982332835973
          ],
          [
            175.63831244814634,
            80.83327540737501
          ]
        ]
      }
    },
    {
      "type": "Feature",
      "properties": {
        "discharge_m3_s": 107277.76,
        "drainage_km2": 5702790.64,
        "role": "mouth"
      },
      "geometry": {
        "type": "LineString",
        "coordinates": [
          [
            -174.8367320699041,
            82.23449706593739
          ],
          [
            -164.82683009899887,
            81.98982332835973
          ],
          [
            -151.01397825663827,
            82.77467639203658
          ],
          [
            -142.16981549045687,
            82.00752202862016
          ],
          [
            -127.83018450954313,
            82.00752202862016
          ],
          [
            -114.33956834393311,
            81.52161308169971
          ]
        ]
      }
    },
    {
      "type": "Feature",
      "properties": {
        "discharge_m3_s": 107277.76,
        "drainage_km2": 5702790.64,
        "role": "mouth"
      },
      "geometry": {
        "type": "LineString",
        "coordinates": [
          [
            -175.63831244814634,
            80.83327540737501
          ],
          [
            -164.82683009899887,
            81.98982332835973
          ],
          [
            -151.01397825663827,
            82.77467639203658
          ],
          [
            -142.16981549045687,
            82.00752202862016
          ],
          [
            -127.83018450954313,
            82.00752202862016
          ],
          [
            -114.33956834393311,
            81.52161308169971
          ]
        ]
      }
    },
    {
      "type": "Feature",
      "properties": {
        "discharge_m3_s": 107277.76,
        "drainage_km2": 5702790.64,
        "role": "reach"
      },
      "geometry": {
        "type": "LineString",
        "coordinates": [
          [
            168.80992670883197,
            79.2534468692634
          ],
          [
            175.63831244814634,
            80.83327540737501
          ]
        ]
      }
    },
    {
      "type": "Feature",
      "properties": {
        "discharge_m3_s": 107277.76,
        "drainage_km2": 5702790.64,
        "role": "mouth"
      },
      "geometry": {
        "type": "LineString",
        "coordinates": [
          [
            -174.8367320699041,
            82.23449706593739
          ],
          [
            -164.82683009899887,
            81.98982332835973
          ],
          [
            -151.01397825663827,
            82.77467639203658
          ],
          [
            -142.16981549045687,
            82.00752202862016
          ],
          [
            -127.83018450954313,
            82.00752202862016
          ],
          [
            -114.33956834393311,
            81.52161308169971
          ]
        ]
      }
    },
    {
      "type": "Feature",
      "properties": {
        "discharge_m3_s": 107277.76,
        "drainage_km2": 5702790.64,
        "role": "reach"
      },
      "geometry": {
        "type": "LineString",
        "coordinates": [
          [
            161.73845025527515,
            78.90730732703533
          ],
          [
            167.1064796166016,
            80.62709015505075
          ],
          [
            175.63831244814634,
            80.83327540737501
          ]
        ]
      }
    },
    {
      "type": "Feature",
      "properties": {
        "discharge_m3_s": 107277.76,
        "drainage_km2": 5702790.64,
        "role": "mouth"
      },
      "geometry": {
        "type": "LineString",
        "coordinates": [
          [
            -174.8367320699041,
            82.23449706593739
          ],
          [
            -164.82683009899887,
            81.98982332835973
          ],
          [
            -151.01397825663827,
            82.77467639203658
          ],
          [
            -142.16981549045687,
            82.00752202862016
          ],
          [
            -127.83018450954313,
            82.00752202862016
          ],
          [
            -114.33956834393311,
            81.52161308169971
          ]
        ]
      }
    },
    {
      "type": "Feature",
      "properties": {
        "discharge_m3_s": 9210.43,
        "drainage_km2": 142778.12,
        "role": "mouth"
      },
      "geometry": {
        "type": "LineString",
        "coordinates": [
          [
            -157.86475512413193,
            77.12637458970917
          ],
          [
            -149.22063466457212,
            77.77248998598672
          ],
          [
            -139.83240502416655,
            78.10952044280687
          ],
          [
            -130.16759497583345,
            78.10952044280687
          ]
        ]
      }
    },
    {
      "type": "Feature",
      "properties": {
        "discharge_m3_s": 6536.58,
        "drainage_km2": 1212311.74,
        "role": "mouth"
      },
      "geometry": {
        "type": "LineString",
        "coordinates": [
          [
            110.05409509856267,
            55.295002372964255
          ],
          [
            111.01523626510102,
            53.685487534793225
          ],
          [
            111.86117303026433,
            52.08839938355561
          ],
          [
            113.66754751002108,
            51.72031629932274
          ],
          [
            114.33042372762608,
            50.13778570595432
          ],
          [
            116.03770375316807,
            49.742303968353916
          ]
        ]
      }
    },
    {
      "type": "Feature",
      "properties": {
        "discharge_m3_s": 25590.58,
        "drainage_km2": 2520899.77,
        "role": "mouth"
      },
      "geometry": {
        "type": "LineString",
        "coordinates": [
          [
            118.3701137298287,
            60.98328625141525
          ],
          [
            119.20230681105637,
            59.273621933450784
          ],
          [
            119.92408238441375,
            57.58220474256192
          ],
          [
            120.5522971800376,
            55.91074679632266
          ],
          [
            119.1752066428376,
            54.788860029507255
          ],
          [
            117.86991803970572,
            53.64949079379846
          ],
          [
            118.44843883418768,
            52.03503154945914
          ],
          [
            118.95474623692076,
            50.441452003014234
          ]
        ]
      }
    },
    {
      "type": "Feature",
      "properties": {
        "discharge_m3_s": 25590.58,
        "drainage_km2": 2520899.77,
        "role": "mouth"
      },
      "geometry": {
        "type": "LineString",
        "coordinates": [
          [
            115.58857034797953,
            58.606455520307584
          ],
          [
            117.78409419749943,
            58.113523403511294
          ],
          [
            119.92408238441375,
            57.58220474256192
          ],
          [
            120.5522971800376,
            55.91074679632266
          ],
          [
            119.1752066428376,
            54.788860029507255
          ],
          [
            117.86991803970572,
            53.64949079379846
          ],
          [
            118.44843883418768,
            52.03503154945914
          ],
          [
            118.95474623692076,
            50.441452003014234
          ]
        ]
      }
    },
    {
      "type": "Feature",
      "properties": {
        "discharge_m3_s": 849.52,
        "drainage_km2": 166633.89,
        "role": "mouth"
      },
      "geometry": {
        "type": "LineString",
        "coordinates": [
          [
            113.15864769229957,
            56.17056438584178
          ],
          [
            114.02510228979204,
            54.5385646022685
          ],
          [
            114.78529961778435,
            52.922127671870825
          ],
          [
            115.45251953467455,
            51.32294457260343
          ],
          [
            116.03770375316807,
            49.742303968353916
          ]
        ]
      }
    },
    {
      "type": "Feature",
      "properties": {
        "discharge_m3_s": 6536.58,
        "drainage_km2": 1212311.74,
        "role": "mouth"
      },
      "geometry": {
        "type": "LineString",
        "coordinates": [
          [
            112.05462475344046,
            54.93365844810748
          ],
          [
            112.91306138301172,
            53.319488197355454
          ],
          [
            113.66754751002108,
            51.72031629932274
          ],
          [
            114.33042372762608,
            50.13778570595432
          ],
          [
            116.03770375316807,
            49.742303968353916
          ]
        ]
      }
    },
    {
      "type": "Feature",
      "properties": {
        "discharge_m3_s": 25590.58,
        "drainage_km2": 2520899.77,
        "role": "mouth"
      },
      "geometry": {
        "type": "LineString",
        "coordinates": [
          [
            124.07859707070138,
            62.63649617370418
          ],
          [
            124.66963220504557,
            60.88583778564051
          ],
          [
            128.74857552532447,
            61.20499681672141
          ],
          [
            126.90969291090025,
            60.19416519877359
          ],
          [
            125.17859024457191,
            59.15731293282547
          ],
          [
            123.54705076837108,
            58.09656536170907
          ],
          [
            119.92408238441375,
            57.58220474256192
          ],
          [
            120.5522971800376,
            55.91074679632266
          ],
          [
            119.1752066428376,
            54.788860029507255
          ],
          [
            117.86991803970572,
            53.64949079379846
          ],
          [
            118.44843883418768,
            52.03503154945914
          ],
          [
            118.95474623692076,
            50.441452003014234
          ]
        ]
      }
    },
    {
      "type": "Feature",
      "properties": {
        "discharge_m3_s": 25590.58,
        "drainage_km2": 2520899.77,
        "role": "mouth"
      },
      "geometry": {
        "type": "LineString",
        "coordinates": [
          [
            122.33910638769613,
            61.53708943708998
          ],
          [
            122.98695397980282,
            59.80611693056742
          ],
          [
            126.90969291090025,
            60.19416519877359
          ],
          [
            125.17859024457191,
            59.15731293282547
          ],
          [
            123.54705076837108,
            58.09656536170907
          ],
          [
            119.92408238441375,
            57.58220474256192
          ],
          [
            120.5522971800376,
            55.91074679632266
          ],
          [
            119.1752066428376,
            54.788860029507255
          ],
          [
            117.86991803970572,
            53.64949079379846
          ],
          [
            118.44843883418768,
            52.03503154945914
          ],
          [
            118.95474623692076,
            50.441452003014234
          ]
        ]
      }
    },
    {
      "type": "Feature",
      "properties": {
        "discharge_m3_s": 25590.58,
        "drainage_km2": 2520899.77,
        "role": "mouth"
      },
      "geometry": {
        "type": "LineString",
        "coordinates": [
          [
            120.71733305780415,
            60.415425511974355
          ],
          [
            121.40805661282289,
            58.70427588506562
          ],
          [
            119.92408238441375,
            57.58220474256192
          ],
          [
            120.5522971800376,
            55.91074679632266
          ],
          [
            119.1752066428376,
            54.788860029507255
          ],
          [
            117.86991803970572,
            53.64949079379846
          ],
          [
            118.44843883418768,
            52.03503154945914
          ],
          [
            118.95474623692076,
            50.441452003014234
          ]
        ]
      }
    },
    {
      "type": "Feature",
      "properties": {
        "discharge_m3_s": 25590.58,
        "drainage_km2": 2520899.77,
        "role": "mouth"
      },
      "geometry": {
        "type": "LineString",
        "coordinates": [
          [
            132.64090015814241,
            64.93603760601943
          ],
          [
            132.784642317712,
            63.13877913584263
          ],
          [
            135.0,
            62.27008629391104
          ],
          [
            132.9071332683667,
            61.36630024859489
          ],
          [
            128.74857552532447,
            61.20499681672141
          ],
          [
            126.90969291090025,
            60.19416519877359
          ],
          [
            125.17859024457191,
            59.15731293282547
          ],
          [
            123.54705076837108,
            58.09656536170907
          ],
          [
            119.92408238441375,
            57.58220474256192
          ],
          [
            120.5522971800376,
            55.91074679632266
          ],
          [
            119.1752066428376,
            54.788860029507255
          ],
          [
            117.86991803970572,
            53.64949079379846
          ],
          [
            118.44843883418768,
            52.03503154945914
          ],
          [
            118.95474623692076,
            50.441452003014234
          ]
        ]
      }
    },
    {
      "type": "Feature",
      "properties": {
        "discharge_m3_s": 25590.58,
        "drainage_km2": 2520899.77,
        "role": "mouth"
      },
      "geometry": {
        "type": "LineString",
        "coordinates": [
          [
            130.44003842294785,
            63.969335359565086
          ],
          [
            130.70389365354757,
            62.18742407406851
          ],
          [
            128.74857552532447,
            61.20499681672141
          ],
          [
            126.90969291090025,
            60.19416519877359
          ],
          [
            125.17859024457191,
            59.15731293282547
          ],
          [
            123.54705076837108,
            58.09656536170907
          ],
          [
            119.92408238441375,
            57.58220474256192
          ],
          [
            120.5522971800376,
            55.91074679632266
          ],
          [
            119.1752066428376,
            54.788860029507255
          ],
          [
            117.86991803970572,
            53.64949079379846
          ],
          [
            118.44843883418768,
            52.03503154945914
          ],
          [
            118.95474623692076,
            50.441452003014234
          ]
        ]
      }
    },
    {
      "type": "Feature",
      "properties": {
        "discharge_m3_s": 25590.58,
        "drainage_km2": 2520899.77,
        "role": "mouth"
      },
      "geometry": {
        "type": "LineString",
        "coordinates": [
          [
            128.38549514202788,
            62.97004556157558
          ],
          [
            128.74857552532447,
            61.20499681672141
          ],
          [
            126.90969291090025,
            60.19416519877359
          ],
          [
            125.17859024457191,
            59.15731293282547
          ],
          [
            123.54705076837108,
            58.09656536170907
          ],
          [
            119.92408238441375,
            57.58220474256192
          ],
          [
            120.5522971800376,
            55.91074679632266
          ],
          [
            119.1752066428376,
            54.788860029507255
          ],
          [
            117.86991803970572,
            53.64949079379846
          ],
          [
            118.44843883418768,
            52.03503154945914
          ],
          [
            118.95474623692076,
            50.441452003014234
          ]
        ]
      }
    },
    {
      "type": "Feature",
      "properties": {
        "discharge_m3_s": 25590.58,
        "drainage_km2": 2520899.77,
        "role": "mouth"
      },
      "geometry": {
        "type": "LineString",
        "coordinates": [
          [
            126.46569872800933,
            61.94129254548455
          ],
          [
            128.74857552532447,
            61.20499681672141
          ],
          [
            126.90969291090025,
            60.19416519877359
          ],
          [
            125.17859024457191,
            59.15731293282547
          ],
          [
            123.54705076837108,
            58.09656536170907
          ],
          [
            119.92408238441375,
            57.58220474256192
          ],
          [
            120.5522971800376,
            55.91074679632266
          ],
          [
            119.1752066428376,
            54.788860029507255
          ],
          [
            117.86991803970572,
            53.64949079379846
          ],
          [
            118.44843883418768,
            52.03503154945914
          ],
          [
            118.95474623692076,
            50.441452003014234
          ]
        ]
      }
    },
    {
      "type": "Feature",
      "properties": {
        "discharge_m3_s": 7020.8,
        "drainage_km2": 92514.6,
        "role": "mouth"
      },
      "geometry": {
        "type": "LineString",
        "coordinates": [
          [
            -148.3930525111683,
            68.00414939498302
          ],
          [
            -143.14335177485827,
            68.3999260676286
          ]
        ]
      }
    },
    {
      "type": "Feature",
      "properties": {
        "discharge_m3_s": 4961.97,
        "drainage_km2": 92786.77,
        "role": "mouth"
      },
      "geometry": {
        "type": "LineString",
        "coordinates": [
          [
            -151.57770069463865,
            68.6358893029189
          ],
          [
            -150.33702781605163,
            66.8402681119423
          ]
        ]
      }
    },
    {
      "type": "Feature",
      "properties": {
        "discharge_m3_s": 4165.89,
        "drainage_km2": 115684.92,
        "role": "mouth"
      },
      "geometry": {
        "type": "LineString",
        "coordinates": [
          [
            -154.93423583645333,
            69.20370024046544
          ],
          [
            -153.3942468839133,
            67.42574863563529
          ],
          [
            -150.33702781605163,
            66.8402681119423
          ]
        ]
      }
    },
    {
      "type": "Feature",
      "properties": {
        "discharge_m3_s": 3551.54,
        "drainage_km2": 115934.0,
        "role": "mouth"
      },
      "geometry": {
        "type": "LineString",
        "coordinates": [
          [
            -158.45644724099304,
            69.70250087905315
          ],
          [
            -156.59378163998886,
            67.95005420306167
          ],
          [
            -155.03470933770518,
            66.19650854125783
          ]
        ]
      }
    },
    {
      "type": "Feature",
      "properties": {
        "discharge_m3_s": 6162.93,
        "drainage_km2": 208575.27,
        "role": "mouth"
      },
      "geometry": {
        "type": "LineString",
        "coordinates": [
          [
            -165.94664061838483,
            70.47361640692876
          ],
          [
            -163.3877951862057,
            68.79869000938992
          ],
          [
            -161.24155518569825,
            67.1036320011489
          ],
          [
            -159.42615145364374,
            65.39847641699676
          ]
        ]
      }
    },
    {
      "type": "Feature",
      "properties": {
        "discharge_m3_s": 5159.52,
        "drainage_km2": 138993.31,
        "role": "mouth"
      },
      "geometry": {
        "type": "LineString",
        "coordinates": [
          [
            -169.87472387828794,
            70.73725249448091
          ],
          [
            -166.95629007182436,
            69.1153839327366
          ],
          [
            -164.50085774431307,
            67.46155502153027
          ],
          [
            -168.641003196613,
            66.38363719500373
          ]
        ]
      }
    },
    {
      "type": "Feature",
      "properties": {
        "discharge_m3_s": 5513.32,
        "drainage_km2": 139069.76,
        "role": "mouth"
      },
      "geometry": {
        "type": "LineString",
        "coordinates": [
          [
            -173.88900533303908,
            70.91495966363587
          ],
          [
            -170.6149898858508,
            69.35593299387601
          ],
          [
            -167.8476902599395,
            67.75175843945011
          ],
          [
            -168.641003196613,
            66.38363719500373
          ]
        ]
      }
    },
    {
      "type": "Feature",
      "properties": {
        "discharge_m3_s": 5738.7,
        "drainage_km2": 139087.2,
        "role": "mouth"
      },
      "geometry": {
        "type": "LineString",
        "coordinates": [
          [
            -177.95693002738886,
            71.00441454106401
          ],
          [
            -174.34112674538534,
            69.5177918567699
          ],
          [
            -171.26615258765608,
            67.97175430658383
          ],
          [
            -168.641003196613,
            66.38363719500373
          ]
        ]
      }
    },
    {
      "type": "Feature",
      "properties": {
        "discharge_m3_s": 7455.49,
        "drainage_km2": 504014.16,
        "role": "mouth"
      },
      "geometry": {
        "type": "LineString",
        "coordinates": [
          [
            151.57770069463865,
            68.6358893029189
          ],
          [
            153.3942468839133,
            67.42574863563529
          ],
          [
            158.08282108684017,
            66.68088537125267
          ],
          [
            162.4199553806224,
            65.78815355091179
          ],
          [
            166.38961274791174,
            64.76701459986454
          ]
        ]
      }
    },
    {
      "type": "Feature",
      "properties": {
        "discharge_m3_s": 6109.92,
        "drainage_km2": 181122.89,
        "role": "mouth"
      },
      "geometry": {
        "type": "LineString",
        "coordinates": [
          [
            142.54281100907988,
            66.56892860152135
          ],
          [
            147.4256374780988,
            66.19781705568187
          ],
          [
            152.10434953107696,
            65.65388428648164
          ],
          [
            156.5228785732237,
            64.95082578910865
          ],
          [
            160.64427846116985,
            64.10467546040248
          ],
          [
            164.44960347790294,
            63.13254988128175
          ]
        ]
      }
    },
    {
      "type": "Feature",
      "properties": {
        "discharge_m3_s": 7171.51,
        "drainage_km2": 180449.59,
        "role": "mouth"
      },
      "geometry": {
        "type": "LineString",
        "coordinates": [
          [
            139.87071063833721,
            65.77498491042975
          ],
          [
            144.66059276440194,
            65.50254115778951
          ],
          [
            149.2961510834924,
            65.05648578935214
          ],
          [
            153.71696103073836,
            64.44793930971322
          ],
          [
            157.8788260981768,
            63.69088154167325
          ],
          [
            161.7542413835367,
            62.8009904154507
          ]
        ]
      }
    },
    {
      "type": "Feature",
      "properties": {
        "discharge_m3_s": 25590.58,
        "drainage_km2": 2520899.77,
        "role": "mouth"
      },
      "geometry": {
        "type": "LineString",
        "coordinates": [
          [
            137.35909984185759,
            64.93603760601943
          ],
          [
            137.215357682288,
            63.13877913584263
          ],
          [
            135.0,
            62.27008629391104
          ],
          [
            132.9071332683667,
            61.36630024859489
          ],
          [
            128.74857552532447,
            61.20499681672141
          ],
          [
            126.90969291090025,
            60.19416519877359
          ],
          [
            125.17859024457191,
            59.15731293282547
          ],
          [
            123.54705076837108,
            58.09656536170907
          ],
          [
            119.92408238441375,
            57.58220474256192
          ],
          [
            120.5522971800376,
            55.91074679632266
          ],
          [
            119.1752066428376,
            54.788860029507255
          ],
          [
            117.86991803970572,
            53.64949079379846
          ],
          [
            118.44843883418768,
            52.03503154945914
          ],
          [
            118.95474623692076,
            50.441452003014234
          ]
        ]
      }
    },
    {
      "type": "Feature",
      "properties": {
        "discharge_m3_s": 25590.58,
        "drainage_km2": 2520899.77,
        "role": "mouth"
      },
      "geometry": {
        "type": "LineString",
        "coordinates": [
          [
            135.0,
            64.0560856233165
          ],
          [
            135.0,
            62.27008629391104
          ],
          [
            132.9071332683667,
            61.36630024859489
          ],
          [
            128.74857552532447,
            61.20499681672141
          ],
          [
            126.90969291090025,
            60.19416519877359
          ],
          [
            125.17859024457191,
            59.15731293282547
          ],
          [
            123.54705076837108,
            58.09656536170907
          ],
          [
            119.92408238441375,
            57.58220474256192
          ],
          [
            120.5522971800376,
            55.91074679632266
          ],
          [
            119.1752066428376,
            54.788860029507255
          ],
          [
            117.86991803970572,
            53.64949079379846
          ],
          [
            118.44843883418768,
            52.03503154945914
          ],
          [
            118.95474623692076,
            50.441452003014234
          ]
        ]
      }
    },
    {
      "type": "Feature",
      "properties": {
        "discharge_m3_s": 7965.24,
        "drainage_km2": 137923.25,
        "role": "mouth"
      },
      "geometry": {
        "type": "LineString",
        "coordinates": [
          [
            -178.10899849700812,
            69.59917975498908
          ],
          [
            -174.73781327837045,
            68.11956759223156
          ],
          [
            -171.8439009212739,
            66.5852044238351
          ],
          [
            -168.641003196613,
            66.38363719500373
          ]
        ]
      }
    },
    {
      "type": "Feature",
      "properties": {
        "discharge_m3_s": 7834.86,
        "drainage_km2": 137883.24,
        "role": "mouth"
      },
      "geometry": {
        "type": "LineString",
        "coordinates": [
          [
            -178.24224737463376,
            68.19382603002984
          ],
          [
            -175.08903801617464,
            66.72047030474911
          ],
          [
            -172.36047678251452,
            65.19666220170714
          ]
        ]
      }
    },
    {
      "type": "Feature",
      "properties": {
        "discharge_m3_s": 5779.49,
        "drainage_km2": 137788.51,
        "role": "reach"
      },
      "geometry": {
        "type": "LineString",
        "coordinates": [
          [
            174.34112674538534,
            69.5177918567699
          ],
          [
            178.24224737463376,
            68.19382603002984
          ]
        ]
      }
    },
    {
      "type": "Feature",
      "properties": {
        "discharge_m3_s": 5779.49,
        "drainage_km2": 137788.51,
        "role": "mouth"
      },
      "geometry": {
        "type": "LineString",
        "coordinates": [
          [
            -178.36009914835296,
            66.788374196998
          ],
          [
            -175.402527262758,
            65.32064165056988
          ]
        ]
      }
    },
    {
      "type": "Feature",
      "properties": {
        "discharge_m3_s": 5232.02,
        "drainage_km2": 158319.82,
        "role": "mouth"
      },
      "geometry": {
        "type": "LineString",
        "coordinates": [
          [
            150.33702781605163,
            66.8402681119423
          ],
          [
            155.03470933770518,
            66.19650854125783
          ],
          [
            159.42615145364374,
            65.39847641699676
          ],
          [
            163.48384143888362,
            64.46406379200255
          ],
          [
            166.38961274791174,
            64.76701459986454
          ]
        ]
      }
    },
    {
      "type": "Feature",
      "properties": {
        "discharge_m3_s": 591.85,
        "drainage_km2": 101826.16,
        "role": "mouth"
      },
      "geometry": {
        "type": "LineString",
        "coordinates": [
          [
            117.21517701798903,
            50.8965624151274
          ],
          [
            116.03770375316807,
            49.742303968353916
          ]
        ]
      }
    },
    {
      "type": "Feature",
      "properties": {
        "discharge_m3_s": 25590.58,
        "drainage_km2": 2520899.77,
        "role": "mouth"
      },
      "geometry": {
        "type": "LineString",
        "coordinates": [
          [
            139.29610634645246,
            62.18742407406851
          ],
          [
            135.0,
            62.27008629391104
          ],
          [
            132.9071332683667,
            61.36630024859489
          ],
          [
            128.74857552532447,
            61.20499681672141
          ],
          [
            126.90969291090025,
            60.19416519877359
          ],
          [
            125.17859024457191,
            59.15731293282547
          ],
          [
            123.54705076837108,
            58.09656536170907
          ],
          [
            119.92408238441375,
            57.58220474256192
          ],
          [
            120.5522971800376,
            55.91074679632266
          ],
          [
            119.1752066428376,
            54.788860029507255
          ],
          [
            117.86991803970572,
            53.64949079379846
          ],
          [
            118.44843883418768,
            52.03503154945914
          ],
          [
            118.95474623692076,
            50.441452003014234
          ]
        ]
      }
    },
    {
      "type": "Feature",
      "properties": {
        "discharge_m3_s": 8765.68,
        "drainage_km2": 220370.16,
        "role": "mouth"
      },
      "geometry": {
        "type": "LineString",
        "coordinates": [
          [
            148.41424360520995,
            63.28789152136801
          ],
          [
            151.01314033747886,
            63.892664456718336
          ],
          [
            155.19377932290155,
            63.22488347676219
          ],
          [
            159.11951897218867,
            62.41847695951148
          ],
          [
            161.7542413835367,
            62.8009904154507
          ]
        ]
      }
    },
    {
      "type": "Feature",
      "properties": {
        "discharge_m3_s": 25590.58,
        "drainage_km2": 2520899.77,
        "role": "mouth"
      },
      "geometry": {
        "type": "LineString",
        "coordinates": [
          [
            139.0703040411492,
            60.4302006114277
          ],
          [
            137.09286673163334,
            61.36630024859489
          ],
          [
            132.9071332683667,
            61.36630024859489
          ],
          [
            128.74857552532447,
            61.20499681672141
          ],
          [
            126.90969291090025,
            60.19416519877359
          ],
          [
            125.17859024457191,
            59.15731293282547
          ],
          [
            123.54705076837108,
            58.09656536170907
          ],
          [
            119.92408238441375,
            57.58220474256192
          ],
          [
            120.5522971800376,
            55.91074679632266
          ],
          [
            119.1752066428376,
            54.788860029507255
          ],
          [
            117.86991803970572,
            53.64949079379846
          ],
          [
            118.44843883418768,
            52.03503154945914
          ],
          [
            118.95474623692076,
            50.441452003014234
          ]
        ]
      }
    },
    {
      "type": "Feature",
      "properties": {
        "discharge_m3_s": 6254.68,
        "drainage_km2": 99696.67,
        "role": "mouth"
      },
      "geometry": {
        "type": "LineString",
        "coordinates": [
          [
            124.02919024639047,
            48.90658427490582
          ],
          [
            122.36219742778061,
            49.44618093530106
          ]
        ]
      }
    },
    {
      "type": "Feature",
      "properties": {
        "discharge_m3_s": 15985.19,
        "drainage_km2": 427438.6,
        "role": "mouth"
      },
      "geometry": {
        "type": "LineString",
        "coordinates": [
          [
            131.67609140334287,
            52.03512964189872
          ],
          [
            130.0979256006484,
            51.14769513826502
          ],
          [
            126.87788325574927,
            50.87856879528595
          ],
          [
            125.4277689775864,
            49.903611368281545
          ],
          [
            122.36219742778061,
            49.44618093530106
          ]
        ]
      }
    },
    {
      "type": "Feature",
      "properties": {
        "discharge_m3_s": 201.28,
        "drainage_km2": 143060.16,
        "role": "mouth"
      },
      "geometry": {
        "type": "LineString",
        "coordinates": [
          [
            145.17445731347425,
            53.10728730013201
          ],
          [
            148.42083091312654,
            52.632639406389416
          ],
          [
            151.55156116581233,
            52.03503154945914
          ],
          [
            154.54748046532544,
            51.32294457260343
          ]
        ]
      }
    },
    {
      "type": "Feature",
      "properties": {
        "discharge_m3_s": 154.49,
        "drainage_km2": 103546.54,
        "role": "mouth"
      },
      "geometry": {
        "type": "LineString",
        "coordinates": [
          [
            154.03603402179712,
            54.1103075455288
          ],
          [
            155.97489771020796,
            54.5385646022685
          ]
        ]
      }
    },
    {
      "type": "Feature",
      "properties": {
        "discharge_m3_s": 211.36,
        "drainage_km2": 103228.58,
        "role": "mouth"
      },
      "geometry": {
        "type": "LineString",
        "coordinates": [
          [
            152.13008196029432,
            53.64949079379846
          ],
          [
            155.21470038221568,
            52.922127671870825
          ]
        ]
      }
    },
    {
      "type": "Feature",
      "properties": {
        "discharge_m3_s": 204.74,
        "drainage_km2": 122954.22,
        "role": "mouth"
      },
      "geometry": {
        "type": "LineString",
        "coordinates": [
          [
            150.25808258826132,
            53.15672844152648
          ],
          [
            153.36924124523813,
            52.49383073210583
          ],
          [
            155.21470038221568,
            52.922127671870825
          ]
        ]
      }
    },
    {
      "type": "Feature",
      "properties": {
        "discharge_m3_s": 1713.92,
        "drainage_km2": 120767.86,
        "role": "mouth"
      },
      "geometry": {
        "type": "LineString",
        "coordinates": [
          [
            148.00260808321656,
            51.02768657623683
          ],
          [
            151.04525376307924,
            50.441452003014234
          ],
          [
            152.78482298201095,
            50.8965624151274
          ]
        ]
      }
    },
    {
      "type": "Feature",
      "properties": {
        "discharge_m3_s": 129.19,
        "drainage_km2": 98245.53,
        "role": "mouth"
      },
      "geometry": {
        "type": "LineString",
        "coordinates": [
          [
            150.21771055578617,
            47.31951571082545
          ],
          [
            151.82649320580484,
            47.76327341214298
          ]
        ]
      }
    },
    {
      "type": "Feature",
      "properties": {
        "discharge_m3_s": 1385.75,
        "drainage_km2": 116858.18,
        "role": "mouth"
      },
      "geometry": {
        "type": "LineString",
        "coordinates": [
          [
            145.48386705602786,
            45.83315324918404
          ],
          [
            148.34142259165395,
            45.33054221105133
          ],
          [
            151.10278404764307,
            44.71506774483501
          ]
        ]
      }
    },
    {
      "type": "Feature",
      "properties": {
        "discharge_m3_s": 625.16,
        "drainage_km2": 97153.98,
        "role": "mouth"
      },
      "geometry": {
        "type": "LineString",
        "coordinates": [
          [
            149.88406567485376,
            45.791879970435
          ],
          [
            151.43815335221072,
            46.22838993706744
          ]
        ]
      }
    },
    {
      "type": "Feature",
      "properties": {
        "discharge_m3_s": 556.77,
        "drainage_km2": 96139.89,
        "role": "mouth"
      },
      "geometry": {
        "type": "LineString",
        "coordinates": [
          [
            149.5973407126842,
            44.28663051788243
          ],
          [
            151.10278404764307,
            44.71506774483501
          ]
        ]
      }
    },
    {
      "type": "Feature",
      "properties": {
        "discharge_m3_s": 47.97,
        "drainage_km2": 96071.91,
        "role": "mouth"
      },
      "geometry": {
        "type": "LineString",
        "coordinates": [
          [
            148.09983101883606,
            43.8342487675471
          ],
          [
            150.81592326771073,
            43.223366034162744
          ]
        ]
      }
    },
    {
      "type": "Feature",
      "properties": {
        "discharge_m3_s": 3055.39,
        "drainage_km2": 207538.34,
        "role": "mouth"
      },
      "geometry": {
        "type": "LineString",
        "coordinates": [
          [
            139.28948256631742,
            40.60485402421437
          ],
          [
            142.11423205523778,
            40.35117943987625
          ],
          [
            144.88795008947133,
            39.97501155580784
          ],
          [
            146.953125,
            39.279732552054085
          ]
        ]
      }
    },
    {
      "type": "Feature",
      "properties": {
        "discharge_m3_s": 535.35,
        "drainage_km2": 95210.37,
        "role": "mouth"
      },
      "geometry": {
        "type": "LineString",
        "coordinates": [
          [
            149.353728088601,
            42.80369294644688
          ],
          [
            150.81592326771073,
            43.223366034162744
          ]
        ]
      }
    },
    {
      "type": "Feature",
      "properties": {
        "discharge_m3_s": 633.38,
        "drainage_km2": 95207.3,
        "role": "mouth"
      },
      "geometry": {
        "type": "LineString",
        "coordinates": [
          [
            147.89616816400738,
            42.360832644896476
          ],
          [
            150.57390295613885,
            41.75318932399425
          ]
        ]
      }
    },
    {
      "type": "Feature",
      "properties": {
        "discharge_m3_s": 579.62,
        "drainage_km2": 94439.09,
        "role": "mouth"
      },
      "geometry": {
        "type": "LineString",
        "coordinates": [
          [
            147.72783583902063,
            40.90999146817201
          ],
          [
            146.953125,
            39.279732552054085
          ]
        ]
      }
    },
    {
      "type": "Feature",
      "properties": {
        "discharge_m3_s": 28736.71,
        "drainage_km2": 4320599.0,
        "role": "mouth"
      },
      "geometry": {
        "type": "LineString",
        "coordinates": [
          [
            -172.49182807291854,
            -49.678651352671416
          ],
          [
            -172.1111817279512,
            -51.0620636764722
          ],
          [
            -171.70721375565736,
            -52.44375996388283
          ],
          [
            -171.27722296399622,
            -53.82359278135204
          ],
          [
            -170.8180932497981,
            -55.20139188309168
          ],
          [
            -170.3262110212253,
            -56.57695937654383
          ],
          [
            -169.79736243688362,
            -57.95006368007751
          ],
          [
            -169.22660456727868,
            -59.3204319099664
          ],
          [
            -168.608102577075,
            -60.68774020501771
          ],
          [
            -167.93492223880375,
            -62.0516013157307
          ],
          [
            -167.19876318110815,
            -63.41154852584513
          ],
          [
            -166.38961274791174,
            -64.76701459986457
          ],
          [
            -165.49529246084836,
            -66.1173039022847
          ],
          [
            -164.50085774431307,
            -67.46155502153027
          ],
          [
            -163.3877951862057,
            -68.79869000938992
          ],
          [
            -162.1329378511057,
            -70.12734448353255
          ],
          [
            -156.7944605356053,
            -70.9817239918795
          ]
        ]
      }
    },
    {
      "type": "Feature",
      "properties": {
        "discharge_m3_s": 315.37,
        "drainage_km2": 174139.0,
        "role": "mouth"
      },
      "geometry": {
        "type": "LineString",
        "coordinates": [
          [
            159.3685437975528,
            -48.041677242660036
          ],
          [
            161.8426060906298,
            -47.059414277397714
          ]
        ]
      }
    },
    {
      "type": "Feature",
      "properties": {
        "discharge_m3_s": 2972.7,
        "drainage_km2": 97243.94,
        "role": "mouth"
      },
      "geometry": {
        "type": "LineString",
        "coordinates": [
          [
            140.80708083205266,
            -42.64762658769188
          ],
          [
            143.6565450528055,
            -42.33129398035122
          ]
        ]
      }
    },
    {
      "type": "Feature",
      "properties": {
        "discharge_m3_s": 28736.71,
        "drainage_km2": 4320599.0,
        "role": "mouth"
      },
      "geometry": {
        "type": "LineString",
        "coordinates": [
          [
            -169.87893813043317,
            -52.300455305900016
          ],
          [
            -171.27722296399622,
            -53.82359278135204
          ],
          [
            -170.8180932497981,
            -55.20139188309168
          ],
          [
            -170.3262110212253,
            -56.57695937654383
          ],
          [
            -169.79736243688362,
            -57.95006368007751
          ],
          [
            -169.22660456727868,
            -59.3204319099664
          ],
          [
            -168.608102577075,
            -60.68774020501771
          ],
          [
            -167.93492223880375,
            -62.0516013157307
          ],
          [
            -167.19876318110815,
            -63.41154852584513
          ],
          [
            -166.38961274791174,
            -64.76701459986457
          ],
          [
            -165.49529246084836,
            -66.1173039022847
          ],
          [
            -164.50085774431307,
            -67.46155502153027
          ],
          [
            -163.3877951862057,
            -68.79869000938992
          ],
          [
            -162.1329378511057,
            -70.12734448353255
          ],
          [
            -156.7944605356053,
            -70.9817239918795
          ]
        ]
      }
    },
    {
      "type": "Feature",
      "properties": {
        "discharge_m3_s": 28736.71,
        "drainage_km2": 4320599.0,
        "role": "mouth"
      },
      "geometry": {
        "type": "LineString",
        "coordinates": [
          [
            -173.20576356274685,
            -53.94871223197169
          ],
          [
            -170.8180932497981,
            -55.20139188309168
          ],
          [
            -170.3262110212253,
            -56.57695937654383
          ],
          [
            -169.79736243688362,
            -57.95006368007751
          ],
          [
            -169.22660456727868,
            -59.3204319099664
          ],
          [
            -168.608102577075,
            -60.68774020501771
          ],
          [
            -167.93492223880375,
            -62.0516013157307
          ],
          [
            -167.19876318110815,
            -63.41154852584513
          ],
          [
            -166.38961274791174,
            -64.76701459986457
          ],
          [
            -165.49529246084836,
            -66.1173039022847
          ],
          [
            -164.50085774431307,
            -67.46155502153027
          ],
          [
            -163.3877951862057,
            -68.79869000938992
          ],
          [
            -162.1329378511057,
            -70.12734448353255
          ],
          [
            -156.7944605356053,
            -70.9817239918795
          ]
        ]
      }
    },
    {
      "type": "Feature",
      "properties": {
        "discharge_m3_s": 28736.71,
        "drainage_km2": 4320599.0,
        "role": "mouth"
      },
      "geometry": {
        "type": "LineString",
        "coordinates": [
          [
            -175.14166173658577,
            -54.04266107040119
          ],
          [
            -172.8457768966202,
            -55.337676051116226
          ],
          [
            -170.3262110212253,
            -56.57695937654383
          ],
          [
            -169.79736243688362,
            -57.95006368007751
          ],
          [
            -169.22660456727868,
            -59.3204319099664
          ],
          [
            -168.608102577075,
            -60.68774020501771
          ],
          [
            -167.93492223880375,
            -62.0516013157307
          ],
          [
            -167.19876318110815,
            -63.41154852584513
          ],
          [
            -166.38961274791174,
            -64.76701459986457
          ],
          [
            -165.49529246084836,
            -66.1173039022847
          ],
          [
            -164.50085774431307,
            -67.46155502153027
          ],
          [
            -163.3877951862057,
            -68.79869000938992
          ],
          [
            -162.1329378511057,
            -70.12734448353255
          ],
          [
            -156.7944605356053,
            -70.9817239918795
          ]
        ]
      }
    },
    {
      "type": "Feature",
      "properties": {
        "discharge_m3_s": 28736.71,
        "drainage_km2": 4320599.0,
        "role": "mouth"
      },
      "geometry": {
        "type": "LineString",
        "coordinates": [
          [
            -174.8829655741043,
            -55.44006260916572
          ],
          [
            -172.4597050790751,
            -56.72527061497755
          ],
          [
            -170.3262110212253,
            -56.57695937654383
          ],
          [
            -169.79736243688362,
            -57.95006368007751
          ],
          [
            -169.22660456727868,
            -59.3204319099664
          ],
          [
            -168.608102577075,
            -60.68774020501771
          ],
          [
            -167.93492223880375,
            -62.0516013157307
          ],
          [
            -167.19876318110815,
            -63.41154852584513
          ],
          [
            -166.38961274791174,
            -64.76701459986457
          ],
          [
            -165.49529246084836,
            -66.1173039022847
          ],
          [
            -164.50085774431307,
            -67.46155502153027
          ],
          [
            -163.3877951862057,
            -68.79869000938992
          ],
          [
            -162.1329378511057,
            -70.12734448353255
          ],
          [
            -156.7944605356053,
            -70.9817239918795
          ]
        ]
      }
    },
    {
      "type": "Feature",
      "properties": {
        "discharge_m3_s": 28736.71,
        "drainage_km2": 4320599.0,
        "role": "mouth"
      },
      "geometry": {
        "type": "LineString",
        "coordinates": [
          [
            -176.92701486905466,
            -55.508403666535564
          ],
          [
            -174.60530267589613,
            -56.83675805772637
          ],
          [
            -172.04412612207543,
            -58.1113511547877
          ],
          [
            -170.3262110212253,
            -56.57695937654383
          ],
          [
            -169.79736243688362,
            -57.95006368007751
          ],
          [
            -169.22660456727868,
            -59.3204319099664
          ],
          [
            -168.608102577075,
            -60.68774020501771
          ],
          [
            -167.93492223880375,
            -62.0516013157307
          ],
          [
            -167.19876318110815,
            -63.41154852584513
          ],
          [
            -166.38961274791174,
            -64.76701459986457
          ],
          [
            -165.49529246084836,
            -66.1173039022847
          ],
          [
            -164.50085774431307,
            -67.46155502153027
          ],
          [
            -163.3877951862057,
            -68.79869000938992
          ],
          [
            -162.1329378511057,
            -70.12734448353255
          ],
          [
            -156.7944605356053,
            -70.9817239918795
          ]
        ]
      }
    },
    {
      "type": "Feature",
      "properties": {
        "discharge_m3_s": 28736.71,
        "drainage_km2": 4320599.0,
        "role": "mouth"
      },
      "geometry": {
        "type": "LineString",
        "coordinates": [
          [
            -178.97520942170868,
            -55.54259935565732
          ],
          [
            -176.75965121692704,
            -56.911205214963495
          ],
          [
            -174.30614836645793,
            -58.23267171272747
          ],
          [
            -172.04412612207543,
            -58.1113511547877
          ],
          [
            -170.3262110212253,
            -56.57695937654383
          ],
          [
            -169.79736243688362,
            -57.95006368007751
          ],
          [
            -169.22660456727868,
            -59.3204319099664
          ],
          [
            -168.608102577075,
            -60.68774020501771
          ],
          [
            -167.93492223880375,
            -62.0516013157307
          ],
          [
            -167.19876318110815,
            -63.41154852584513
          ],
          [
            -166.38961274791174,
            -64.76701459986457
          ],
          [
            -165.49529246084836,
            -66.1173039022847
          ],
          [
            -164.50085774431307,
            -67.46155502153027
          ],
          [
            -163.3877951862057,
            -68.79869000938992
          ],
          [
            -162.1329378511057,
            -70.12734448353255
          ],
          [
            -156.7944605356053,
            -70.9817239918795
          ]
        ]
      }
    },
    {
      "type": "Feature",
      "properties": {
        "discharge_m3_s": 28736.71,
        "drainage_km2": 4320599.0,
        "role": "mouth"
      },
      "geometry": {
        "type": "LineString",
        "coordinates": [
          [
            -178.91929317892698,
            -56.948465702744244
          ],
          [
            -176.57922379330734,
            -58.31372304832284
          ],
          [
            -174.30614836645793,
            -58.23267171272747
          ],
          [
            -172.04412612207543,
            -58.1113511547877
          ],
          [
            -170.3262110212253,
            -56.57695937654383
          ],
          [
            -169.79736243688362,
            -57.95006368007751
          ],
          [
            -169.22660456727868,
            -59.3204319099664
          ],
          [
            -168.608102577075,
            -60.68774020501771
          ],
          [
            -167.93492223880375,
            -62.0516013157307
          ],
          [
            -167.19876318110815,
            -63.41154852584513
          ],
          [
            -166.38961274791174,
            -64.76701459986457
          ],
          [
            -165.49529246084836,
            -66.1173039022847
          ],
          [
            -164.50085774431307,
            -67.46155502153027
          ],
          [
            -163.3877951862057,
            -68.79869000938992
          ],
          [
            -162.1329378511057,
            -70.12734448353255
          ],
          [
            -156.7944605356053,
            -70.9817239918795
          ]
        ]
      }
    },
    {
      "type": "Feature",
      "properties": {
        "discharge_m3_s": 28736.71,
        "drainage_km2": 4320599.0,
        "role": "mouth"
      },
      "geometry": {
        "type": "LineString",
        "coordinates": [
          [
            -178.85899388918304,
            -58.35430039885563
          ],
          [
            -176.38390012642228,
            -59.7159242984637
          ],
          [
            -174.30614836645793,
            -58.23267171272747
          ],
          [
            -172.04412612207543,
            -58.1113511547877
          ],
          [
            -170.3262110212253,
            -56.57695937654383
          ],
          [
            -169.79736243688362,
            -57.95006368007751
          ],
          [
            -169.22660456727868,
            -59.3204319099664
          ],
          [
            -168.608102577075,
            -60.68774020501771
          ],
          [
            -167.93492223880375,
            -62.0516013157307
          ],
          [
            -167.19876318110815,
            -63.41154852584513
          ],
          [
            -166.38961274791174,
            -64.76701459986457
          ],
          [
            -165.49529246084836,
            -66.1173039022847
          ],
          [
            -164.50085774431307,
            -67.46155502153027
          ],
          [
            -163.3877951862057,
            -68.79869000938992
          ],
          [
            -162.1329378511057,
            -70.12734448353255
          ],
          [
            -156.7944605356053,
            -70.9817239918795
          ]
        ]
      }
    },
    {
      "type": "Feature",
      "properties": {
        "discharge_m3_s": 28736.71,
        "drainage_km2": 4320599.0,
        "role": "reach"
      },
      "geometry": {
        "type": "LineString",
        "coordinates": [
          [
            176.75965121692704,
            -56.911205214963495
          ],
          [
            178.85899388918304,
            -58.35430039885563
          ]
        ]
      }
    },
    {
      "type": "Feature",
      "properties": {
        "discharge_m3_s": 28736.71,
        "drainage_km2": 4320599.0,
        "role": "mouth"
      },
      "geometry": {
        "type": "LineString",
        "coordinates": [
          [
            -178.7936934616472,
            -59.760099759020235
          ],
          [
            -176.17149431154095,
            -61.1177696550815
          ],
          [
            -173.24693368542137,
            -62.41473376938588
          ],
          [
            -169.99374914855767,
            -63.63656979593969
          ],
          [
            -166.38961274791174,
            -64.76701459986457
          ],
          [
            -165.49529246084836,
            -66.1173039022847
          ],
          [
            -164.50085774431307,
            -67.46155502153027
          ],
          [
            -163.3877951862057,
            -68.79869000938992
          ],
          [
            -162.1329378511057,
            -70.12734448353255
          ],
          [
            -156.7944605356053,
            -70.9817239918795
          ]
        ]
      }
    },
    {
      "type": "Feature",
      "properties": {
        "discharge_m3_s": 100404.65,
        "drainage_km2": 5460133.58,
        "role": "mouth"
      },
      "geometry": {
        "type": "LineString",
        "coordinates": [
          [
            157.94537524655954,
            -54.93365844810748
          ],
          [
            154.79684678355636,
            -55.744675566878875
          ],
          [
            153.546267504792,
            -56.93673914583269
          ],
          [
            150.07591761558623,
            -57.58220474256192
          ],
          [
            146.45294923162893,
            -58.09656536170907
          ],
          [
            144.38095789837215,
            -57.45208648882565
          ],
          [
            140.66997052388808,
            -57.748785517100636
          ],
          [
            136.89701443626873,
            -57.89853103657282
          ],
          [
            136.81839286557695,
            -56.204277594005575
          ],
          [
            135.0,
            -57.06655108215465
          ],
          [
            133.10298556373127,
            -57.89853103657282
          ],
          [
            129.33002947611195,
            -57.748785517100636
          ],
          [
            125.61904210162788,
            -57.452086488825636
          ],
          [
            123.54705076837108,
            -58.09656536170907
          ],
          [
            122.98695397980282,
            -59.80611693056742
          ],
          [
            122.33910638769616,
            -61.53708943708998
          ],
          [
            118.3701137298287,
            -60.98328625141525
          ],
          [
            115.94655614168614,
            -61.507723678289885
          ],
          [
            112.19705456293543,
            -60.73530850444923
          ],
          [
            109.74065904448612,
            -61.13510821584755
          ],
          [
            106.2956726714696,
            -60.16871329166327
          ],
          [
            104.66924778474599,
            -61.79457852657638
          ]
        ]
      }
    },
    {
      "type": "Feature",
      "properties": {
        "discharge_m3_s": 28736.71,
        "drainage_km2": 4320599.0,
        "role": "reach"
      },
      "geometry": {
        "type": "LineString",
        "coordinates": [
          [
            176.57922379330734,
            -58.31372304832284
          ],
          [
            178.7936934616472,
            -59.760099759020235
          ]
        ]
      }
    },
    {
      "type": "Feature",
      "properties": {
        "discharge_m3_s": 28736.71,
        "drainage_km2": 4320599.0,
        "role": "mouth"
      },
      "geometry": {
        "type": "LineString",
        "coordinates": [
          [
            -178.7226537183126,
            -61.16585937214187
          ],
          [
            -175.93937729941027,
            -62.51921169796662
          ],
          [
            -172.82556701276977,
            -63.806425992143815
          ],
          [
            -169.35212633621995,
            -65.01172218691426
          ],
          [
            -165.49529246084836,
            -66.1173039022847
          ],
          [
            -164.50085774431307,
            -67.46155502153027
          ],
          [
            -163.3877951862057,
            -68.79869000938992
          ],
          [
            -162.1329378511057,
            -70.12734448353255
          ],
          [
            -156.7944605356053,
            -70.9817239918795
          ]
        ]
      }
    },
    {
      "type": "Feature",
      "properties": {
        "discharge_m3_s": 28736.71,
        "drainage_km2": 4320599.0,
        "role": "reach"
      },
      "geometry": {
        "type": "LineString",
        "coordinates": [
          [
            174.30614836645793,
            -58.23267171272747
          ],
          [
            176.38390012642228,
            -59.7159242984637
          ],
          [
            178.7226537183126,
            -61.16585937214187
          ]
        ]
      }
    },
    {
      "type": "Feature",
      "properties": {
        "discharge_m3_s": 28736.71,
        "drainage_km2": 4320599.0,
        "role": "mouth"
      },
      "geometry": {
        "type": "LineString",
        "coordinates": [
          [
            -178.64498562438803,
            -62.57157391173657
          ],
          [
            -175.68435847909734,
            -63.920192694410304
          ],
          [
            -172.36047678251452,
            -65.19666220170714
          ],
          [
            -168.641003196613,
            -66.38363719500373
          ],
          [
            -164.50085774431307,
            -67.46155502153027
          ],
          [
            -163.3877951862057,
            -68.79869000938992
          ],
          [
            -162.1329378511057,
            -70.12734448353255
          ],
          [
            -156.7944605356053,
            -70.9817239918795
          ]
        ]
      }
    },
    {
      "type": "Feature",
      "properties": {
        "discharge_m3_s": 28736.71,
        "drainage_km2": 4320599.0,
        "role": "reach"
      },
      "geometry": {
        "type": "LineString",
        "coordinates": [
          [
            169.79736243688362,
            -57.95006368007751
          ],
          [
            171.59500959698866,
            -59.49574657177927
          ],
          [
            173.63086758869193,
            -61.021777549298776
          ],
          [
            175.93937729941027,
            -62.51921169796662
          ],
          [
            178.55960855513516,
            -63.977236885429114
          ]
        ]
      }
    },
    {
      "type": "Feature",
      "properties": {
        "discharge_m3_s": 28736.71,
        "drainage_km2": 4320599.0,
        "role": "mouth"
      },
      "geometry": {
        "type": "LineString",
        "coordinates": [
          [
            -178.46519562098976,
            -65.3828402987575
          ],
          [
            -175.08903801617464,
            -66.72047030474911
          ],
          [
            -171.26615258765608,
            -67.97175430658383
          ],
          [
            -166.95629007182436,
            -69.1153839327366
          ],
          [
            -162.1329378511057,
            -70.12734448353255
          ],
          [
            -156.7944605356053,
            -70.9817239918795
          ]
        ]
      }
    },
    {
      "type": "Feature",
      "properties": {
        "discharge_m3_s": 28736.71,
        "drainage_km2": 4320599.0,
        "role": "reach"
      },
      "geometry": {
        "type": "LineString",
        "coordinates": [
          [
            173.98251989223567,
            -59.62771389839532
          ],
          [
            176.17149431154095,
            -61.1177696550815
          ],
          [
            178.64498562438803,
            -62.57157391173657
          ]
        ]
      }
    },
    {
      "type": "Feature",
      "properties": {
        "discharge_m3_s": 28736.71,
        "drainage_km2": 4320599.0,
        "role": "mouth"
      },
      "geometry": {
        "type": "LineString",
        "coordinates": [
          [
            -178.55960855513516,
            -63.977236885429114
          ],
          [
            -175.402527262758,
            -65.32064165056988
          ],
          [
            -171.8439009212739,
            -66.58520442383507
          ],
          [
            -167.8476902599395,
            -67.75175843945014
          ],
          [
            -163.3877951862057,
            -68.79869000938992
          ],
          [
            -162.1329378511057,
            -70.12734448353255
          ],
          [
            -156.7944605356053,
            -70.9817239918795
          ]
        ]
      }
    },
    {
      "type": "Feature",
      "properties": {
        "discharge_m3_s": 100404.65,
        "drainage_km2": 5460133.58,
        "role": "mouth"
      },
      "geometry": {
        "type": "LineString",
        "coordinates": [
          [
            157.8302532926315,
            -57.81595194897889
          ],
          [
            155.665913585037,
            -57.3952104643144
          ],
          [
            152.2159058025006,
            -58.113523403511294
          ],
          [
            150.07591761558623,
            -57.58220474256192
          ],
          [
            146.45294923162893,
            -58.09656536170907
          ],
          [
            144.38095789837215,
            -57.45208648882565
          ],
          [
            140.66997052388808,
            -57.748785517100636
          ],
          [
            136.89701443626873,
            -57.89853103657282
          ],
          [
            136.81839286557695,
            -56.204277594005575
          ],
          [
            135.0,
            -57.06655108215465
          ],
          [
            133.10298556373127,
            -57.89853103657282
          ],
          [
            129.33002947611195,
            -57.748785517100636
          ],
          [
            125.61904210162788,
            -57.452086488825636
          ],
          [
            123.54705076837108,
            -58.09656536170907
          ],
          [
            122.98695397980282,
            -59.80611693056742
          ],
          [
            122.33910638769616,
            -61.53708943708998
          ],
          [
            118.3701137298287,
            -60.98328625141525
          ],
          [
            115.94655614168614,
            -61.507723678289885
          ],
          [
            112.19705456293543,
            -60.73530850444923
          ],
          [
            109.74065904448612,
            -61.13510821584755
          ],
          [
            106.2956726714696,
            -60.16871329166327
          ],
          [
            104.66924778474599,
            -61.79457852657638
          ]
        ]
      }
    },
    {
      "type": "Feature",
      "properties": {
        "discharge_m3_s": 100404.65,
        "drainage_km2": 5460133.58,
        "role": "mouth"
      },
      "geometry": {
        "type": "LineString",
        "coordinates": [
          [
            151.47309004728177,
            -56.441568939284785
          ],
          [
            150.07591761558623,
            -57.58220474256192
          ],
          [
            146.45294923162893,
            -58.09656536170907
          ],
          [
            144.38095789837215,
            -57.45208648882565
          ],
          [
            140.66997052388808,
            -57.748785517100636
          ],
          [
            136.89701443626873,
            -57.89853103657282
          ],
          [
            136.81839286557695,
            -56.204277594005575
          ],
          [
            135.0,
            -57.06655108215465
          ],
          [
            133.10298556373127,
            -57.89853103657282
          ],
          [
            129.33002947611195,
            -57.748785517100636
          ],
          [
            125.61904210162788,
            -57.452086488825636
          ],
          [
            123.54705076837108,
            -58.09656536170907
          ],
          [
            122.98695397980282,
            -59.80611693056742
          ],
          [
            122.33910638769616,
            -61.53708943708998
          ],
          [
            118.3701137298287,
            -60.98328625141525
          ],
          [
            115.94655614168614,
            -61.507723678289885
          ],
          [
            112.19705456293543,
            -60.73530850444923
          ],
          [
            109.74065904448612,
            -61.13510821584755
          ],
          [
            106.2956726714696,
            -60.16871329166327
          ],
          [
            104.66924778474599,
            -61.79457852657638
          ]
        ]
      }
    },
    {
      "type": "Feature",
      "properties": {
        "discharge_m3_s": 100404.65,
        "drainage_km2": 5460133.58,
        "role": "mouth"
      },
      "geometry": {
        "type": "LineString",
        "coordinates": [
          [
            147.9926468021993,
            -57.01381512106834
          ],
          [
            144.38095789837215,
            -57.45208648882565
          ],
          [
            140.66997052388808,
            -57.748785517100636
          ],
          [
            136.89701443626873,
            -57.89853103657282
          ],
          [
            136.81839286557695,
            -56.204277594005575
          ],
          [
            135.0,
            -57.06655108215465
          ],
          [
            133.10298556373127,
            -57.89853103657282
          ],
          [
            129.33002947611195,
            -57.748785517100636
          ],
          [
            125.61904210162788,
            -57.452086488825636
          ],
          [
            123.54705076837108,
            -58.09656536170907
          ],
          [
            122.98695397980282,
            -59.80611693056742
          ],
          [
            122.33910638769616,
            -61.53708943708998
          ],
          [
            118.3701137298287,
            -60.98328625141525
          ],
          [
            115.94655614168614,
            -61.507723678289885
          ],
          [
            112.19705456293543,
            -60.73530850444923
          ],
          [
            109.74065904448612,
            -61.13510821584755
          ],
          [
            106.2956726714696,
            -60.16871329166327
          ],
          [
            104.66924778474599,
            -61.79457852657638
          ]
        ]
      }
    },
    {
      "type": "Feature",
      "properties": {
        "discharge_m3_s": 100404.65,
        "drainage_km2": 5460133.58,
        "role": "mouth"
      },
      "geometry": {
        "type": "LineString",
        "coordinates": [
          [
            145.96674718797217,
            -56.40966485363032
          ],
          [
            142.37565717931773,
            -56.77239886951611
          ],
          [
            138.70762365120183,
            -56.99267623149825
          ],
          [
            136.81839286557695,
            -56.204277594005575
          ],
          [
            135.0,
            -57.06655108215465
          ],
          [
            133.10298556373127,
            -57.89853103657282
          ],
          [
            129.33002947611195,
            -57.748785517100636
          ],
          [
            125.61904210162788,
            -57.452086488825636
          ],
          [
            123.54705076837108,
            -58.09656536170907
          ],
          [
            122.98695397980282,
            -59.80611693056742
          ],
          [
            122.33910638769616,
            -61.53708943708998
          ],
          [
            118.3701137298287,
            -60.98328625141525
          ],
          [
            115.94655614168614,
            -61.507723678289885
          ],
          [
            112.19705456293543,
            -60.73530850444923
          ],
          [
            109.74065904448612,
            -61.13510821584755
          ],
          [
            106.2956726714696,
            -60.16871329166327
          ],
          [
            104.66924778474599,
            -61.79457852657638
          ]
        ]
      }
    },
    {
      "type": "Feature",
      "properties": {
        "discharge_m3_s": 100404.65,
        "drainage_km2": 5460133.58,
        "role": "mouth"
      },
      "geometry": {
        "type": "LineString",
        "coordinates": [
          [
            143.9983982007214,
            -55.77104614415225
          ],
          [
            140.4362568028132,
            -56.05901337524148
          ],
          [
            136.81839286557695,
            -56.204277594005575
          ],
          [
            135.0,
            -57.06655108215465
          ],
          [
            133.10298556373127,
            -57.89853103657282
          ],
          [
            129.33002947611195,
            -57.748785517100636
          ],
          [
            125.61904210162788,
            -57.452086488825636
          ],
          [
            123.54705076837108,
            -58.09656536170907
          ],
          [
            122.98695397980282,
            -59.80611693056742
          ],
          [
            122.33910638769616,
            -61.53708943708998
          ],
          [
            118.3701137298287,
            -60.98328625141525
          ],
          [
            115.94655614168614,
            -61.507723678289885
          ],
          [
            112.19705456293543,
            -60.73530850444923
          ],
          [
            109.74065904448612,
            -61.13510821584755
          ],
          [
            106.2956726714696,
            -60.16871329166327
          ],
          [
            104.66924778474599,
            -61.79457852657638
          ]
        ]
      }
    },
    {
      "type": "Feature",
      "properties": {
        "discharge_m3_s": 100404.65,
        "drainage_km2": 5460133.58,
        "role": "mouth"
      },
      "geometry": {
        "type": "LineString",
        "coordinates": [
          [
            148.59194338717714,
            -58.704275885065606
          ],
          [
            146.45294923162893,
            -58.09656536170907
          ],
          [
            144.38095789837215,
            -57.45208648882565
          ],
          [
            140.66997052388808,
            -57.748785517100636
          ],
          [
            136.89701443626873,
            -57.89853103657282
          ],
          [
            136.81839286557695,
            -56.204277594005575
          ],
          [
            135.0,
            -57.06655108215465
          ],
          [
            133.10298556373127,
            -57.89853103657282
          ],
          [
            129.33002947611195,
            -57.748785517100636
          ],
          [
            125.61904210162788,
            -57.452086488825636
          ],
          [
            123.54705076837108,
            -58.09656536170907
          ],
          [
            122.98695397980282,
            -59.80611693056742
          ],
          [
            122.33910638769616,
            -61.53708943708998
          ],
          [
            118.3701137298287,
            -60.98328625141525
          ],
          [
            115.94655614168614,
            -61.507723678289885
          ],
          [
            112.19705456293543,
            -60.73530850444923
          ],
          [
            109.74065904448612,
            -61.13510821584755
          ],
          [
            106.2956726714696,
            -60.16871329166327
          ],
          [
            104.66924778474599,
            -61.79457852657638
          ]
        ]
      }
    },
    {
      "type": "Feature",
      "properties": {
        "discharge_m3_s": 100404.65,
        "drainage_km2": 5460133.58,
        "role": "mouth"
      },
      "geometry": {
        "type": "LineString",
        "coordinates": [
          [
            138.56156706448877,
            -55.31338286560288
          ],
          [
            136.81839286557695,
            -56.204277594005575
          ],
          [
            135.0,
            -57.06655108215465
          ],
          [
            133.10298556373127,
            -57.89853103657282
          ],
          [
            129.33002947611195,
            -57.748785517100636
          ],
          [
            125.61904210162788,
            -57.452086488825636
          ],
          [
            123.54705076837108,
            -58.09656536170907
          ],
          [
            122.98695397980282,
            -59.80611693056742
          ],
          [
            122.33910638769616,
            -61.53708943708998
          ],
          [
            118.3701137298287,
            -60.98328625141525
          ],
          [
            115.94655614168614,
            -61.507723678289885
          ],
          [
            112.19705456293543,
            -60.73530850444923
          ],
          [
            109.74065904448612,
            -61.13510821584755
          ],
          [
            106.2956726714696,
            -60.16871329166327
          ],
          [
            104.66924778474599,
            -61.79457852657638
          ]
        ]
      }
    },
    {
      "type": "Feature",
      "properties": {
        "discharge_m3_s": 100404.65,
        "drainage_km2": 5460133.58,
        "role": "mouth"
      },
      "geometry": {
        "type": "LineString",
        "coordinates": [
          [
            135.0,
            -55.38518376243741
          ],
          [
            136.81839286557695,
            -56.204277594005575
          ],
          [
            135.0,
            -57.06655108215465
          ],
          [
            133.10298556373127,
            -57.89853103657282
          ],
          [
            129.33002947611195,
            -57.748785517100636
          ],
          [
            125.61904210162788,
            -57.452086488825636
          ],
          [
            123.54705076837108,
            -58.09656536170907
          ],
          [
            122.98695397980282,
            -59.80611693056742
          ],
          [
            122.33910638769616,
            -61.53708943708998
          ],
          [
            118.3701137298287,
            -60.98328625141525
          ],
          [
            115.94655614168614,
            -61.507723678289885
          ],
          [
            112.19705456293543,
            -60.73530850444923
          ],
          [
            109.74065904448612,
            -61.13510821584755
          ],
          [
            106.2956726714696,
            -60.16871329166327
          ],
          [
            104.66924778474599,
            -61.79457852657638
          ]
        ]
      }
    },
    {
      "type": "Feature",
      "properties": {
        "discharge_m3_s": 100404.65,
        "drainage_km2": 5460133.58,
        "role": "mouth"
      },
      "geometry": {
        "type": "LineString",
        "coordinates": [
          [
            133.24992738344196,
            -54.536895566275376
          ],
          [
            133.18160713442307,
            -56.204277594005575
          ],
          [
            133.10298556373127,
            -57.89853103657282
          ],
          [
            129.33002947611195,
            -57.748785517100636
          ],
          [
            125.61904210162788,
            -57.452086488825636
          ],
          [
            123.54705076837108,
            -58.09656536170907
          ],
          [
            122.98695397980282,
            -59.80611693056742
          ],
          [
            122.33910638769616,
            -61.53708943708998
          ],
          [
            118.3701137298287,
            -60.98328625141525
          ],
          [
            115.94655614168614,
            -61.507723678289885
          ],
          [
            112.19705456293543,
            -60.73530850444923
          ],
          [
            109.74065904448612,
            -61.13510821584755
          ],
          [
            106.2956726714696,
            -60.16871329166327
          ],
          [
            104.66924778474599,
            -61.79457852657638
          ]
        ]
      }
    },
    {
      "type": "Feature",
      "properties": {
        "discharge_m3_s": 100404.65,
        "drainage_km2": 5460133.58,
        "role": "mouth"
      },
      "geometry": {
        "type": "LineString",
        "coordinates": [
          [
            131.43843293551123,
            -55.31338286560289
          ],
          [
            133.18160713442307,
            -56.204277594005575
          ],
          [
            133.10298556373127,
            -57.89853103657282
          ],
          [
            129.33002947611195,
            -57.748785517100636
          ],
          [
            125.61904210162788,
            -57.452086488825636
          ],
          [
            123.54705076837108,
            -58.09656536170907
          ],
          [
            122.98695397980282,
            -59.80611693056742
          ],
          [
            122.33910638769616,
            -61.53708943708998
          ],
          [
            118.3701137298287,
            -60.98328625141525
          ],
          [
            115.94655614168614,
            -61.507723678289885
          ],
          [
            112.19705456293543,
            -60.73530850444923
          ],
          [
            109.74065904448612,
            -61.13510821584755
          ],
          [
            106.2956726714696,
            -60.16871329166327
          ],
          [
            104.66924778474599,
            -61.79457852657638
          ]
        ]
      }
    },
    {
      "type": "Feature",
      "properties": {
        "discharge_m3_s": 100404.65,
        "drainage_km2": 5460133.58,
        "role": "mouth"
      },
      "geometry": {
        "type": "LineString",
        "coordinates": [
          [
            129.7669659303428,
            -54.39541965708053
          ],
          [
            129.56374319718682,
            -56.05901337524148
          ],
          [
            133.18160713442307,
            -56.204277594005575
          ],
          [
            133.10298556373127,
            -57.89853103657282
          ],
          [
            129.33002947611195,
            -57.748785517100636
          ],
          [
            125.61904210162788,
            -57.452086488825636
          ],
          [
            123.54705076837108,
            -58.09656536170907
          ],
          [
            122.98695397980282,
            -59.80611693056742
          ],
          [
            122.33910638769616,
            -61.53708943708998
          ],
          [
            118.3701137298287,
            -60.98328625141525
          ],
          [
            115.94655614168614,
            -61.507723678289885
          ],
          [
            112.19705456293543,
            -60.73530850444923
          ],
          [
            109.74065904448612,
            -61.13510821584755
          ],
          [
            106.2956726714696,
            -60.16871329166327
          ],
          [
            104.66924778474599,
            -61.79457852657638
          ]
        ]
      }
    },
    {
      "type": "Feature",
      "properties": {
        "discharge_m3_s": 3740.06,
        "drainage_km2": 158485.7,
        "role": "mouth"
      },
      "geometry": {
        "type": "LineString",
        "coordinates": [
          [
            -178.36009914835296,
            -66.788374196998
          ],
          [
            -174.73781327837045,
            -68.11956759223156
          ],
          [
            -170.6149898858508,
            -69.35593299387598
          ],
          [
            -165.94664061838483,
            -70.47361640692876
          ],
          [
            -160.7069848251082,
            -71.44576996296583
          ]
        ]
      }
    },
    {
      "type": "Feature",
      "properties": {
        "discharge_m3_s": 28736.71,
        "drainage_km2": 4320599.0,
        "role": "reach"
      },
      "geometry": {
        "type": "LineString",
        "coordinates": [
          [
            168.641003196613,
            -66.38363719500373
          ],
          [
            172.36047678251452,
            -65.19666220170714
          ],
          [
            175.68435847909734,
            -63.920192694410304
          ],
          [
            178.55960855513516,
            -63.977236885429114
          ]
        ]
      }
    },
    {
      "type": "Feature",
      "properties": {
        "discharge_m3_s": 28736.71,
        "drainage_km2": 4320599.0,
        "role": "mouth"
      },
      "geometry": {
        "type": "LineString",
        "coordinates": [
          [
            -178.46519562098976,
            -65.3828402987575
          ],
          [
            -175.08903801617464,
            -66.72047030474911
          ],
          [
            -171.26615258765608,
            -67.97175430658383
          ],
          [
            -166.95629007182436,
            -69.1153839327366
          ],
          [
            -162.1329378511057,
            -70.12734448353255
          ],
          [
            -156.7944605356053,
            -70.9817239918795
          ]
        ]
      }
    },
    {
      "type": "Feature",
      "properties": {
        "discharge_m3_s": 100404.65,
        "drainage_km2": 5460133.58,
        "role": "mouth"
      },
      "geometry": {
        "type": "LineString",
        "coordinates": [
          [
            127.91263912927427,
            -55.09922240100591
          ],
          [
            127.62434282068232,
            -56.77239886951611
          ],
          [
            125.61904210162788,
            -57.452086488825636
          ],
          [
            123.54705076837108,
            -58.09656536170907
          ],
          [
            122.98695397980282,
            -59.80611693056742
          ],
          [
            122.33910638769616,
            -61.53708943708998
          ],
          [
            118.3701137298287,
            -60.98328625141525
          ],
          [
            115.94655614168614,
            -61.507723678289885
          ],
          [
            112.19705456293543,
            -60.73530850444923
          ],
          [
            109.74065904448612,
            -61.13510821584755
          ],
          [
            106.2956726714696,
            -60.16871329166327
          ],
          [
            104.66924778474599,
            -61.79457852657638
          ]
        ]
      }
    },
    {
      "type": "Feature",
      "properties": {
        "discharge_m3_s": 100404.65,
        "drainage_km2": 5460133.58,
        "role": "mouth"
      },
      "geometry": {
        "type": "LineString",
        "coordinates": [
          [
            126.33466919701159,
            -54.114843725931905
          ],
          [
            126.0016017992786,
            -55.77104614415225
          ],
          [
            125.61904210162788,
            -57.452086488825636
          ],
          [
            123.54705076837108,
            -58.09656536170907
          ],
          [
            122.98695397980282,
            -59.80611693056742
          ],
          [
            122.33910638769616,
            -61.53708943708998
          ],
          [
            118.3701137298287,
            -60.98328625141525
          ],
          [
            115.94655614168614,
            -61.507723678289885
          ],
          [
            112.19705456293543,
            -60.73530850444923
          ],
          [
            109.74065904448612,
            -61.13510821584755
          ],
          [
            106.2956726714696,
            -60.16871329166327
          ],
          [
            104.66924778474599,
            -61.79457852657638
          ]
        ]
      }
    },
    {
      "type": "Feature",
      "properties": {
        "discharge_m3_s": 100404.65,
        "drainage_km2": 5460133.58,
        "role": "mouth"
      },
      "geometry": {
        "type": "LineString",
        "coordinates": [
          [
            124.82554268652576,
            -53.10728730013201
          ],
          [
            124.45650516115712,
            -54.746346131584296
          ],
          [
            124.03325281202785,
            -56.40966485363032
          ],
          [
            125.61904210162788,
            -57.452086488825636
          ],
          [
            123.54705076837108,
            -58.09656536170907
          ],
          [
            122.98695397980282,
            -59.80611693056742
          ],
          [
            122.33910638769616,
            -61.53708943708998
          ],
          [
            118.3701137298287,
            -60.98328625141525
          ],
          [
            115.94655614168614,
            -61.507723678289885
          ],
          [
            112.19705456293543,
            -60.73530850444923
          ],
          [
            109.74065904448612,
            -61.13510821584755
          ],
          [
            106.2956726714696,
            -60.16871329166327
          ],
          [
            104.66924778474599,
            -61.79457852657638
          ]
        ]
      }
    },
    {
      "type": "Feature",
      "properties": {
        "discharge_m3_s": 28736.71,
        "drainage_km2": 4320599.0,
        "role": "mouth"
      },
      "geometry": {
        "type": "LineString",
        "coordinates": [
          [
            -161.24155518569822,
            -67.1036320011489
          ],
          [
            -163.3877951862057,
            -68.79869000938992
          ],
          [
            -162.1329378511057,
            -70.12734448353255
          ],
          [
            -156.7944605356053,
            -70.9817239918795
          ]
        ]
      }
    },
    {
      "type": "Feature",
      "properties": {
        "discharge_m3_s": 28736.71,
        "drainage_km2": 4320599.0,
        "role": "reach"
      },
      "geometry": {
        "type": "LineString",
        "coordinates": [
          [
            167.8476902599395,
            -67.75175843945014
          ],
          [
            171.8439009212739,
            -66.58520442383507
          ],
          [
            175.402527262758,
            -65.32064165056988
          ],
          [
            178.55960855513516,
            -63.977236885429114
          ]
        ]
      }
    },
    {
      "type": "Feature",
      "properties": {
        "discharge_m3_s": 28736.71,
        "drainage_km2": 4320599.0,
        "role": "mouth"
      },
      "geometry": {
        "type": "LineString",
        "coordinates": [
          [
            -178.46519562098976,
            -65.3828402987575
          ],
          [
            -175.08903801617464,
            -66.72047030474911
          ],
          [
            -171.26615258765608,
            -67.97175430658383
          ],
          [
            -166.95629007182436,
            -69.1153839327366
          ],
          [
            -162.1329378511057,
            -70.12734448353255
          ],
          [
            -156.7944605356053,
            -70.9817239918795
          ]
        ]
      }
    },
    {
      "type": "Feature",
      "properties": {
        "discharge_m3_s": 5894.26,
        "drainage_km2": 181618.13,
        "role": "mouth"
      },
      "geometry": {
        "type": "LineString",
        "coordinates": [
          [
            164.50085774431307,
            -67.46155502153027
          ],
          [
            166.95629007182436,
            -69.1153839327366
          ],
          [
            169.87472387828794,
            -70.73725249448091
          ],
          [
            173.3683521026665,
            -72.31082935461701
          ],
          [
            177.57671035677623,
            -73.81440754549952
          ]
        ]
      }
    },
    {
      "type": "Feature",
      "properties": {
        "discharge_m3_s": 100404.65,
        "drainage_km2": 5460133.58,
        "role": "mouth"
      },
      "geometry": {
        "type": "LineString",
        "coordinates": [
          [
            141.61450485797212,
            -62.97004556157558
          ],
          [
            137.21535768228802,
            -63.13877913584263
          ],
          [
            132.784642317712,
            -63.13877913584263
          ],
          [
            128.38549514202788,
            -62.97004556157558
          ],
          [
            124.07859707070138,
            -62.63649617370418
          ],
          [
            119.91772753210243,
            -62.14560037429141
          ],
          [
            115.94655614168614,
            -61.507723678289885
          ],
          [
            112.19705456293543,
            -60.73530850444923
          ],
          [
            109.74065904448612,
            -61.13510821584755
          ],
          [
            106.2956726714696,
            -60.16871329166327
          ],
          [
            104.66924778474599,
            -61.79457852657638
          ]
        ]
      }
    },
    {
      "type": "Feature",
      "properties": {
        "discharge_m3_s": 100404.65,
        "drainage_km2": 5460133.58,
        "role": "mouth"
      },
      "geometry": {
        "type": "LineString",
        "coordinates": [
          [
            122.98397188833242,
            -53.69976696931234
          ],
          [
            122.52899742401495,
            -55.34532404936935
          ],
          [
            124.03325281202785,
            -56.40966485363032
          ],
          [
            125.61904210162788,
            -57.452086488825636
          ],
          [
            123.54705076837108,
            -58.09656536170907
          ],
          [
            122.98695397980282,
            -59.80611693056742
          ],
          [
            122.33910638769616,
            -61.53708943708998
          ],
          [
            118.3701137298287,
            -60.98328625141525
          ],
          [
            115.94655614168614,
            -61.507723678289885
          ],
          [
            112.19705456293543,
            -60.73530850444923
          ],
          [
            109.74065904448612,
            -61.13510821584755
          ],
          [
            106.2956726714696,
            -60.16871329166327
          ],
          [
            104.66924778474599,
            -61.79457852657638
          ]
        ]
      }
    },
    {
      "type": "Feature",
      "properties": {
        "discharge_m3_s": 100404.65,
        "drainage_km2": 5460133.58,
        "role": "mouth"
      },
      "geometry": {
        "type": "LineString",
        "coordinates": [
          [
            121.57916908687348,
            -52.632639406389416
          ],
          [
            121.1003900107127,
            -54.26056295296811
          ],
          [
            122.52899742401495,
            -55.34532404936935
          ],
          [
            124.03325281202785,
            -56.40966485363032
          ],
          [
            125.61904210162788,
            -57.452086488825636
          ],
          [
            123.54705076837108,
            -58.09656536170907
          ],
          [
            122.98695397980282,
            -59.80611693056742
          ],
          [
            122.33910638769616,
            -61.53708943708998
          ],
          [
            118.3701137298287,
            -60.98328625141525
          ],
          [
            115.94655614168614,
            -61.507723678289885
          ],
          [
            112.19705456293543,
            -60.73530850444923
          ],
          [
            109.74065904448612,
            -61.13510821584755
          ],
          [
            106.2956726714696,
            -60.16871329166327
          ],
          [
            104.66924778474599,
            -61.79457852657638
          ]
        ]
      }
    },
    {
      "type": "Feature",
      "properties": {
        "discharge_m3_s": 28736.71,
        "drainage_km2": 4320599.0,
        "role": "mouth"
      },
      "geometry": {
        "type": "LineString",
        "coordinates": [
          [
            -159.92860891010514,
            -68.40902800378367
          ],
          [
            -162.1329378511057,
            -70.12734448353255
          ],
          [
            -156.7944605356053,
            -70.9817239918795
          ]
        ]
      }
    },
    {
      "type": "Feature",
      "properties": {
        "discharge_m3_s": 7551.62,
        "drainage_km2": 183221.08,
        "role": "mouth"
      },
      "geometry": {
        "type": "LineString",
        "coordinates": [
          [
            163.3877951862057,
            -68.79869000938992
          ],
          [
            165.94664061838483,
            -70.47361640692876
          ],
          [
            169.02493078833098,
            -72.11507408192294
          ],
          [
            172.76162617942896,
            -73.7050762292457
          ],
          [
            177.334090756924,
            -75.21907728112069
          ]
        ]
      }
    },
    {
      "type": "Feature",
      "properties": {
        "discharge_m3_s": 100404.65,
        "drainage_km2": 5460133.58,
        "role": "mouth"
      },
      "geometry": {
        "type": "LineString",
        "coordinates": [
          [
            139.55996157705215,
            -63.969335359565086
          ],
          [
            135.0,
            -64.0560856233165
          ],
          [
            130.44003842294785,
            -63.969335359565086
          ],
          [
            125.94785710864075,
            -63.71121309143916
          ],
          [
            121.58575639479007,
            -63.28789152136801
          ],
          [
            117.40614612191798,
            -62.70899692283074
          ],
          [
            113.44890431761148,
            -61.986766090187004
          ],
          [
            109.74065904448612,
            -61.13510821584755
          ],
          [
            106.2956726714696,
            -60.16871329166327
          ],
          [
            104.66924778474599,
            -61.79457852657638
          ]
        ]
      }
    },
    {
      "type": "Feature",
      "properties": {
        "discharge_m3_s": 100404.65,
        "drainage_km2": 5460133.58,
        "role": "mouth"
      },
      "geometry": {
        "type": "LineString",
        "coordinates": [
          [
            135.00000000000003,
            -62.27008629391104
          ],
          [
            132.784642317712,
            -63.13877913584263
          ],
          [
            128.38549514202788,
            -62.97004556157558
          ],
          [
            124.07859707070138,
            -62.63649617370418
          ],
          [
            119.91772753210243,
            -62.14560037429141
          ],
          [
            115.94655614168614,
            -61.507723678289885
          ],
          [
            112.19705456293543,
            -60.73530850444923
          ],
          [
            109.74065904448612,
            -61.13510821584755
          ],
          [
            106.2956726714696,
            -60.16871329166327
          ],
          [
            104.66924778474599,
            -61.79457852657638
          ]
        ]
      }
    },
    {
      "type": "Feature",
      "properties": {
        "discharge_m3_s": 100404.65,
        "drainage_km2": 5460133.58,
        "role": "mouth"
      },
      "geometry": {
        "type": "LineString",
        "coordinates": [
          [
            119.74191741173868,
            -53.15672844152648
          ],
          [
            121.1003900107127,
            -54.26056295296811
          ],
          [
            122.52899742401495,
            -55.34532404936935
          ],
          [
            124.03325281202785,
            -56.40966485363032
          ],
          [
            125.61904210162788,
            -57.452086488825636
          ],
          [
            123.54705076837108,
            -58.09656536170907
          ],
          [
            122.98695397980282,
            -59.80611693056742
          ],
          [
            122.33910638769616,
            -61.53708943708998
          ],
          [
            118.3701137298287,
            -60.98328625141525
          ],
          [
            115.94655614168614,
            -61.507723678289885
          ],
          [
            112.19705456293543,
            -60.73530850444923
          ],
          [
            109.74065904448612,
            -61.13510821584755
          ],
          [
            106.2956726714696,
            -60.16871329166327
          ],
          [
            104.66924778474599,
            -61.79457852657638
          ]
        ]
      }
    },
    {
      "type": "Feature",
      "properties": {
        "discharge_m3_s": 100404.65,
        "drainage_km2": 5460133.58,
        "role": "mouth"
      },
      "geometry": {
        "type": "LineString",
        "coordinates": [
          [
            118.44843883418768,
            -52.035031549459134
          ],
          [
            117.86991803970572,
            -53.64949079379846
          ],
          [
            121.1003900107127,
            -54.26056295296811
          ],
          [
            122.52899742401495,
            -55.34532404936935
          ],
          [
            124.03325281202785,
            -56.40966485363032
          ],
          [
            125.61904210162788,
            -57.452086488825636
          ],
          [
            123.54705076837108,
            -58.09656536170907
          ],
          [
            122.98695397980282,
            -59.80611693056742
          ],
          [
            122.33910638769616,
            -61.53708943708998
          ],
          [
            118.3701137298287,
            -60.98328625141525
          ],
          [
            115.94655614168614,
            -61.507723678289885
          ],
          [
            112.19705456293543,
            -60.73530850444923
          ],
          [
            109.74065904448612,
            -61.13510821584755
          ],
          [
            106.2956726714696,
            -60.16871329166327
          ],
          [
            104.66924778474599,
            -61.79457852657638
          ]
        ]
      }
    },
    {
      "type": "Feature",
      "properties": {
        "discharge_m3_s": 36965.95,
        "drainage_km2": 788767.21,
        "role": "mouth"
      },
      "geometry": {
        "type": "LineString",
        "coordinates": [
          [
            117.21517701798903,
            -50.8965624151274
          ],
          [
            116.63075875476187,
            -52.49383073210583
          ],
          [
            115.96396597820289,
            -54.1103075455288
          ],
          [
            112.91306138301172,
            -53.319488197355454
          ],
          [
            111.01523626510102,
            -53.685487534793225
          ],
          [
            109.09321108077808,
            -54.01971454946697
          ],
          [
            108.0253421530623,
            -55.62203306526222
          ],
          [
            106.81270570267415,
            -57.23075846455039
          ],
          [
            103.89180280750642,
            -56.171059539295314
          ],
          [
            102.43014442460543,
            -57.74920355467618
          ]
        ]
      }
    },
    {
      "type": "Feature",
      "properties": {
        "discharge_m3_s": 3885.91,
        "drainage_km2": 91170.54,
        "role": "mouth"
      },
      "geometry": {
        "type": "LineString",
        "coordinates": [
          [
            -169.87472387828794,
            -70.73725249448091
          ],
          [
            -164.79282590239845,
            -71.82529236046277
          ]
        ]
      }
    },
    {
      "type": "Feature",
      "properties": {
        "discharge_m3_s": 5734.03,
        "drainage_km2": 160928.77,
        "role": "mouth"
      },
      "geometry": {
        "type": "LineString",
        "coordinates": [
          [
            162.1329378511057,
            -70.12734448353255
          ],
          [
            164.79282590239845,
            -71.82529236046277
          ],
          [
            168.03855119801221,
            -73.48854640265246
          ],
          [
            172.04479667111372,
            -75.09725394351102
          ],
          [
            177.04176263941704,
            -76.6234390973388
          ]
        ]
      }
    },
    {
      "type": "Feature",
      "properties": {
        "discharge_m3_s": 100404.65,
        "drainage_km2": 5460133.58,
        "role": "mouth"
      },
      "geometry": {
        "type": "LineString",
        "coordinates": [
          [
            137.35909984185759,
            -64.93603760601943
          ],
          [
            135.0,
            -64.0560856233165
          ],
          [
            130.44003842294785,
            -63.969335359565086
          ],
          [
            125.94785710864075,
            -63.71121309143916
          ],
          [
            121.58575639479007,
            -63.28789152136801
          ],
          [
            117.40614612191798,
            -62.70899692283074
          ],
          [
            113.44890431761148,
            -61.986766090187004
          ],
          [
            109.74065904448612,
            -61.13510821584755
          ],
          [
            106.2956726714696,
            -60.16871329166327
          ],
          [
            104.66924778474599,
            -61.79457852657638
          ]
        ]
      }
    },
    {
      "type": "Feature",
      "properties": {
        "discharge_m3_s": 36965.95,
        "drainage_km2": 788767.21,
        "role": "mouth"
      },
      "geometry": {
        "type": "LineString",
        "coordinates": [
          [
            115.45251953467455,
            -51.32294457260343
          ],
          [
            114.78529961778432,
            -52.922127671870825
          ],
          [
            112.91306138301172,
            -53.319488197355454
          ],
          [
            111.01523626510102,
            -53.685487534793225
          ],
          [
            109.09321108077808,
            -54.01971454946697
          ],
          [
            108.0253421530623,
            -55.62203306526222
          ],
          [
            106.81270570267415,
            -57.23075846455039
          ],
          [
            103.89180280750642,
            -56.171059539295314
          ],
          [
            102.43014442460543,
            -57.74920355467618
          ]
        ]
      }
    },
    {
      "type": "Feature",
      "properties": {
        "discharge_m3_s": 36965.95,
        "drainage_km2": 788767.21,
        "role": "mouth"
      },
      "geometry": {
        "type": "LineString",
        "coordinates": [
          [
            114.33042372762608,
            -50.13778570595432
          ],
          [
            113.66754751002108,
            -51.72031629932274
          ],
          [
            112.91306138301172,
            -53.319488197355454
          ],
          [
            111.01523626510102,
            -53.685487534793225
          ],
          [
            109.09321108077808,
            -54.01971454946697
          ],
          [
            108.0253421530623,
            -55.62203306526222
          ],
          [
            106.81270570267415,
            -57.23075846455039
          ],
          [
            103.89180280750642,
            -56.171059539295314
          ],
          [
            102.43014442460543,
            -57.74920355467618
          ]
        ]
      }
    },
    {
      "type": "Feature",
      "properties": {
        "discharge_m3_s": 6267.12,
        "drainage_km2": 92025.15,
        "role": "mouth"
      },
      "geometry": {
        "type": "LineString",
        "coordinates": [
          [
            -173.3683521026665,
            -72.31082935461701
          ],
          [
            -169.02493078833098,
            -72.11507408192294
          ]
        ]
      }
    },
    {
      "type": "Feature",
      "properties": {
        "discharge_m3_s": 6075.92,
        "drainage_km2": 138407.92,
        "role": "mouth"
      },
      "geometry": {
        "type": "LineString",
        "coordinates": [
          [
            160.7069848251082,
            -71.44576996296583
          ],
          [
            163.461041158351,
            -73.16887866976208
          ],
          [
            166.87901483034088,
            -74.85651091072823
          ],
          [
            171.18406232748674,
            -76.48673234717728
          ]
        ]
      }
    },
    {
      "type": "Feature",
      "properties": {
        "discharge_m3_s": 6689.54,
        "drainage_km2": 161843.65,
        "role": "mouth"
      },
      "geometry": {
        "type": "LineString",
        "coordinates": [
          [
            156.7944605356053,
            -70.9817239918795
          ],
          [
            159.07246220833053,
            -72.7516953097383
          ],
          [
            161.90648007611634,
            -74.50231863513002
          ],
          [
            165.49577175656606,
            -76.21735297223569
          ],
          [
            171.18406232748674,
            -76.48673234717728
          ]
        ]
      }
    },
    {
      "type": "Feature",
      "properties": {
        "discharge_m3_s": 9464.78,
        "drainage_km2": 92858.96,
        "role": "mouth"
      },
      "geometry": {
        "type": "LineString",
        "coordinates": [
          [
            108.83079811534108,
            -45.535338474841105
          ],
          [
            106.55199986615258,
            -44.49080143987884
          ]
        ]
      }
    },
    {
      "type": "Feature",
      "properties": {
        "discharge_m3_s": 6964.9,
        "drainage_km2": 92787.6,
        "role": "mouth"
      },
      "geometry": {
        "type": "LineString",
        "coordinates": [
          [
            -177.57671035677623,
            -73.81440754549952
          ],
          [
            -172.76162617942896,
            -73.7050762292457
          ]
        ]
      }
    },
    {
      "type": "Feature",
      "properties": {
        "discharge_m3_s": 5655.89,
        "drainage_km2": 139098.43,
        "role": "mouth"
      },
      "geometry": {
        "type": "LineString",
        "coordinates": [
          [
            154.90439592360156,
            -72.2437247953048
          ],
          [
            157.18089532581908,
            -74.04212706382215
          ],
          [
            160.06871782664058,
            -75.82279729090895
          ],
          [
            163.8171362302156,
            -77.5687593087241
          ]
        ]
      }
    },
    {
      "type": "Feature",
      "properties": {
        "discharge_m3_s": 3306.72,
        "drainage_km2": 313632.69,
        "role": "mouth"
      },
      "geometry": {
        "type": "LineString",
        "coordinates": [
          [
            127.96002809296095,
            -64.75844539731811
          ],
          [
            123.38789447538613,
            -64.40779108663584
          ],
          [
            118.98685966252114,
            -63.892664456718336
          ],
          [
            114.80622067709847,
            -63.22488347676219
          ],
          [
            110.88048102781133,
            -62.41847695951148
          ],
          [
            107.22972674030399,
            -61.48866088277282
          ],
          [
            104.66924778474599,
            -61.79457852657638
          ]
        ]
      }
    },
    {
      "type": "Feature",
      "properties": {
        "discharge_m3_s": 5014.13,
        "drainage_km2": 116180.87,
        "role": "mouth"
      },
      "geometry": {
        "type": "LineString",
        "coordinates": [
          [
            152.73814918197382,
            -73.48466315602163
          ],
          [
            154.96887641794652,
            -75.31305726233226
          ],
          [
            157.86475512413193,
            -77.12637458970917
          ]
        ]
      }
    },
    {
      "type": "Feature",
      "properties": {
        "discharge_m3_s": 1292.71,
        "drainage_km2": 93118.96,
        "role": "mouth"
      },
      "geometry": {
        "type": "LineString",
        "coordinates": [
          [
            150.23495670185315,
            -74.69952225734964
          ],
          [
            152.35262623152556,
            -76.55902981195659
          ]
        ]
      }
    },
    {
      "type": "Feature",
      "properties": {
        "discharge_m3_s": 1250.39,
        "drainage_km2": 93670.8,
        "role": "mouth"
      },
      "geometry": {
        "type": "LineString",
        "coordinates": [
          [
            147.31797087489284,
            -75.8816768837517
          ],
          [
            152.35262623152556,
            -76.55902981195659
          ]
        ]
      }
    },
    {
      "type": "Feature",
      "properties": {
        "discharge_m3_s": 1030.44,
        "drainage_km2": 93319.94,
        "role": "mouth"
      },
      "geometry": {
        "type": "LineString",
        "coordinates": [
          [
            142.76377161757057,
            -75.10919700024581
          ],
          [
            143.8904481321875,
            -77.02229431039203
          ]
        ]
      }
    },
    {
      "type": "Feature",
      "properties": {
        "discharge_m3_s": 140.04,
        "drainage_km2": 110863.96,
        "role": "mouth"
      },
      "geometry": {
        "type": "LineString",
        "coordinates": [
          [
            112.12117390182323,
            -63.69088154167325
          ],
          [
            108.24575861646329,
            -62.8009904154507
          ],
          [
            104.66924778474599,
            -61.79457852657638
          ]
        ]
      }
    },
    {
      "type": "Feature",
      "properties": {
        "discharge_m3_s": 99.85,
        "drainage_km2": 90488.71,
        "role": "mouth"
      },
      "geometry": {
        "type": "LineString",
        "coordinates": [
          [
            113.40621836001114,
            -67.95005420306167
          ],
          [
            111.54355275900699,
            -69.70250087905315
          ]
        ]
      }
    },
    {
      "type": "Feature",
      "properties": {
        "discharge_m3_s": 8731.06,
        "drainage_km2": 103637.54,
        "role": "mouth"
      },
      "geometry": {
        "type": "LineString",
        "coordinates": [
          [
            104.63465055321562,
            -57.50924991809167
          ],
          [
            103.11775779763474,
            -59.10230256216138
          ]
        ]
      }
    },
    {
      "type": "Feature",
      "properties": {
        "discharge_m3_s": 334.4,
        "drainage_km2": 140846.73,
        "role": "mouth"
      },
      "geometry": {
        "type": "LineString",
        "coordinates": [
          [
            -10.975069211669032,
            -72.11507408192294
          ],
          [
            -14.053359381615154,
            -70.47361640692876
          ]
        ]
      }
    }
  ]
}
