{
  "type": "FeatureCollection",
  "name": "rivers-v2",
  "schema_version": "2.0",
  "features": [
    {
      "type": "Feature",
      "properties": {
        "discharge_m3_s": 124166.7,
        "drainage_km2": 4121595.98
      },
      "geometry": {
        "type": "LineString",
        "coordinates": [
          [
            11.953124999999996,
            -43.669288455611515
          ],
          [
            10.546875000000002,
            -42.40414877916232
          ]
        ]
      }
    },
    {
      "type": "Feature",
      "properties": {
        "discharge_m3_s": 122614.22,
        "drainage_km2": 3940528.27
      },
      "geometry": {
        "type": "LineString",
        "coordinates": [
          [
            13.359375000000005,
            -43.51157942641988
          ],
          [
            11.953124999999996,
            -43.669288455611515
          ]
        ]
      }
    },
    {
      "type": "Feature",
      "properties": {
        "discharge_m3_s": 100101.39,
        "drainage_km2": 2204172.38
      },
      "geometry": {
        "type": "LineString",
        "coordinates": [
          [
            14.765624999999998,
            -43.335713241093245
          ],
          [
            13.359375000000005,
            -43.51157942641988
          ]
        ]
      }
    },
    {
      "type": "Feature",
      "properties": {
        "discharge_m3_s": 98047.58,
        "drainage_km2": 1984607.81
      },
      "geometry": {
        "type": "LineString",
        "coordinates": [
          [
            16.171874999999993,
            -43.14148990041424
          ],
          [
            14.765624999999998,
            -43.335713241093245
          ]
        ]
      }
    },
    {
      "type": "Feature",
      "properties": {
        "discharge_m3_s": 8478.2,
        "drainage_km2": 223080.05
      },
      "geometry": {
        "type": "LineString",
        "coordinates": [
          [
            28.828125000000004,
            -40.52473954830091
          ],
          [
            28.000839918601436,
            -42.1413685672415
          ]
        ]
      }
    },
    {
      "type": "Feature",
      "properties": {
        "discharge_m3_s": 429.03,
        "drainage_km2": 305973.21
      },
      "geometry": {
        "type": "LineString",
        "coordinates": [
          [
            44.296875,
            -34.929533592634456
          ],
          [
            43.59247862586954,
            -36.585029624776965
          ]
        ]
      }
    },
    {
      "type": "Feature",
      "properties": {
        "discharge_m3_s": 126916.82,
        "drainage_km2": 4406115.11
      },
      "geometry": {
        "type": "LineString",
        "coordinates": [
          [
            10.546875000000002,
            -42.40414877916232
          ],
          [
            9.140625,
            -41.12130506072594
          ]
        ]
      }
    },
    {
      "type": "Feature",
      "properties": {
        "discharge_m3_s": 20680.24,
        "drainage_km2": 1590667.12
      },
      "geometry": {
        "type": "LineString",
        "coordinates": [
          [
            14.765625,
            -41.93256639114352
          ],
          [
            13.359375000000005,
            -43.51157942641988
          ]
        ]
      }
    },
    {
      "type": "Feature",
      "properties": {
        "discharge_m3_s": 1561.57,
        "drainage_km2": 147247.54
      },
      "geometry": {
        "type": "LineString",
        "coordinates": [
          [
            16.171874999999996,
            -41.73916106432377
          ],
          [
            14.765624999999998,
            -43.335713241093245
          ]
        ]
      }
    },
    {
      "type": "Feature",
      "properties": {
        "discharge_m3_s": 4576.55,
        "drainage_km2": 130650.45
      },
      "geometry": {
        "type": "LineString",
        "coordinates": [
          [
            30.234375000000007,
            -38.75016970960905
          ],
          [
            28.828125000000004,
            -40.52473954830091
          ]
        ]
      }
    },
    {
      "type": "Feature",
      "properties": {
        "discharge_m3_s": 126916.82,
        "drainage_km2": 4424503.81
      },
      "geometry": {
        "type": "LineString",
        "coordinates": [
          [
            9.140625,
            -41.12130506072594
          ],
          [
            7.734374999999997,
            -39.82037138325605
          ]
        ]
      }
    },
    {
      "type": "Feature",
      "properties": {
        "discharge_m3_s": 2212.87,
        "drainage_km2": 191916.7
      },
      "geometry": {
        "type": "LineString",
        "coordinates": [
          [
            11.953125,
            -40.861987567149406
          ],
          [
            10.546875000000002,
            -42.40414877916232
          ]
        ]
      }
    },
    {
      "type": "Feature",
      "properties": {
        "discharge_m3_s": 20515.18,
        "drainage_km2": 1572532.75
      },
      "geometry": {
        "type": "LineString",
        "coordinates": [
          [
            16.171874999999993,
            -40.339590918019184
          ],
          [
            14.765625,
            -41.93256639114352
          ]
        ]
      }
    },
    {
      "type": "Feature",
      "properties": {
        "discharge_m3_s": 429.03,
        "drainage_km2": 268323.07
      },
      "geometry": {
        "type": "LineString",
        "coordinates": [
          [
            44.296875,
            -32.32878953457269
          ],
          [
            45.70312500000001,
            -33.619135439151755
          ]
        ]
      }
    },
    {
      "type": "Feature",
      "properties": {
        "discharge_m3_s": 2016.84,
        "drainage_km2": 154676.89
      },
      "geometry": {
        "type": "LineString",
        "coordinates": [
          [
            13.359375000000005,
            -39.30570683190069
          ],
          [
            11.953125,
            -40.861987567149406
          ]
        ]
      }
    },
    {
      "type": "Feature",
      "properties": {
        "discharge_m3_s": 20515.18,
        "drainage_km2": 1554002.92
      },
      "geometry": {
        "type": "LineString",
        "coordinates": [
          [
            17.578125000000004,
            -38.7343679665106
          ],
          [
            16.171874999999993,
            -40.339590918019184
          ]
        ]
      }
    },
    {
      "type": "Feature",
      "properties": {
        "discharge_m3_s": 429.03,
        "drainage_km2": 249510.14
      },
      "geometry": {
        "type": "LineString",
        "coordinates": [
          [
            42.89062499999999,
            -31.652763887759665
          ],
          [
            44.296875,
            -32.32878953457269
          ]
        ]
      }
    },
    {
      "type": "Feature",
      "properties": {
        "discharge_m3_s": 20102.0,
        "drainage_km2": 1535106.54
      },
      "geometry": {
        "type": "LineString",
        "coordinates": [
          [
            18.984375000000004,
            -37.11889218641774
          ],
          [
            17.578125000000004,
            -38.7343679665106
          ]
        ]
      }
    },
    {
      "type": "Feature",
      "properties": {
        "discharge_m3_s": 18753.16,
        "drainage_km2": 832987.15
      },
      "geometry": {
        "type": "LineString",
        "coordinates": [
          [
            20.390624999999993,
            -36.87704795996582
          ],
          [
            18.984375000000004,
            -37.11889218641774
          ]
        ]
      }
    },
    {
      "type": "Feature",
      "properties": {
        "discharge_m3_s": 429.03,
        "drainage_km2": 230638.1
      },
      "geometry": {
        "type": "LineString",
        "coordinates": [
          [
            41.484375,
            -30.945549198884272
          ],
          [
            42.89062499999999,
            -31.652763887759665
          ]
        ]
      }
    },
    {
      "type": "Feature",
      "properties": {
        "discharge_m3_s": 629.11,
        "drainage_km2": 526360.37
      },
      "geometry": {
        "type": "LineString",
        "coordinates": [
          [
            20.390624999999993,
            -35.495427237718864
          ],
          [
            18.984375000000004,
            -37.11889218641774
          ]
        ]
      }
    },
    {
      "type": "Feature",
      "properties": {
        "discharge_m3_s": 18045.98,
        "drainage_km2": 719044.93
      },
      "geometry": {
        "type": "LineString",
        "coordinates": [
          [
            21.796875000000004,
            -35.23937648436514
          ],
          [
            20.390624999999993,
            -36.87704795996582
          ]
        ]
      }
    },
    {
      "type": "Feature",
      "properties": {
        "discharge_m3_s": 16179.15,
        "drainage_km2": 582573.97
      },
      "geometry": {
        "type": "LineString",
        "coordinates": [
          [
            23.203124999999996,
            -34.96532778811601
          ],
          [
            21.796875000000004,
            -35.23937648436514
          ]
        ]
      }
    },
    {
      "type": "Feature",
      "properties": {
        "discharge_m3_s": 13480.81,
        "drainage_km2": 464979.67
      },
      "geometry": {
        "type": "LineString",
        "coordinates": [
          [
            24.609375000000007,
            -34.67311271792061
          ],
          [
            23.203124999999996,
            -34.96532778811601
          ]
        ]
      }
    },
    {
      "type": "Feature",
      "properties": {
        "discharge_m3_s": 10482.9,
        "drainage_km2": 367491.15
      },
      "geometry": {
        "type": "LineString",
        "coordinates": [
          [
            26.015625,
            -34.36255616971752
          ],
          [
            24.609375000000007,
            -34.67311271792061
          ]
        ]
      }
    },
    {
      "type": "Feature",
      "properties": {
        "discharge_m3_s": 6703.82,
        "drainage_km2": 230840.56
      },
      "geometry": {
        "type": "LineString",
        "coordinates": [
          [
            27.421874999999996,
            -34.03347722245971
          ],
          [
            26.015625,
            -34.36255616971752
          ]
        ]
      }
    },
    {
      "type": "Feature",
      "properties": {
        "discharge_m3_s": 2678.86,
        "drainage_km2": 95595.25
      },
      "geometry": {
        "type": "LineString",
        "coordinates": [
          [
            28.828124999999996,
            -33.68569008976544
          ],
          [
            27.421874999999996,
            -34.03347722245971
          ]
        ]
      }
    },
    {
      "type": "Feature",
      "properties": {
        "discharge_m3_s": 429.03,
        "drainage_km2": 211681.39
      },
      "geometry": {
        "type": "LineString",
        "coordinates": [
          [
            40.07812500000001,
            -30.206941601512057
          ],
          [
            41.484375,
            -30.945549198884272
          ]
        ]
      }
    },
    {
      "type": "Feature",
      "properties": {
        "discharge_m3_s": 134.19,
        "drainage_km2": 366287.9
      },
      "geometry": {
        "type": "LineString",
        "coordinates": [
          [
            20.390624999999996,
            -34.11795174389855
          ],
          [
            20.390624999999993,
            -35.495427237718864
          ]
        ]
      }
    },
    {
      "type": "Feature",
      "properties": {
        "discharge_m3_s": 2253.58,
        "drainage_km2": 97846.11
      },
      "geometry": {
        "type": "LineString",
        "coordinates": [
          [
            27.421874999999993,
            -32.683632280049565
          ],
          [
            26.015625,
            -34.36255616971752
          ]
        ]
      }
    },
    {
      "type": "Feature",
      "properties": {
        "discharge_m3_s": 2436.11,
        "drainage_km2": 96454.12
      },
      "geometry": {
        "type": "LineString",
        "coordinates": [
          [
            28.828125000000004,
            -32.34292361652098
          ],
          [
            27.421874999999996,
            -34.03347722245971
          ]
        ]
      }
    },
    {
      "type": "Feature",
      "properties": {
        "discharge_m3_s": 429.03,
        "drainage_km2": 192616.04
      },
      "geometry": {
        "type": "LineString",
        "coordinates": [
          [
            38.67187499999999,
            -29.436744909958616
          ],
          [
            40.07812500000001,
            -30.206941601512057
          ]
        ]
      }
    },
    {
      "type": "Feature",
      "properties": {
        "discharge_m3_s": 7026.5,
        "drainage_km2": 100673.36
      },
      "geometry": {
        "type": "LineString",
        "coordinates": [
          [
            10.546875000000002,
            -33.999118402662084
          ],
          [
            9.140625,
            -34.112332764858614
          ]
        ]
      }
    },
    {
      "type": "Feature",
      "properties": {
        "discharge_m3_s": 933.5,
        "drainage_km2": 98959.83
      },
      "geometry": {
        "type": "LineString",
        "coordinates": [
          [
            27.421875,
            -28.67634361745422
          ],
          [
            26.015625,
            -27.643887414276026
          ]
        ]
      }
    },
    {
      "type": "Feature",
      "properties": {
        "discharge_m3_s": 933.5,
        "drainage_km2": 119422.33
      },
      "geometry": {
        "type": "LineString",
        "coordinates": [
          [
            26.015625,
            -27.643887414276026
          ],
          [
            24.609375000000007,
            -26.583412831863424
          ]
        ]
      }
    },
    {
      "type": "Feature",
      "properties": {
        "discharge_m3_s": 269.29,
        "drainage_km2": 99655.5
      },
      "geometry": {
        "type": "LineString",
        "coordinates": [
          [
            27.421874999999996,
            -27.353962179632894
          ],
          [
            26.015625,
            -26.318153869410157
          ]
        ]
      }
    },
    {
      "type": "Feature",
      "properties": {
        "discharge_m3_s": 2694.82,
        "drainage_km2": 3182015.26
      },
      "geometry": {
        "type": "LineString",
        "coordinates": [
          [
            23.203124999999996,
            -26.833698914603524
          ],
          [
            21.796875000000004,
            -25.722054700967863
          ]
        ]
      }
    },
    {
      "type": "Feature",
      "properties": {
        "discharge_m3_s": 2694.82,
        "drainage_km2": 3119444.15
      },
      "geometry": {
        "type": "LineString",
        "coordinates": [
          [
            24.609375000000007,
            -26.583412831863424
          ],
          [
            23.203124999999996,
            -26.833698914603524
          ]
        ]
      }
    },
    {
      "type": "Feature",
      "properties": {
        "discharge_m3_s": 269.29,
        "drainage_km2": 443584.03
      },
      "geometry": {
        "type": "LineString",
        "coordinates": [
          [
            26.015625,
            -26.318153869410157
          ],
          [
            24.609375000000007,
            -26.583412831863424
          ]
        ]
      }
    },
    {
      "type": "Feature",
      "properties": {
        "discharge_m3_s": 346.21,
        "drainage_km2": 147723.82
      },
      "geometry": {
        "type": "LineString",
        "coordinates": [
          [
            9.140625,
            -27.123647269520184
          ],
          [
            9.140625000000002,
            -25.728134432153915
          ]
        ]
      }
    },
    {
      "type": "Feature",
      "properties": {
        "discharge_m3_s": 2694.82,
        "drainage_km2": 3308390.12
      },
      "geometry": {
        "type": "LineString",
        "coordinates": [
          [
            21.796875000000004,
            -25.722054700967863
          ],
          [
            20.390624999999993,
            -24.583490698489392
          ]
        ]
      }
    },
    {
      "type": "Feature",
      "properties": {
        "discharge_m3_s": 1492.03,
        "drainage_km2": 2535723.46
      },
      "geometry": {
        "type": "LineString",
        "coordinates": [
          [
            26.015625,
            -24.997944249547984
          ],
          [
            24.609375000000007,
            -26.583412831863424
          ]
        ]
      }
    },
    {
      "type": "Feature",
      "properties": {
        "discharge_m3_s": 346.21,
        "drainage_km2": 275702.3
      },
      "geometry": {
        "type": "LineString",
        "coordinates": [
          [
            9.140625000000002,
            -25.728134432153915
          ],
          [
            7.734374999999999,
            -24.411719966240845
          ]
        ]
      }
    },
    {
      "type": "Feature",
      "properties": {
        "discharge_m3_s": 2694.82,
        "drainage_km2": 4937604.71
      },
      "geometry": {
        "type": "LineString",
        "coordinates": [
          [
            10.546875000000002,
            -25.632833042744895
          ],
          [
            9.140625,
            -24.33330603017412
          ]
        ]
      }
    },
    {
      "type": "Feature",
      "properties": {
        "discharge_m3_s": 2694.82,
        "drainage_km2": 4765060.01
      },
      "geometry": {
        "type": "LineString",
        "coordinates": [
          [
            11.953124999999998,
            -25.523895316736006
          ],
          [
            10.546875000000002,
            -25.632833042744895
          ]
        ]
      }
    },
    {
      "type": "Feature",
      "properties": {
        "discharge_m3_s": 2694.82,
        "drainage_km2": 4635728.34
      },
      "geometry": {
        "type": "LineString",
        "coordinates": [
          [
            13.359375000000005,
            -25.401313750436355
          ],
          [
            11.953124999999998,
            -25.523895316736006
          ]
        ]
      }
    },
    {
      "type": "Feature",
      "properties": {
        "discharge_m3_s": 2694.82,
        "drainage_km2": 4038103.07
      },
      "geometry": {
        "type": "LineString",
        "coordinates": [
          [
            14.765625,
            -25.2650806782536
          ],
          [
            13.359375000000005,
            -25.401313750436355
          ]
        ]
      }
    },
    {
      "type": "Feature",
      "properties": {
        "discharge_m3_s": 2694.82,
        "drainage_km2": 3415082.11
      },
      "geometry": {
        "type": "LineString",
        "coordinates": [
          [
            20.390624999999993,
            -24.583490698489392
          ],
          [
            18.984375,
            -23.418401580847945
          ]
        ]
      }
    },
    {
      "type": "Feature",
      "properties": {
        "discharge_m3_s": 1492.03,
        "drainage_km2": 2514962.08
      },
      "geometry": {
        "type": "LineString",
        "coordinates": [
          [
            27.421874999999996,
            -23.423730203151514
          ],
          [
            26.015625,
            -24.997944249547984
          ]
        ]
      }
    },
    {
      "type": "Feature",
      "properties": {
        "discharge_m3_s": 409.35,
        "drainage_km2": 432029.73
      },
      "geometry": {
        "type": "LineString",
        "coordinates": [
          [
            37.265625,
            -21.22737916878513
          ],
          [
            35.85937500000001,
            -20.365766621384758
          ]
        ]
      }
    },
    {
      "type": "Feature",
      "properties": {
        "discharge_m3_s": 409.35,
        "drainage_km2": 335865.84
      },
      "geometry": {
        "type": "LineString",
        "coordinates": [
          [
            38.67187499999999,
            -20.859571647973745
          ],
          [
            37.265625,
            -21.22737916878513
          ]
        ]
      }
    },
    {
      "type": "Feature",
      "properties": {
        "discharge_m3_s": 409.35,
        "drainage_km2": 240920.87
      },
      "geometry": {
        "type": "LineString",
        "coordinates": [
          [
            40.07812500000001,
            -20.47841515821518
          ],
          [
            38.67187499999999,
            -20.859571647973745
          ]
        ]
      }
    },
    {
      "type": "Feature",
      "properties": {
        "discharge_m3_s": 346.21,
        "drainage_km2": 319720.43
      },
      "geometry": {
        "type": "LineString",
        "coordinates": [
          [
            7.734374999999999,
            -24.411719966240845
          ],
          [
            6.328124999999997,
            -23.07658641896117
          ]
        ]
      }
    },
    {
      "type": "Feature",
      "properties": {
        "discharge_m3_s": 2694.82,
        "drainage_km2": 4959696.45
      },
      "geometry": {
        "type": "LineString",
        "coordinates": [
          [
            9.140625,
            -24.33330603017412
          ],
          [
            7.734374999999999,
            -23.014105264501588
          ]
        ]
      }
    },
    {
      "type": "Feature",
      "properties": {
        "discharge_m3_s": 2694.82,
        "drainage_km2": 3868521.98
      },
      "geometry": {
        "type": "LineString",
        "coordinates": [
          [
            16.171874999999996,
            -23.745151486810556
          ],
          [
            14.765625,
            -25.2650806782536
          ]
        ]
      }
    },
    {
      "type": "Feature",
      "properties": {
        "discharge_m3_s": 2694.82,
        "drainage_km2": 3695289.03
      },
      "geometry": {
        "type": "LineString",
        "coordinates": [
          [
            17.578125000000007,
            -23.5883085710629
          ],
          [
            16.171874999999996,
            -23.745151486810556
          ]
        ]
      }
    },
    {
      "type": "Feature",
      "properties": {
        "discharge_m3_s": 2694.82,
        "drainage_km2": 3544682.56
      },
      "geometry": {
        "type": "LineString",
        "coordinates": [
          [
            18.984375,
            -23.418401580847945
          ],
          [
            17.578125000000007,
            -23.5883085710629
          ]
        ]
      }
    },
    {
      "type": "Feature",
      "properties": {
        "discharge_m3_s": 1492.03,
        "drainage_km2": 2473328.37
      },
      "geometry": {
        "type": "LineString",
        "coordinates": [
          [
            28.828125000000004,
            -21.864091861371964
          ],
          [
            27.421874999999996,
            -23.423730203151514
          ]
        ]
      }
    },
    {
      "type": "Feature",
      "properties": {
        "discharge_m3_s": 486.52,
        "drainage_km2": 1303350.0
      },
      "geometry": {
        "type": "LineString",
        "coordinates": [
          [
            30.234375,
            -21.590125797339276
          ],
          [
            28.828125000000004,
            -21.864091861371964
          ]
        ]
      }
    },
    {
      "type": "Feature",
      "properties": {
        "discharge_m3_s": 486.52,
        "drainage_km2": 1201762.99
      },
      "geometry": {
        "type": "LineString",
        "coordinates": [
          [
            31.640624999999993,
            -21.303264915379106
          ],
          [
            30.234375,
            -21.590125797339276
          ]
        ]
      }
    },
    {
      "type": "Feature",
      "properties": {
        "discharge_m3_s": 486.52,
        "drainage_km2": 766227.89
      },
      "geometry": {
        "type": "LineString",
        "coordinates": [
          [
            33.046875,
            -21.00355118233318
          ],
          [
            31.640624999999993,
            -21.303264915379106
          ]
        ]
      }
    },
    {
      "type": "Feature",
      "properties": {
        "discharge_m3_s": 486.52,
        "drainage_km2": 647150.73
      },
      "geometry": {
        "type": "LineString",
        "coordinates": [
          [
            34.45312500000001,
            -20.691033163595094
          ],
          [
            33.046875,
            -21.00355118233318
          ]
        ]
      }
    },
    {
      "type": "Feature",
      "properties": {
        "discharge_m3_s": 486.52,
        "drainage_km2": 529360.95
      },
      "geometry": {
        "type": "LineString",
        "coordinates": [
          [
            35.85937500000001,
            -20.365766621384758
          ],
          [
            34.45312500000001,
            -20.691033163595094
          ]
        ]
      }
    },
    {
      "type": "Feature",
      "properties": {
        "discharge_m3_s": 3041.03,
        "drainage_km2": 5936390.51
      },
      "geometry": {
        "type": "LineString",
        "coordinates": [
          [
            6.328124999999997,
            -23.07658641896117
          ],
          [
            4.9218750000000036,
            -24.52933544869157
          ]
        ]
      }
    },
    {
      "type": "Feature",
      "properties": {
        "discharge_m3_s": 2694.82,
        "drainage_km2": 5319468.18
      },
      "geometry": {
        "type": "LineString",
        "coordinates": [
          [
            7.734374999999999,
            -23.014105264501588
          ],
          [
            6.328124999999997,
            -23.07658641896117
          ]
        ]
      }
    },
    {
      "type": "Feature",
      "properties": {
        "discharge_m3_s": 1005.51,
        "drainage_km2": 985042.72
      },
      "geometry": {
        "type": "LineString",
        "coordinates": [
          [
            27.421874999999996,
            -20.831826733892747
          ],
          [
            28.828125000000004,
            -21.864091861371964
          ]
        ]
      }
    },
    {
      "type": "Feature",
      "properties": {
        "discharge_m3_s": 1005.51,
        "drainage_km2": 797272.4
      },
      "geometry": {
        "type": "LineString",
        "coordinates": [
          [
            26.015625,
            -19.767792127048033
          ],
          [
            27.421874999999996,
            -20.831826733892747
          ]
        ]
      }
    },
    {
      "type": "Feature",
      "properties": {
        "discharge_m3_s": 912.53,
        "drainage_km2": 605335.44
      },
      "geometry": {
        "type": "LineString",
        "coordinates": [
          [
            26.015625,
            -18.471724774733552
          ],
          [
            26.015625,
            -19.767792127048033
          ]
        ]
      }
    },
    {
      "type": "Feature",
      "properties": {
        "discharge_m3_s": 867.97,
        "drainage_km2": 477276.11
      },
      "geometry": {
        "type": "LineString",
        "coordinates": [
          [
            26.015625,
            -17.179743273381224
          ],
          [
            26.015625,
            -18.471724774733552
          ]
        ]
      }
    },
    {
      "type": "Feature",
      "properties": {
        "discharge_m3_s": 53.03,
        "drainage_km2": 218106.55
      },
      "geometry": {
        "type": "LineString",
        "coordinates": [
          [
            26.015625,
            -15.89158679923874
          ],
          [
            26.015625,
            -17.179743273381224
          ]
        ]
      }
    },
    {
      "type": "Feature",
      "properties": {
        "discharge_m3_s": 814.95,
        "drainage_km2": 194058.14
      },
      "geometry": {
        "type": "LineString",
        "coordinates": [
          [
            27.421874999999996,
            -15.706138270714021
          ],
          [
            26.015625,
            -17.179743273381224
          ]
        ]
      }
    },
    {
      "type": "Feature",
      "properties": {
        "discharge_m3_s": 98.27,
        "drainage_km2": 365086.67
      },
      "geometry": {
        "type": "LineString",
        "coordinates": [
          [
            44.29687499999999,
            -12.775373530717703
          ],
          [
            45.70312500000001,
            -11.725712024825047
          ]
        ]
      }
    },
    {
      "type": "Feature",
      "properties": {
        "discharge_m3_s": 814.95,
        "drainage_km2": 172753.53
      },
      "geometry": {
        "type": "LineString",
        "coordinates": [
          [
            28.828125000000004,
            -14.254734968916496
          ],
          [
            27.421874999999996,
            -15.706138270714021
          ]
        ]
      }
    },
    {
      "type": "Feature",
      "properties": {
        "discharge_m3_s": 24895.94,
        "drainage_km2": 4828088.07
      },
      "geometry": {
        "type": "LineString",
        "coordinates": [
          [
            2.1093749999999987,
            -14.75605631519241
          ],
          [
            0.7031249999999977,
            -16.170720932018416
          ]
        ]
      }
    },
    {
      "type": "Feature",
      "properties": {
        "discharge_m3_s": 23397.94,
        "drainage_km2": 4181111.56
      },
      "geometry": {
        "type": "LineString",
        "coordinates": [
          [
            3.5156250000000004,
            -14.739048579426544
          ],
          [
            2.1093749999999987,
            -14.75605631519241
          ]
        ]
      }
    },
    {
      "type": "Feature",
      "properties": {
        "discharge_m3_s": 13325.39,
        "drainage_km2": 2955460.82
      },
      "geometry": {
        "type": "LineString",
        "coordinates": [
          [
            4.921875000000003,
            -14.713544805973491
          ],
          [
            3.5156250000000004,
            -14.739048579426544
          ]
        ]
      }
    },
    {
      "type": "Feature",
      "properties": {
        "discharge_m3_s": 148.5,
        "drainage_km2": 112816.01
      },
      "geometry": {
        "type": "LineString",
        "coordinates": [
          [
            42.89062499999999,
            -10.92959786301392
          ],
          [
            44.296875,
            -9.646649838348903
          ]
        ]
      }
    },
    {
      "type": "Feature",
      "properties": {
        "discharge_m3_s": 1196.52,
        "drainage_km2": 92666.55
      },
      "geometry": {
        "type": "LineString",
        "coordinates": [
          [
            44.296875,
            -10.683013865823861
          ],
          [
            45.703125,
            -9.646649838348903
          ]
        ]
      }
    },
    {
      "type": "Feature",
      "properties": {
        "discharge_m3_s": 1498.0,
        "drainage_km2": 505173.59
      },
      "geometry": {
        "type": "LineString",
        "coordinates": [
          [
            3.5156250000000004,
            -13.335133077518167
          ],
          [
            2.1093749999999987,
            -14.75605631519241
          ]
        ]
      }
    },
    {
      "type": "Feature",
      "properties": {
        "discharge_m3_s": 10072.55,
        "drainage_km2": 1155423.63
      },
      "geometry": {
        "type": "LineString",
        "coordinates": [
          [
            4.921875000000003,
            -13.3118705707591
          ],
          [
            3.5156250000000004,
            -14.739048579426544
          ]
        ]
      }
    },
    {
      "type": "Feature",
      "properties": {
        "discharge_m3_s": 13325.39,
        "drainage_km2": 2838518.83
      },
      "geometry": {
        "type": "LineString",
        "coordinates": [
          [
            6.328124999999997,
            -13.280868751637215
          ],
          [
            4.921875000000003,
            -14.713544805973491
          ]
        ]
      }
    },
    {
      "type": "Feature",
      "properties": {
        "discharge_m3_s": 164.96,
        "drainage_km2": 410905.35
      },
      "geometry": {
        "type": "LineString",
        "coordinates": [
          [
            37.26562499999999,
            -10.702596014001125
          ],
          [
            35.85937500000001,
            -9.735734423035964
          ]
        ]
      }
    },
    {
      "type": "Feature",
      "properties": {
        "discharge_m3_s": 3114.06,
        "drainage_km2": 148625.79
      },
      "geometry": {
        "type": "LineString",
        "coordinates": [
          [
            44.296875,
            -9.646649838348903
          ],
          [
            45.703125,
            -9.646649838348903
          ]
        ]
      }
    },
    {
      "type": "Feature",
      "properties": {
        "discharge_m3_s": 846.87,
        "drainage_km2": 313217.16
      },
      "geometry": {
        "type": "LineString",
        "coordinates": [
          [
            3.5156250000000004,
            -11.931275829428913
          ],
          [
            3.5156250000000004,
            -13.335133077518167
          ]
        ]
      }
    },
    {
      "type": "Feature",
      "properties": {
        "discharge_m3_s": 651.13,
        "drainage_km2": 144300.38
      },
      "geometry": {
        "type": "LineString",
        "coordinates": [
          [
            4.921875000000003,
            -11.91031021322587
          ],
          [
            3.5156250000000004,
            -13.335133077518167
          ]
        ]
      }
    },
    {
      "type": "Feature",
      "properties": {
        "discharge_m3_s": 10072.55,
        "drainage_km2": 1131709.19
      },
      "geometry": {
        "type": "LineString",
        "coordinates": [
          [
            6.3281249999999964,
            -11.882370678645847
          ],
          [
            4.921875000000003,
            -13.3118705707591
          ]
        ]
      }
    },
    {
      "type": "Feature",
      "properties": {
        "discharge_m3_s": 13325.39,
        "drainage_km2": 2325621.72
      },
      "geometry": {
        "type": "LineString",
        "coordinates": [
          [
            7.734374999999997,
            -11.847469777853199
          ],
          [
            6.328124999999997,
            -13.280868751637215
          ]
        ]
      }
    },
    {
      "type": "Feature",
      "properties": {
        "discharge_m3_s": 2097.67,
        "drainage_km2": 107671.47
      },
      "geometry": {
        "type": "LineString",
        "coordinates": [
          [
            30.234375,
            -10.3650822526033
          ],
          [
            31.640624999999993,
            -9.00701264175803
          ]
        ]
      }
    },
    {
      "type": "Feature",
      "properties": {
        "discharge_m3_s": 599.46,
        "drainage_km2": 632976.75
      },
      "geometry": {
        "type": "LineString",
        "coordinates": [
          [
            35.85937500000001,
            -9.735734423035964
          ],
          [
            35.85937500000001,
            -8.58092698374741
          ]
        ]
      }
    },
    {
      "type": "Feature",
      "properties": {
        "discharge_m3_s": 834.64,
        "drainage_km2": 217194.62
      },
      "geometry": {
        "type": "LineString",
        "coordinates": [
          [
            4.921875000000003,
            -10.508852479473568
          ],
          [
            3.5156250000000004,
            -11.931275829428913
          ]
        ]
      }
    },
    {
      "type": "Feature",
      "properties": {
        "discharge_m3_s": 651.13,
        "drainage_km2": 120457.65
      },
      "geometry": {
        "type": "LineString",
        "coordinates": [
          [
            6.328124999999997,
            -10.484041637512746
          ],
          [
            4.921875000000003,
            -11.91031021322587
          ]
        ]
      }
    },
    {
      "type": "Feature",
      "properties": {
        "discharge_m3_s": 10072.55,
        "drainage_km2": 1107916.7
      },
      "geometry": {
        "type": "LineString",
        "coordinates": [
          [
            7.734374999999997,
            -10.453050535228861
          ],
          [
            6.3281249999999964,
            -11.882370678645847
          ]
        ]
      }
    },
    {
      "type": "Feature",
      "properties": {
        "discharge_m3_s": 13325.39,
        "drainage_km2": 2301892.03
      },
      "geometry": {
        "type": "LineString",
        "coordinates": [
          [
            9.140625,
            -10.415894160748397
          ],
          [
            7.734374999999997,
            -11.847469777853199
          ]
        ]
      }
    },
    {
      "type": "Feature",
      "properties": {
        "discharge_m3_s": 8647.52,
        "drainage_km2": 215400.9
      },
      "geometry": {
        "type": "LineString",
        "coordinates": [
          [
            30.234375,
            -9.13826638548685
          ],
          [
            31.640624999999993,
            -9.00701264175803
          ]
        ]
      }
    },
    {
      "type": "Feature",
      "properties": {
        "discharge_m3_s": 14532.81,
        "drainage_km2": 407894.71
      },
      "geometry": {
        "type": "LineString",
        "coordinates": [
          [
            31.640624999999993,
            -9.00701264175803
          ],
          [
            33.046875,
            -8.870323035942228
          ]
        ]
      }
    },
    {
      "type": "Feature",
      "properties": {
        "discharge_m3_s": 18696.04,
        "drainage_km2": 554953.64
      },
      "geometry": {
        "type": "LineString",
        "coordinates": [
          [
            33.046875,
            -8.870323035942228
          ],
          [
            34.453125,
            -8.72826942349342
          ]
        ]
      }
    },
    {
      "type": "Feature",
      "properties": {
        "discharge_m3_s": 24473.13,
        "drainage_km2": 824850.4
      },
      "geometry": {
        "type": "LineString",
        "coordinates": [
          [
            34.453125,
            -8.72826942349342
          ],
          [
            35.85937500000001,
            -8.58092698374741
          ]
        ]
      }
    },
    {
      "type": "Feature",
      "properties": {
        "discharge_m3_s": 25236.23,
        "drainage_km2": 1477649.11
      },
      "geometry": {
        "type": "LineString",
        "coordinates": [
          [
            35.85937500000001,
            -8.58092698374741
          ],
          [
            37.265625,
            -7.297084926690823
          ]
        ]
      }
    },
    {
      "type": "Feature",
      "properties": {
        "discharge_m3_s": 651.13,
        "drainage_km2": 96552.82
      },
      "geometry": {
        "type": "LineString",
        "coordinates": [
          [
            7.734375000000001,
            -9.058854454147106
          ],
          [
            6.328124999999997,
            -10.484041637512746
          ]
        ]
      }
    },
    {
      "type": "Feature",
      "properties": {
        "discharge_m3_s": 10072.55,
        "drainage_km2": 1084076.97
      },
      "geometry": {
        "type": "LineString",
        "coordinates": [
          [
            9.140625,
            -9.026475051525084
          ],
          [
            7.734374999999997,
            -10.453050535228861
          ]
        ]
      }
    },
    {
      "type": "Feature",
      "properties": {
        "discharge_m3_s": 13325.39,
        "drainage_km2": 2278130.42
      },
      "geometry": {
        "type": "LineString",
        "coordinates": [
          [
            10.546875000000002,
            -8.98874110536948
          ],
          [
            9.140625,
            -10.415894160748397
          ]
        ]
      }
    },
    {
      "type": "Feature",
      "properties": {
        "discharge_m3_s": 2594.15,
        "drainage_km2": 103928.82
      },
      "geometry": {
        "type": "LineString",
        "coordinates": [
          [
            34.453125,
            -7.557722457774965
          ],
          [
            34.453125,
            -8.72826942349342
          ]
        ]
      }
    },
    {
      "type": "Feature",
      "properties": {
        "discharge_m3_s": 2721.83,
        "drainage_km2": 102371.84
      },
      "geometry": {
        "type": "LineString",
        "coordinates": [
          [
            35.859375,
            -7.4296550178445715
          ],
          [
            37.265625,
            -6.169014026355201
          ]
        ]
      }
    },
    {
      "type": "Feature",
      "properties": {
        "discharge_m3_s": 25717.39,
        "drainage_km2": 1497130.22
      },
      "geometry": {
        "type": "LineString",
        "coordinates": [
          [
            37.265625,
            -7.297084926690823
          ],
          [
            38.67187499999999,
            -6.0528444949843205
          ]
        ]
      }
    },
    {
      "type": "Feature",
      "properties": {
        "discharge_m3_s": 9035.16,
        "drainage_km2": 915534.86
      },
      "geometry": {
        "type": "LineString",
        "coordinates": [
          [
            10.546875,
            -7.605248830323058
          ],
          [
            9.140625,
            -9.026475051525084
          ]
        ]
      }
    },
    {
      "type": "Feature",
      "properties": {
        "discharge_m3_s": 13325.39,
        "drainage_km2": 2045387.14
      },
      "geometry": {
        "type": "LineString",
        "coordinates": [
          [
            11.953124999999998,
            -7.568638658881363
          ],
          [
            10.546875000000002,
            -8.98874110536948
          ]
        ]
      }
    },
    {
      "type": "Feature",
      "properties": {
        "discharge_m3_s": 20.35,
        "drainage_km2": 114191.55
      },
      "geometry": {
        "type": "LineString",
        "coordinates": [
          [
            16.171874999999996,
            -7.431820162485775
          ],
          [
            14.765624999999998,
            -6.120761014455373
          ]
        ]
      }
    },
    {
      "type": "Feature",
      "properties": {
        "discharge_m3_s": 74.45,
        "drainage_km2": 91148.66
      },
      "geometry": {
        "type": "LineString",
        "coordinates": [
          [
            17.578125000000004,
            -7.377300403645419
          ],
          [
            16.171874999999996,
            -6.079637854926416
          ]
        ]
      }
    },
    {
      "type": "Feature",
      "properties": {
        "discharge_m3_s": 3645.57,
        "drainage_km2": 121846.95
      },
      "geometry": {
        "type": "LineString",
        "coordinates": [
          [
            37.265625,
            -6.169014026355201
          ],
          [
            38.67187499999999,
            -4.948449853240042
          ]
        ]
      }
    },
    {
      "type": "Feature",
      "properties": {
        "discharge_m3_s": 26658.04,
        "drainage_km2": 1516248.31
      },
      "geometry": {
        "type": "LineString",
        "coordinates": [
          [
            38.67187499999999,
            -6.0528444949843205
          ],
          [
            40.07812500000001,
            -4.850240224039029
          ]
        ]
      }
    },
    {
      "type": "Feature",
      "properties": {
        "discharge_m3_s": 3719.43,
        "drainage_km2": 110362.62
      },
      "geometry": {
        "type": "LineString",
        "coordinates": [
          [
            42.89062499999999,
            -5.68258926773919
          ],
          [
            41.484375,
            -4.749093501950499
          ]
        ]
      }
    },
    {
      "type": "Feature",
      "properties": {
        "discharge_m3_s": 8070.4,
        "drainage_km2": 771403.16
      },
      "geometry": {
        "type": "LineString",
        "coordinates": [
          [
            11.953124999999998,
            -6.191992124823371
          ],
          [
            10.546875,
            -7.605248830323058
          ]
        ]
      }
    },
    {
      "type": "Feature",
      "properties": {
        "discharge_m3_s": 13325.39,
        "drainage_km2": 1768052.07
      },
      "geometry": {
        "type": "LineString",
        "coordinates": [
          [
            13.359375000000007,
            -6.15821945331951
          ],
          [
            11.953124999999998,
            -7.568638658881363
          ]
        ]
      }
    },
    {
      "type": "Feature",
      "properties": {
        "discharge_m3_s": 68.32,
        "drainage_km2": 137717.73
      },
      "geometry": {
        "type": "LineString",
        "coordinates": [
          [
            14.765624999999998,
            -6.120761014455373
          ],
          [
            13.359375000000007,
            -6.15821945331951
          ]
        ]
      }
    },
    {
      "type": "Feature",
      "properties": {
        "discharge_m3_s": 140.49,
        "drainage_km2": 114520.98
      },
      "geometry": {
        "type": "LineString",
        "coordinates": [
          [
            16.171874999999996,
            -6.079637854926416
          ],
          [
            14.765625,
            -4.760096852852792
          ]
        ]
      }
    },
    {
      "type": "Feature",
      "properties": {
        "discharge_m3_s": 284.65,
        "drainage_km2": 91385.55
      },
      "geometry": {
        "type": "LineString",
        "coordinates": [
          [
            17.578125000000004,
            -6.034873109093681
          ],
          [
            16.171874999999996,
            -4.728019933909834
          ]
        ]
      }
    },
    {
      "type": "Feature",
      "properties": {
        "discharge_m3_s": 385.44,
        "drainage_km2": 90605.21
      },
      "geometry": {
        "type": "LineString",
        "coordinates": [
          [
            18.984375000000004,
            -5.986491993724121
          ],
          [
            17.578125000000004,
            -4.693104699753207
          ]
        ]
      }
    },
    {
      "type": "Feature",
      "properties": {
        "discharge_m3_s": 4762.67,
        "drainage_km2": 140955.76
      },
      "geometry": {
        "type": "LineString",
        "coordinates": [
          [
            38.67187499999999,
            -4.948449853240042
          ],
          [
            40.07812500000001,
            -4.850240224039029
          ]
        ]
      }
    },
    {
      "type": "Feature",
      "properties": {
        "discharge_m3_s": 37983.26,
        "drainage_km2": 1847971.58
      },
      "geometry": {
        "type": "LineString",
        "coordinates": [
          [
            40.07812500000001,
            -4.850240224039029
          ],
          [
            41.484375,
            -4.749093501950499
          ]
        ]
      }
    },
    {
      "type": "Feature",
      "properties": {
        "discharge_m3_s": 61934.14,
        "drainage_km2": 2684825.86
      },
      "geometry": {
        "type": "LineString",
        "coordinates": [
          [
            41.484375,
            -4.749093501950499
          ],
          [
            42.89062499999999,
            -4.645068672663116
          ]
        ]
      }
    },
    {
      "type": "Feature",
      "properties": {
        "discharge_m3_s": 63091.39,
        "drainage_km2": 2739046.7
      },
      "geometry": {
        "type": "LineString",
        "coordinates": [
          [
            42.89062499999999,
            -4.645068672663116
          ],
          [
            44.296875,
            -4.538226548524
          ]
        ]
      }
    },
    {
      "type": "Feature",
      "properties": {
        "discharge_m3_s": 64370.17,
        "drainage_km2": 2774535.23
      },
      "geometry": {
        "type": "LineString",
        "coordinates": [
          [
            44.296875,
            -4.538226548524
          ],
          [
            45.703125,
            -3.5269667776797418
          ]
        ]
      }
    },
    {
      "type": "Feature",
      "properties": {
        "discharge_m3_s": 5058.09,
        "drainage_km2": 470276.25
      },
      "geometry": {
        "type": "LineString",
        "coordinates": [
          [
            11.953124999999998,
            -4.815663213420071
          ],
          [
            11.953124999999998,
            -6.191992124823371
          ]
        ]
      }
    },
    {
      "type": "Feature",
      "properties": {
        "discharge_m3_s": 2511.1,
        "drainage_km2": 229280.24
      },
      "geometry": {
        "type": "LineString",
        "coordinates": [
          [
            13.359375000000005,
            -4.7893169075569135
          ],
          [
            11.953124999999998,
            -6.191992124823371
          ]
        ]
      }
    },
    {
      "type": "Feature",
      "properties": {
        "discharge_m3_s": 13242.35,
        "drainage_km2": 1491637.23
      },
      "geometry": {
        "type": "LineString",
        "coordinates": [
          [
            14.765625,
            -4.760096852852792
          ],
          [
            13.359375000000007,
            -6.15821945331951
          ]
        ]
      }
    },
    {
      "type": "Feature",
      "properties": {
        "discharge_m3_s": 400.26,
        "drainage_km2": 114801.38
      },
      "geometry": {
        "type": "LineString",
        "coordinates": [
          [
            16.171874999999996,
            -4.728019933909834
          ],
          [
            14.765625,
            -4.760096852852792
          ]
        ]
      }
    },
    {
      "type": "Feature",
      "properties": {
        "discharge_m3_s": 510.18,
        "drainage_km2": 113850.86
      },
      "geometry": {
        "type": "LineString",
        "coordinates": [
          [
            17.578125000000004,
            -4.693104699753207
          ],
          [
            16.171874999999996,
            -3.376842069407035
          ]
        ]
      }
    },
    {
      "type": "Feature",
      "properties": {
        "discharge_m3_s": 574.08,
        "drainage_km2": 90788.24
      },
      "geometry": {
        "type": "LineString",
        "coordinates": [
          [
            18.984375000000004,
            -4.655371356790997
          ],
          [
            17.578125000000004,
            -3.3518499611153247
          ]
        ]
      }
    },
    {
      "type": "Feature",
      "properties": {
        "discharge_m3_s": 19803.61,
        "drainage_km2": 708139.99
      },
      "geometry": {
        "type": "LineString",
        "coordinates": [
          [
            40.07812500000001,
            -3.7698989651003165
          ],
          [
            41.484375,
            -4.749093501950499
          ]
        ]
      }
    },
    {
      "type": "Feature",
      "properties": {
        "discharge_m3_s": 4009.96,
        "drainage_km2": 350410.99
      },
      "geometry": {
        "type": "LineString",
        "coordinates": [
          [
            13.359375000000005,
            -3.4207210507935577
          ],
          [
            11.953124999999998,
            -4.815663213420071
          ]
        ]
      }
    },
    {
      "type": "Feature",
      "properties": {
        "discharge_m3_s": 2426.74,
        "drainage_km2": 205565.8
      },
      "geometry": {
        "type": "LineString",
        "coordinates": [
          [
            14.765624999999998,
            -3.399803615542326
          ],
          [
            13.359375000000005,
            -4.7893169075569135
          ]
        ]
      }
    },
    {
      "type": "Feature",
      "properties": {
        "discharge_m3_s": 12617.66,
        "drainage_km2": 1238742.75
      },
      "geometry": {
        "type": "LineString",
        "coordinates": [
          [
            16.171874999999996,
            -3.376842069407035
          ],
          [
            14.765625,
            -4.760096852852792
          ]
        ]
      }
    },
    {
      "type": "Feature",
      "properties": {
        "discharge_m3_s": 702.87,
        "drainage_km2": 114064.54
      },
      "geometry": {
        "type": "LineString",
        "coordinates": [
          [
            17.578125000000004,
            -3.3518499611153247
          ],
          [
            16.171874999999996,
            -3.376842069407035
          ]
        ]
      }
    },
    {
      "type": "Feature",
      "properties": {
        "discharge_m3_s": 7482.27,
        "drainage_km2": 693460.58
      },
      "geometry": {
        "type": "LineString",
        "coordinates": [
          [
            18.984375,
            -3.324842043461544
          ],
          [
            17.578125000000004,
            -2.0109627750887418
          ]
        ]
      }
    },
    {
      "type": "Feature",
      "properties": {
        "discharge_m3_s": 5447.23,
        "drainage_km2": 490266.53
      },
      "geometry": {
        "type": "LineString",
        "coordinates": [
          [
            20.390624999999993,
            -3.2958342660436255
          ],
          [
            18.984375,
            -3.324842043461544
          ]
        ]
      }
    },
    {
      "type": "Feature",
      "properties": {
        "discharge_m3_s": 3525.52,
        "drainage_km2": 310834.67
      },
      "geometry": {
        "type": "LineString",
        "coordinates": [
          [
            21.796875,
            -3.2648437673735415
          ],
          [
            20.390624999999993,
            -3.2958342660436255
          ]
        ]
      }
    },
    {
      "type": "Feature",
      "properties": {
        "discharge_m3_s": 1999.65,
        "drainage_km2": 176901.82
      },
      "geometry": {
        "type": "LineString",
        "coordinates": [
          [
            23.203124999999996,
            -3.231888866356929
          ],
          [
            21.796875,
            -3.2648437673735415
          ]
        ]
      }
    },
    {
      "type": "Feature",
      "properties": {
        "discharge_m3_s": 17483.63,
        "drainage_km2": 598216.35
      },
      "geometry": {
        "type": "LineString",
        "coordinates": [
          [
            38.67187499999999,
            -2.7461244564572684
          ],
          [
            40.07812500000001,
            -3.7698989651003165
          ]
        ]
      }
    },
    {
      "type": "Feature",
      "properties": {
        "discharge_m3_s": 2577.5,
        "drainage_km2": 231027.19
      },
      "geometry": {
        "type": "LineString",
        "coordinates": [
          [
            14.765625,
            -2.039775840091725
          ],
          [
            13.359375000000005,
            -3.4207210507935577
          ]
        ]
      }
    },
    {
      "type": "Feature",
      "properties": {
        "discharge_m3_s": 2315.74,
        "drainage_km2": 181959.26
      },
      "geometry": {
        "type": "LineString",
        "coordinates": [
          [
            16.171874999999996,
            -2.025979114457455
          ],
          [
            14.765624999999998,
            -3.399803615542326
          ]
        ]
      }
    },
    {
      "type": "Feature",
      "properties": {
        "discharge_m3_s": 11299.6,
        "drainage_km2": 987378.92
      },
      "geometry": {
        "type": "LineString",
        "coordinates": [
          [
            17.578125000000004,
            -2.0109627750887418
          ],
          [
            16.171874999999996,
            -3.376842069407035
          ]
        ]
      }
    },
    {
      "type": "Feature",
      "properties": {
        "discharge_m3_s": 1803.97,
        "drainage_km2": 135338.34
      },
      "geometry": {
        "type": "LineString",
        "coordinates": [
          [
            18.984375,
            -1.9947358020268582
          ],
          [
            17.578125000000004,
            -2.0109627750887418
          ]
        ]
      }
    },
    {
      "type": "Feature",
      "properties": {
        "discharge_m3_s": 1394.27,
        "drainage_km2": 112257.3
      },
      "geometry": {
        "type": "LineString",
        "coordinates": [
          [
            20.390624999999993,
            -1.9773079007870582
          ],
          [
            18.984375,
            -3.324842043461544
          ]
        ]
      }
    },
    {
      "type": "Feature",
      "properties": {
        "discharge_m3_s": 9202.19,
        "drainage_km2": 366022.09
      },
      "geometry": {
        "type": "LineString",
        "coordinates": [
          [
            38.67187499999999,
            -1.6471581172754979
          ],
          [
            38.67187499999999,
            -2.7461244564572684
          ]
        ]
      }
    },
    {
      "type": "Feature",
      "properties": {
        "discharge_m3_s": 1822.51,
        "drainage_km2": 159970.1
      },
      "geometry": {
        "type": "LineString",
        "coordinates": [
          [
            16.171874999999993,
            -0.6753053386193396
          ],
          [
            14.765625,
            -2.039775840091725
          ]
        ]
      }
    },
    {
      "type": "Feature",
      "properties": {
        "discharge_m3_s": 2152.09,
        "drainage_km2": 158489.11
      },
      "geometry": {
        "type": "LineString",
        "coordinates": [
          [
            17.578125000000004,
            -0.6702963785396038
          ],
          [
            16.171874999999996,
            -2.025979114457455
          ]
        ]
      }
    },
    {
      "type": "Feature",
      "properties": {
        "discharge_m3_s": 1858.08,
        "drainage_km2": 135283.29
      },
      "geometry": {
        "type": "LineString",
        "coordinates": [
          [
            18.984375,
            -0.6648836827225253
          ],
          [
            17.578125000000004,
            -2.0109627750887418
          ]
        ]
      }
    },
    {
      "type": "Feature",
      "properties": {
        "discharge_m3_s": 1623.14,
        "drainage_km2": 112229.05
      },
      "geometry": {
        "type": "LineString",
        "coordinates": [
          [
            20.390624999999993,
            -0.6590705090158199
          ],
          [
            18.984375,
            -1.9947358020268582
          ]
        ]
      }
    },
    {
      "type": "Feature",
      "properties": {
        "discharge_m3_s": 4534.29,
        "drainage_km2": 140388.7
      },
      "geometry": {
        "type": "LineString",
        "coordinates": [
          [
            37.265625,
            -0.5595831226848934
          ],
          [
            38.67187499999999,
            -1.6471581172754979
          ]
        ]
      }
    },
    {
      "type": "Feature",
      "properties": {
        "discharge_m3_s": 3571.7,
        "drainage_km2": 169515.64
      },
      "geometry": {
        "type": "LineString",
        "coordinates": [
          [
            38.67187499999999,
            -0.5489666236092344
          ],
          [
            38.67187499999999,
            -1.6471581172754979
          ]
        ]
      }
    },
    {
      "type": "Feature",
      "properties": {
        "discharge_m3_s": 1030.01,
        "drainage_km2": 92731.96
      },
      "geometry": {
        "type": "LineString",
        "coordinates": [
          [
            16.171874999999993,
            0.6753053386193396
          ],
          [
            14.765625,
            2.039775840091725
          ]
        ]
      }
    },
    {
      "type": "Feature",
      "properties": {
        "discharge_m3_s": 1568.9,
        "drainage_km2": 136489.1
      },
      "geometry": {
        "type": "LineString",
        "coordinates": [
          [
            17.578125000000004,
            0.6702963785396038
          ],
          [
            16.171874999999993,
            -0.6753053386193396
          ]
        ]
      }
    },
    {
      "type": "Feature",
      "properties": {
        "discharge_m3_s": 1872.13,
        "drainage_km2": 135182.19
      },
      "geometry": {
        "type": "LineString",
        "coordinates": [
          [
            18.984375,
            0.6648836827225253
          ],
          [
            17.578125000000004,
            -0.6702963785396038
          ]
        ]
      }
    },
    {
      "type": "Feature",
      "properties": {
        "discharge_m3_s": 1575.03,
        "drainage_km2": 112164.5
      },
      "geometry": {
        "type": "LineString",
        "coordinates": [
          [
            20.390624999999993,
            0.6590705090158199
          ],
          [
            18.984375,
            -0.6648836827225253
          ]
        ]
      }
    },
    {
      "type": "Feature",
      "properties": {
        "discharge_m3_s": 3178.54,
        "drainage_km2": 303314.76
      },
      "geometry": {
        "type": "LineString",
        "coordinates": [
          [
            14.765625,
            2.039775840091725
          ],
          [
            13.359375000000005,
            3.4207210507935577
          ]
        ]
      }
    },
    {
      "type": "Feature",
      "properties": {
        "discharge_m3_s": 1349.78,
        "drainage_km2": 113182.18
      },
      "geometry": {
        "type": "LineString",
        "coordinates": [
          [
            18.984375,
            1.9947358020268582
          ],
          [
            17.578125000000004,
            0.6702963785396038
          ]
        ]
      }
    },
    {
      "type": "Feature",
      "properties": {
        "discharge_m3_s": 1617.03,
        "drainage_km2": 112063.4
      },
      "geometry": {
        "type": "LineString",
        "coordinates": [
          [
            20.390624999999993,
            1.9773079007870582
          ],
          [
            18.984375,
            0.6648836827225253
          ]
        ]
      }
    },
    {
      "type": "Feature",
      "properties": {
        "discharge_m3_s": 2883.64,
        "drainage_km2": 107642.37
      },
      "geometry": {
        "type": "LineString",
        "coordinates": [
          [
            30.234375,
            1.8226514959972535
          ],
          [
            31.640624999999993,
            2.9940791571677483
          ]
        ]
      }
    },
    {
      "type": "Feature",
      "properties": {
        "discharge_m3_s": 2672.34,
        "drainage_km2": 105536.25
      },
      "geometry": {
        "type": "LineString",
        "coordinates": [
          [
            33.046875,
            1.7683677873843233
          ],
          [
            34.453125,
            2.9001111263329
          ]
        ]
      }
    },
    {
      "type": "Feature",
      "properties": {
        "discharge_m3_s": 4683.12,
        "drainage_km2": 162565.18
      },
      "geometry": {
        "type": "LineString",
        "coordinates": [
          [
            35.85937500000001,
            1.7098232002111777
          ],
          [
            34.453125,
            2.9001111263329
          ]
        ]
      }
    },
    {
      "type": "Feature",
      "properties": {
        "discharge_m3_s": 5794.08,
        "drainage_km2": 563023.61
      },
      "geometry": {
        "type": "LineString",
        "coordinates": [
          [
            13.359375000000005,
            3.4207210507935577
          ],
          [
            11.953124999999998,
            4.815663213420071
          ]
        ]
      }
    },
    {
      "type": "Feature",
      "properties": {
        "discharge_m3_s": 1106.31,
        "drainage_km2": 90072.89
      },
      "geometry": {
        "type": "LineString",
        "coordinates": [
          [
            20.390624999999993,
            3.2958342660436255
          ],
          [
            18.984375,
            1.9947358020268582
          ]
        ]
      }
    },
    {
      "type": "Feature",
      "properties": {
        "discharge_m3_s": 3595.76,
        "drainage_km2": 128451.28
      },
      "geometry": {
        "type": "LineString",
        "coordinates": [
          [
            31.640624999999993,
            2.9940791571677483
          ],
          [
            33.046875,
            4.128654579471015
          ]
        ]
      }
    },
    {
      "type": "Feature",
      "properties": {
        "discharge_m3_s": 2797.2,
        "drainage_km2": 105544.8
      },
      "geometry": {
        "type": "LineString",
        "coordinates": [
          [
            33.046875,
            2.9479834372913665
          ],
          [
            34.453125,
            4.061720379305512
          ]
        ]
      }
    },
    {
      "type": "Feature",
      "properties": {
        "discharge_m3_s": 9801.73,
        "drainage_km2": 370853.14
      },
      "geometry": {
        "type": "LineString",
        "coordinates": [
          [
            34.453125,
            2.9001111263329
          ],
          [
            34.453125,
            4.061720379305512
          ]
        ]
      }
    },
    {
      "type": "Feature",
      "properties": {
        "discharge_m3_s": 6040.78,
        "drainage_km2": 586866.34
      },
      "geometry": {
        "type": "LineString",
        "coordinates": [
          [
            11.953124999999998,
            4.815663213420071
          ],
          [
            10.546875000000002,
            6.2220600745815595
          ]
        ]
      }
    },
    {
      "type": "Feature",
      "properties": {
        "discharge_m3_s": 4510.78,
        "drainage_km2": 148937.71
      },
      "geometry": {
        "type": "LineString",
        "coordinates": [
          [
            33.046875,
            4.128654579471015
          ],
          [
            34.453125,
            4.061720379305512
          ]
        ]
      }
    },
    {
      "type": "Feature",
      "properties": {
        "discharge_m3_s": 30356.85,
        "drainage_km2": 975224.18
      },
      "geometry": {
        "type": "LineString",
        "coordinates": [
          [
            34.453125,
            4.061720379305512
          ],
          [
            34.453125,
            5.22489423935452
          ]
        ]
      }
    },
    {
      "type": "Feature",
      "properties": {
        "discharge_m3_s": 889.79,
        "drainage_km2": 95862.56
      },
      "geometry": {
        "type": "LineString",
        "coordinates": [
          [
            9.140625000000002,
            6.24840644458599
          ],
          [
            7.734374999999999,
            7.664852820705814
          ]
        ]
      }
    },
    {
      "type": "Feature",
      "properties": {
        "discharge_m3_s": 6170.49,
        "drainage_km2": 610771.17
      },
      "geometry": {
        "type": "LineString",
        "coordinates": [
          [
            10.546875000000002,
            6.2220600745815595
          ],
          [
            9.140625000000002,
            7.63732598523329
          ]
        ]
      }
    },
    {
      "type": "Feature",
      "properties": {
        "discharge_m3_s": 969.71,
        "drainage_km2": 188491.67
      },
      "geometry": {
        "type": "LineString",
        "coordinates": [
          [
            11.953124999999998,
            6.191992124823371
          ],
          [
            10.546875,
            7.605248830323058
          ]
        ]
      }
    },
    {
      "type": "Feature",
      "properties": {
        "discharge_m3_s": 11531.57,
        "drainage_km2": 232078.02
      },
      "geometry": {
        "type": "LineString",
        "coordinates": [
          [
            33.046875,
            5.310803013921933
          ],
          [
            34.453125,
            4.061720379305512
          ]
        ]
      }
    },
    {
      "type": "Feature",
      "properties": {
        "discharge_m3_s": 41722.3,
        "drainage_km2": 1250676.44
      },
      "geometry": {
        "type": "LineString",
        "coordinates": [
          [
            34.453125,
            5.22489423935452
          ],
          [
            35.859375,
            6.281446935919767
          ]
        ]
      }
    },
    {
      "type": "Feature",
      "properties": {
        "discharge_m3_s": 1199.19,
        "drainage_km2": 329820.55
      },
      "geometry": {
        "type": "LineString",
        "coordinates": [
          [
            10.546875,
            7.605248830323058
          ],
          [
            9.140625000000002,
            7.63732598523329
          ]
        ]
      }
    },
    {
      "type": "Feature",
      "properties": {
        "discharge_m3_s": 191.63,
        "drainage_km2": 93834.85
      },
      "geometry": {
        "type": "LineString",
        "coordinates": [
          [
            11.953124999999998,
            7.568638658881363
          ],
          [
            10.546875,
            7.605248830323058
          ]
        ]
      }
    },
    {
      "type": "Feature",
      "properties": {
        "discharge_m3_s": 872.77,
        "drainage_km2": 89858.7
      },
      "geometry": {
        "type": "LineString",
        "coordinates": [
          [
            20.390624999999993,
            7.255064767408375
          ],
          [
            18.984375,
            8.651175071721473
          ]
        ]
      }
    },
    {
      "type": "Feature",
      "properties": {
        "discharge_m3_s": 11218.15,
        "drainage_km2": 255296.25
      },
      "geometry": {
        "type": "LineString",
        "coordinates": [
          [
            33.046875,
            6.494850128539021
          ],
          [
            34.453125,
            5.22489423935452
          ]
        ]
      }
    },
    {
      "type": "Feature",
      "properties": {
        "discharge_m3_s": 9029.26,
        "drainage_km2": 168121.4
      },
      "geometry": {
        "type": "LineString",
        "coordinates": [
          [
            34.453125,
            6.390079439596185
          ],
          [
            35.859375,
            7.4296550178445715
          ]
        ]
      }
    },
    {
      "type": "Feature",
      "properties": {
        "discharge_m3_s": 43165.52,
        "drainage_km2": 1348352.12
      },
      "geometry": {
        "type": "LineString",
        "coordinates": [
          [
            35.859375,
            6.281446935919767
          ],
          [
            37.265625,
            7.297084926690823
          ]
        ]
      }
    },
    {
      "type": "Feature",
      "properties": {
        "discharge_m3_s": 987.59,
        "drainage_km2": 112776.85
      },
      "geometry": {
        "type": "LineString",
        "coordinates": [
          [
            18.984375,
            8.651175071721473
          ],
          [
            17.578125000000004,
            10.0647064336311
          ]
        ]
      }
    },
    {
      "type": "Feature",
      "properties": {
        "discharge_m3_s": 10927.31,
        "drainage_km2": 234822.75
      },
      "geometry": {
        "type": "LineString",
        "coordinates": [
          [
            31.640624999999993,
            7.800070292901445
          ],
          [
            33.046875,
            6.494850128539021
          ]
        ]
      }
    },
    {
      "type": "Feature",
      "properties": {
        "discharge_m3_s": 8873.55,
        "drainage_km2": 147968.43
      },
      "geometry": {
        "type": "LineString",
        "coordinates": [
          [
            33.04687499999999,
            7.681216759615104
          ],
          [
            34.453125,
            6.390079439596185
          ]
        ]
      }
    },
    {
      "type": "Feature",
      "properties": {
        "discharge_m3_s": 9323.07,
        "drainage_km2": 187942.58
      },
      "geometry": {
        "type": "LineString",
        "coordinates": [
          [
            35.859375,
            7.4296550178445715
          ],
          [
            37.265625,
            8.42837423033219
          ]
        ]
      }
    },
    {
      "type": "Feature",
      "properties": {
        "discharge_m3_s": 44904.51,
        "drainage_km2": 1462996.58
      },
      "geometry": {
        "type": "LineString",
        "coordinates": [
          [
            37.265625,
            7.297084926690823
          ],
          [
            38.67187499999999,
            8.270693019073429
          ]
        ]
      }
    },
    {
      "type": "Feature",
      "properties": {
        "discharge_m3_s": 433.86,
        "drainage_km2": 92072.24
      },
      "geometry": {
        "type": "LineString",
        "coordinates": [
          [
            16.171874999999996,
            10.138369771703879
          ],
          [
            16.171874999999996,
            11.492979547198743
          ]
        ]
      }
    },
    {
      "type": "Feature",
      "properties": {
        "discharge_m3_s": 987.59,
        "drainage_km2": 135796.72
      },
      "geometry": {
        "type": "LineString",
        "coordinates": [
          [
            17.578125000000004,
            10.0647064336311
          ],
          [
            16.171874999999996,
            11.492979547198743
          ]
        ]
      }
    },
    {
      "type": "Feature",
      "properties": {
        "discharge_m3_s": 728.94,
        "drainage_km2": 112525.33
      },
      "geometry": {
        "type": "LineString",
        "coordinates": [
          [
            18.984375000000004,
            9.985067996910987
          ],
          [
            17.578125000000004,
            11.409968745607229
          ]
        ]
      }
    },
    {
      "type": "Feature",
      "properties": {
        "discharge_m3_s": 8307.45,
        "drainage_km2": 127504.0
      },
      "geometry": {
        "type": "LineString",
        "coordinates": [
          [
            31.640624999999993,
            9.00701264175803
          ],
          [
            33.04687499999999,
            7.681216759615104
          ]
        ]
      }
    },
    {
      "type": "Feature",
      "properties": {
        "discharge_m3_s": 738.25,
        "drainage_km2": 135462.64
      },
      "geometry": {
        "type": "LineString",
        "coordinates": [
          [
            17.578125000000004,
            11.409968745607229
          ],
          [
            16.171874999999993,
            12.848638189894658
          ]
        ]
      }
    },
    {
      "type": "Feature",
      "properties": {
        "discharge_m3_s": 385.29,
        "drainage_km2": 90239.66
      },
      "geometry": {
        "type": "LineString",
        "coordinates": [
          [
            18.984375,
            11.320212646609784
          ],
          [
            17.578125000000004,
            12.756456574364384
          ]
        ]
      }
    },
    {
      "type": "Feature",
      "properties": {
        "discharge_m3_s": 8092.08,
        "drainage_km2": 106753.6
      },
      "geometry": {
        "type": "LineString",
        "coordinates": [
          [
            30.234375,
            10.3650822526033
          ],
          [
            31.640624999999993,
            9.00701264175803
          ]
        ]
      }
    },
    {
      "type": "Feature",
      "properties": {
        "discharge_m3_s": 87.92,
        "drainage_km2": 163071.52
      },
      "geometry": {
        "type": "LineString",
        "coordinates": [
          [
            27.421874999999996,
            24.7279003091397
          ],
          [
            27.421874999999996,
            23.423730203151514
          ]
        ]
      }
    },
    {
      "type": "Feature",
      "properties": {
        "discharge_m3_s": 87.92,
        "drainage_km2": 142430.27
      },
      "geometry": {
        "type": "LineString",
        "coordinates": [
          [
            26.015625,
            26.318153869410157
          ],
          [
            27.421874999999996,
            24.7279003091397
          ]
        ]
      }
    },
    {
      "type": "Feature",
      "properties": {
        "discharge_m3_s": 87.92,
        "drainage_km2": 121813.06
      },
      "geometry": {
        "type": "LineString",
        "coordinates": [
          [
            24.609375000000004,
            27.91817202244386
          ],
          [
            26.015625,
            26.318153869410157
          ]
        ]
      }
    },
    {
      "type": "Feature",
      "properties": {
        "discharge_m3_s": 103.77,
        "drainage_km2": 242886.01
      },
      "geometry": {
        "type": "LineString",
        "coordinates": [
          [
            21.796875000000004,
            33.86649024641027
          ],
          [
            21.796875000000004,
            35.23937648436514
          ]
        ]
      }
    },
    {
      "type": "Feature",
      "properties": {
        "discharge_m3_s": 1798.52,
        "drainage_km2": 99410.93
      },
      "geometry": {
        "type": "LineString",
        "coordinates": [
          [
            6.3281249999999964,
            37.0970193504085
          ],
          [
            7.734374999999999,
            38.41668244288364
          ]
        ]
      }
    },
    {
      "type": "Feature",
      "properties": {
        "discharge_m3_s": 222.55,
        "drainage_km2": 362390.26
      },
      "geometry": {
        "type": "LineString",
        "coordinates": [
          [
            21.796875000000004,
            35.23937648436514
          ],
          [
            20.390624999999993,
            36.877047959965815
          ]
        ]
      }
    },
    {
      "type": "Feature",
      "properties": {
        "discharge_m3_s": 1854.43,
        "drainage_km2": 118529.01
      },
      "geometry": {
        "type": "LineString",
        "coordinates": [
          [
            7.734374999999999,
            38.41668244288364
          ],
          [
            9.140625,
            39.717801289891476
          ]
        ]
      }
    },
    {
      "type": "Feature",
      "properties": {
        "discharge_m3_s": 3871.25,
        "drainage_km2": 197449.1
      },
      "geometry": {
        "type": "LineString",
        "coordinates": [
          [
            9.140625,
            38.315162641883894
          ],
          [
            9.140625,
            39.717801289891476
          ]
        ]
      }
    },
    {
      "type": "Feature",
      "properties": {
        "discharge_m3_s": 15253.87,
        "drainage_km2": 2778050.98
      },
      "geometry": {
        "type": "LineString",
        "coordinates": [
          [
            20.390624999999993,
            36.877047959965815
          ],
          [
            18.984375000000004,
            38.50780939295994
          ]
        ]
      }
    },
    {
      "type": "Feature",
      "properties": {
        "discharge_m3_s": 4610.82,
        "drainage_km2": 845350.75
      },
      "geometry": {
        "type": "LineString",
        "coordinates": [
          [
            21.796875000000007,
            36.6169859200643
          ],
          [
            20.390624999999993,
            36.877047959965815
          ]
        ]
      }
    },
    {
      "type": "Feature",
      "properties": {
        "discharge_m3_s": 16512.94,
        "drainage_km2": 3058363.94
      },
      "geometry": {
        "type": "LineString",
        "coordinates": [
          [
            17.578125000000004,
            38.734367966510604
          ],
          [
            16.171874999999993,
            40.339590918019184
          ]
        ]
      }
    },
    {
      "type": "Feature",
      "properties": {
        "discharge_m3_s": 16243.6,
        "drainage_km2": 2962316.29
      },
      "geometry": {
        "type": "LineString",
        "coordinates": [
          [
            18.984375000000004,
            38.50780939295994
          ],
          [
            17.578125000000004,
            38.734367966510604
          ]
        ]
      }
    },
    {
      "type": "Feature",
      "properties": {
        "discharge_m3_s": 880.66,
        "drainage_km2": 146705.09
      },
      "geometry": {
        "type": "LineString",
        "coordinates": [
          [
            20.390624999999993,
            38.262890691080464
          ],
          [
            18.984375000000004,
            38.50780939295994
          ]
        ]
      }
    },
    {
      "type": "Feature",
      "properties": {
        "discharge_m3_s": 10321.27,
        "drainage_km2": 1333116.7
      },
      "geometry": {
        "type": "LineString",
        "coordinates": [
          [
            21.796875000000004,
            37.99941021362175
          ],
          [
            20.390624999999993,
            36.877047959965815
          ]
        ]
      }
    },
    {
      "type": "Feature",
      "properties": {
        "discharge_m3_s": 4342.5,
        "drainage_km2": 688474.19
      },
      "geometry": {
        "type": "LineString",
        "coordinates": [
          [
            23.203125,
            37.71715418590721
          ],
          [
            21.796875000000007,
            36.6169859200643
          ]
        ]
      }
    },
    {
      "type": "Feature",
      "properties": {
        "discharge_m3_s": 3995.07,
        "drainage_km2": 555413.3
      },
      "geometry": {
        "type": "LineString",
        "coordinates": [
          [
            24.609375000000007,
            37.41589731543981
          ],
          [
            23.203125,
            37.71715418590721
          ]
        ]
      }
    },
    {
      "type": "Feature",
      "properties": {
        "discharge_m3_s": 3581.35,
        "drainage_km2": 440578.74
      },
      "geometry": {
        "type": "LineString",
        "coordinates": [
          [
            26.015625,
            37.095403489948026
          ],
          [
            24.609375000000007,
            37.41589731543981
          ]
        ]
      }
    },
    {
      "type": "Feature",
      "properties": {
        "discharge_m3_s": 105.5,
        "drainage_km2": 96148.68
      },
      "geometry": {
        "type": "LineString",
        "coordinates": [
          [
            28.828125000000004,
            36.395711312362
          ],
          [
            27.421874999999996,
            38.12786364803458
          ]
        ]
      }
    },
    {
      "type": "Feature",
      "properties": {
        "discharge_m3_s": 19021.25,
        "drainage_km2": 3149860.64
      },
      "geometry": {
        "type": "LineString",
        "coordinates": [
          [
            16.171874999999993,
            40.339590918019184
          ],
          [
            14.765625,
            41.93256639114352
          ]
        ]
      }
    },
    {
      "type": "Feature",
      "properties": {
        "discharge_m3_s": 880.66,
        "drainage_km2": 127756.82
      },
      "geometry": {
        "type": "LineString",
        "coordinates": [
          [
            21.796875000000007,
            39.38673088590684
          ],
          [
            20.390624999999993,
            38.262890691080464
          ]
        ]
      }
    },
    {
      "type": "Feature",
      "properties": {
        "discharge_m3_s": 10321.27,
        "drainage_km2": 1314142.65
      },
      "geometry": {
        "type": "LineString",
        "coordinates": [
          [
            23.203124999999993,
            39.101330380302514
          ],
          [
            21.796875000000004,
            37.99941021362175
          ]
        ]
      }
    },
    {
      "type": "Feature",
      "properties": {
        "discharge_m3_s": 3529.45,
        "drainage_km2": 285485.46
      },
      "geometry": {
        "type": "LineString",
        "coordinates": [
          [
            27.421874999999996,
            38.12786364803458
          ],
          [
            26.015625,
            37.095403489948026
          ]
        ]
      }
    },
    {
      "type": "Feature",
      "properties": {
        "discharge_m3_s": 1292.34,
        "drainage_km2": 124638.71
      },
      "geometry": {
        "type": "LineString",
        "coordinates": [
          [
            4.921875000000003,
            42.78509521287978
          ],
          [
            6.3281249999999964,
            42.716053333475344
          ]
        ]
      }
    },
    {
      "type": "Feature",
      "properties": {
        "discharge_m3_s": 24135.46,
        "drainage_km2": 3257618.57
      },
      "geometry": {
        "type": "LineString",
        "coordinates": [
          [
            14.765625,
            41.93256639114352
          ],
          [
            13.359375000000007,
            42.10774718821986
          ]
        ]
      }
    },
    {
      "type": "Feature",
      "properties": {
        "discharge_m3_s": 10267.7,
        "drainage_km2": 1295428.64
      },
      "geometry": {
        "type": "LineString",
        "coordinates": [
          [
            24.609375000000007,
            40.18356162215384
          ],
          [
            23.203124999999993,
            39.101330380302514
          ]
        ]
      }
    },
    {
      "type": "Feature",
      "properties": {
        "discharge_m3_s": 2381.7,
        "drainage_km2": 94187.27
      },
      "geometry": {
        "type": "LineString",
        "coordinates": [
          [
            28.828125000000004,
            39.13964352337492
          ],
          [
            27.421874999999996,
            38.12786364803458
          ]
        ]
      }
    },
    {
      "type": "Feature",
      "properties": {
        "discharge_m3_s": 4450.47,
        "drainage_km2": 623073.7
      },
      "geometry": {
        "type": "LineString",
        "coordinates": [
          [
            24.609375000000007,
            41.576971842112926
          ],
          [
            24.609375000000007,
            40.18356162215384
          ]
        ]
      }
    },
    {
      "type": "Feature",
      "properties": {
        "discharge_m3_s": 5524.56,
        "drainage_km2": 617751.37
      },
      "geometry": {
        "type": "LineString",
        "coordinates": [
          [
            26.015625,
            41.24700496534096
          ],
          [
            24.609375000000007,
            40.18356162215384
          ]
        ]
      }
    },
    {
      "type": "Feature",
      "properties": {
        "discharge_m3_s": 429.03,
        "drainage_km2": 287148.37
      },
      "geometry": {
        "type": "LineString",
        "coordinates": [
          [
            45.70312500000001,
            -33.619135439151755
          ],
          [
            44.296875,
            -34.929533592634456
          ]
        ]
      }
    },
    {
      "type": "Feature",
      "properties": {
        "discharge_m3_s": 2382.69,
        "drainage_km2": 93590.39
      },
      "geometry": {
        "type": "LineString",
        "coordinates": [
          [
            47.109375,
            -27.903992261817688
          ],
          [
            48.515625,
            -29.682233939245684
          ]
        ]
      }
    },
    {
      "type": "Feature",
      "properties": {
        "discharge_m3_s": 2405.1,
        "drainage_km2": 93468.22
      },
      "geometry": {
        "type": "LineString",
        "coordinates": [
          [
            48.515625,
            -28.43444742816558
          ],
          [
            49.92187500000001,
            -30.206941601512057
          ]
        ]
      }
    },
    {
      "type": "Feature",
      "properties": {
        "discharge_m3_s": 2512.19,
        "drainage_km2": 93539.91
      },
      "geometry": {
        "type": "LineString",
        "coordinates": [
          [
            49.921875,
            -27.697842957328334
          ],
          [
            51.328125,
            -29.43674490995861
          ]
        ]
      }
    },
    {
      "type": "Feature",
      "properties": {
        "discharge_m3_s": 98.27,
        "drainage_km2": 437241.55
      },
      "geometry": {
        "type": "LineString",
        "coordinates": [
          [
            45.70312500000001,
            -11.725712024825047
          ],
          [
            47.109375,
            -10.929597863013917
          ]
        ]
      }
    },
    {
      "type": "Feature",
      "properties": {
        "discharge_m3_s": 859.18,
        "drainage_km2": 91336.2
      },
      "geometry": {
        "type": "LineString",
        "coordinates": [
          [
            45.703125,
            -10.683013865823861
          ],
          [
            47.109375,
            -9.870308944314292
          ]
        ]
      }
    },
    {
      "type": "Feature",
      "properties": {
        "discharge_m3_s": 295.94,
        "drainage_km2": 282929.4
      },
      "geometry": {
        "type": "LineString",
        "coordinates": [
          [
            79.453125,
            -14.526805451274626
          ],
          [
            78.046875,
            -15.838998881007809
          ]
        ]
      }
    },
    {
      "type": "Feature",
      "properties": {
        "discharge_m3_s": 7345.63,
        "drainage_km2": 276678.24
      },
      "geometry": {
        "type": "LineString",
        "coordinates": [
          [
            45.703125,
            -9.646649838348903
          ],
          [
            47.109375,
            -9.870308944314292
          ]
        ]
      }
    },
    {
      "type": "Feature",
      "properties": {
        "discharge_m3_s": 4267.27,
        "drainage_km2": 90527.01
      },
      "geometry": {
        "type": "LineString",
        "coordinates": [
          [
            45.70312500000001,
            -7.590437885637128
          ],
          [
            47.109375,
            -8.816557402952819
          ]
        ]
      }
    },
    {
      "type": "Feature",
      "properties": {
        "discharge_m3_s": 1345.7,
        "drainage_km2": 116956.65
      },
      "geometry": {
        "type": "LineString",
        "coordinates": [
          [
            76.640625,
            -8.89729004578296
          ],
          [
            75.234375,
            -7.481900840795187
          ]
        ]
      }
    },
    {
      "type": "Feature",
      "properties": {
        "discharge_m3_s": 2014.56,
        "drainage_km2": 91857.81
      },
      "geometry": {
        "type": "LineString",
        "coordinates": [
          [
            73.828125,
            -7.431820162485775
          ],
          [
            73.828125,
            -6.079637854926416
          ]
        ]
      }
    },
    {
      "type": "Feature",
      "properties": {
        "discharge_m3_s": 4972.1,
        "drainage_km2": 278984.21
      },
      "geometry": {
        "type": "LineString",
        "coordinates": [
          [
            75.234375,
            -7.481900840795187
          ],
          [
            73.828125,
            -6.079637854926416
          ]
        ]
      }
    },
    {
      "type": "Feature",
      "properties": {
        "discharge_m3_s": 3670.45,
        "drainage_km2": 512809.86
      },
      "geometry": {
        "type": "LineString",
        "coordinates": [
          [
            62.57812500000001,
            -5.621934419899613
          ],
          [
            61.17187499999999,
            -6.785413154688967
          ]
        ]
      }
    },
    {
      "type": "Feature",
      "properties": {
        "discharge_m3_s": 2075.09,
        "drainage_km2": 335891.18
      },
      "geometry": {
        "type": "LineString",
        "coordinates": [
          [
            63.984375,
            -5.691368423206242
          ],
          [
            62.57812500000001,
            -5.621934419899613
          ]
        ]
      }
    },
    {
      "type": "Feature",
      "properties": {
        "discharge_m3_s": 1176.6,
        "drainage_km2": 202413.35
      },
      "geometry": {
        "type": "LineString",
        "coordinates": [
          [
            65.390625,
            -5.757380705166674
          ],
          [
            63.984375,
            -5.691368423206242
          ]
        ]
      }
    },
    {
      "type": "Feature",
      "properties": {
        "discharge_m3_s": 12271.28,
        "drainage_km2": 806428.25
      },
      "geometry": {
        "type": "LineString",
        "coordinates": [
          [
            73.828125,
            -6.079637854926416
          ],
          [
            73.828125,
            -4.728019933909834
          ]
        ]
      }
    },
    {
      "type": "Feature",
      "properties": {
        "discharge_m3_s": 833.28,
        "drainage_km2": 260816.73
      },
      "geometry": {
        "type": "LineString",
        "coordinates": [
          [
            75.234375,
            -6.120761014455373
          ],
          [
            73.828125,
            -4.728019933909834
          ]
        ]
      }
    },
    {
      "type": "Feature",
      "properties": {
        "discharge_m3_s": 635.09,
        "drainage_km2": 95982.1
      },
      "geometry": {
        "type": "LineString",
        "coordinates": [
          [
            80.859375,
            -6.24840644458599
          ],
          [
            79.453125,
            -4.839120556604629
          ]
        ]
      }
    },
    {
      "type": "Feature",
      "properties": {
        "discharge_m3_s": 67692.86,
        "drainage_km2": 2827110.1
      },
      "geometry": {
        "type": "LineString",
        "coordinates": [
          [
            45.703125,
            -3.5269667776797418
          ],
          [
            47.109375,
            -2.5772354697430973
          ]
        ]
      }
    },
    {
      "type": "Feature",
      "properties": {
        "discharge_m3_s": 651.66,
        "drainage_km2": 90377.78
      },
      "geometry": {
        "type": "LineString",
        "coordinates": [
          [
            66.796875,
            -4.525489431855929
          ],
          [
            65.390625,
            -5.757380705166674
          ]
        ]
      }
    },
    {
      "type": "Feature",
      "properties": {
        "discharge_m3_s": 1164.7,
        "drainage_km2": 114337.64
      },
      "geometry": {
        "type": "LineString",
        "coordinates": [
          [
            71.015625,
            -4.655371356790997
          ],
          [
            72.42187500000001,
            -4.693104699753207
          ]
        ]
      }
    },
    {
      "type": "Feature",
      "properties": {
        "discharge_m3_s": 2799.64,
        "drainage_km2": 274561.8
      },
      "geometry": {
        "type": "LineString",
        "coordinates": [
          [
            72.42187500000001,
            -4.693104699753207
          ],
          [
            73.828125,
            -6.079637854926416
          ]
        ]
      }
    },
    {
      "type": "Feature",
      "properties": {
        "discharge_m3_s": 13874.74,
        "drainage_km2": 1159963.15
      },
      "geometry": {
        "type": "LineString",
        "coordinates": [
          [
            73.828125,
            -4.728019933909834
          ],
          [
            73.828125,
            -3.376842069407035
          ]
        ]
      }
    },
    {
      "type": "Feature",
      "properties": {
        "discharge_m3_s": 447.03,
        "drainage_km2": 95202.2
      },
      "geometry": {
        "type": "LineString",
        "coordinates": [
          [
            76.640625,
            -4.7893169075569135
          ],
          [
            75.234375,
            -6.120761014455373
          ]
        ]
      }
    },
    {
      "type": "Feature",
      "properties": {
        "discharge_m3_s": 554.3,
        "drainage_km2": 95619.72
      },
      "geometry": {
        "type": "LineString",
        "coordinates": [
          [
            78.046875,
            -4.815663213420071
          ],
          [
            76.640625,
            -3.4207210507935577
          ]
        ]
      }
    },
    {
      "type": "Feature",
      "properties": {
        "discharge_m3_s": 865.54,
        "drainage_km2": 119939.01
      },
      "geometry": {
        "type": "LineString",
        "coordinates": [
          [
            79.453125,
            -4.839120556604629
          ],
          [
            78.046875,
            -3.439582037140748
          ]
        ]
      }
    },
    {
      "type": "Feature",
      "properties": {
        "discharge_m3_s": 977.42,
        "drainage_km2": 96289.19
      },
      "geometry": {
        "type": "LineString",
        "coordinates": [
          [
            80.859375,
            -4.859675399696355
          ],
          [
            79.453125,
            -3.4563754532944486
          ]
        ]
      }
    },
    {
      "type": "Feature",
      "properties": {
        "discharge_m3_s": 1779.28,
        "drainage_km2": 96540.88
      },
      "geometry": {
        "type": "LineString",
        "coordinates": [
          [
            82.265625,
            -4.877315886695607
          ],
          [
            80.859375,
            -3.4710914001043998
          ]
        ]
      }
    },
    {
      "type": "Feature",
      "properties": {
        "discharge_m3_s": 880.59,
        "drainage_km2": 91170.54
      },
      "geometry": {
        "type": "LineString",
        "coordinates": [
          [
            71.015625,
            -3.324842043461544
          ],
          [
            72.42187500000001,
            -4.693104699753207
          ]
        ]
      }
    },
    {
      "type": "Feature",
      "properties": {
        "discharge_m3_s": 14939.12,
        "drainage_km2": 1300176.27
      },
      "geometry": {
        "type": "LineString",
        "coordinates": [
          [
            73.828125,
            -3.376842069407035
          ],
          [
            75.234375,
            -2.039775840091725
          ]
        ]
      }
    },
    {
      "type": "Feature",
      "properties": {
        "discharge_m3_s": 2663.55,
        "drainage_km2": 407380.36
      },
      "geometry": {
        "type": "LineString",
        "coordinates": [
          [
            76.640625,
            -3.4207210507935577
          ],
          [
            75.234375,
            -2.039775840091725
          ]
        ]
      }
    },
    {
      "type": "Feature",
      "properties": {
        "discharge_m3_s": 928.08,
        "drainage_km2": 143819.41
      },
      "geometry": {
        "type": "LineString",
        "coordinates": [
          [
            78.046875,
            -3.439582037140748
          ],
          [
            76.640625,
            -3.4207210507935577
          ]
        ]
      }
    },
    {
      "type": "Feature",
      "properties": {
        "discharge_m3_s": 1051.8,
        "drainage_km2": 120285.17
      },
      "geometry": {
        "type": "LineString",
        "coordinates": [
          [
            79.453125,
            -3.4563754532944486
          ],
          [
            78.046875,
            -2.063678187283118
          ]
        ]
      }
    },
    {
      "type": "Feature",
      "properties": {
        "discharge_m3_s": 1892.12,
        "drainage_km2": 120638.14
      },
      "geometry": {
        "type": "LineString",
        "coordinates": [
          [
            80.859375,
            -3.4710914001043998
          ],
          [
            79.453125,
            -2.0737695195465657
          ]
        ]
      }
    },
    {
      "type": "Feature",
      "properties": {
        "discharge_m3_s": 1235.51,
        "drainage_km2": 96797.11
      },
      "geometry": {
        "type": "LineString",
        "coordinates": [
          [
            82.265625,
            -3.4837212053575555
          ],
          [
            80.859375,
            -2.0826126675086276
          ]
        ]
      }
    },
    {
      "type": "Feature",
      "properties": {
        "discharge_m3_s": 17943.75,
        "drainage_km2": 1778273.66
      },
      "geometry": {
        "type": "LineString",
        "coordinates": [
          [
            75.234375,
            -2.039775840091725
          ],
          [
            75.234375,
            -0.6799075481698579
          ]
        ]
      }
    },
    {
      "type": "Feature",
      "properties": {
        "discharge_m3_s": 21763.22,
        "drainage_km2": 1333540.8
      },
      "geometry": {
        "type": "LineString",
        "coordinates": [
          [
            76.640625,
            -2.052344702480777
          ],
          [
            75.234375,
            -0.6799075481698579
          ]
        ]
      }
    },
    {
      "type": "Feature",
      "properties": {
        "discharge_m3_s": 1155.63,
        "drainage_km2": 144190.67
      },
      "geometry": {
        "type": "LineString",
        "coordinates": [
          [
            78.046875,
            -2.063678187283118
          ],
          [
            76.640625,
            -3.4207210507935577
          ]
        ]
      }
    },
    {
      "type": "Feature",
      "properties": {
        "discharge_m3_s": 2034.99,
        "drainage_km2": 144660.16
      },
      "geometry": {
        "type": "LineString",
        "coordinates": [
          [
            79.453125,
            -2.0737695195465657
          ],
          [
            78.046875,
            -0.6878808824656557
          ]
        ]
      }
    },
    {
      "type": "Feature",
      "properties": {
        "discharge_m3_s": 1390.59,
        "drainage_km2": 120921.25
      },
      "geometry": {
        "type": "LineString",
        "coordinates": [
          [
            80.859375,
            -2.0826126675086276
          ],
          [
            79.453125,
            -0.6912472083981871
          ]
        ]
      }
    },
    {
      "type": "Feature",
      "properties": {
        "discharge_m3_s": 1393.63,
        "drainage_km2": 96996.8
      },
      "geometry": {
        "type": "LineString",
        "coordinates": [
          [
            82.265625,
            -2.0902023459764543
          ],
          [
            80.859375,
            -0.6941971890448209
          ]
        ]
      }
    },
    {
      "type": "Feature",
      "properties": {
        "discharge_m3_s": 3200.32,
        "drainage_km2": 122068.58
      },
      "geometry": {
        "type": "LineString",
        "coordinates": [
          [
            86.484375,
            -2.1054089702144143
          ],
          [
            85.078125,
            -0.7005325642988416
          ]
        ]
      }
    },
    {
      "type": "Feature",
      "properties": {
        "discharge_m3_s": 40006.74,
        "drainage_km2": 3158936.41
      },
      "geometry": {
        "type": "LineString",
        "coordinates": [
          [
            75.234375,
            -0.6799075481698579
          ],
          [
            75.234375,
            0.6799075481698579
          ]
        ]
      }
    },
    {
      "type": "Feature",
      "properties": {
        "discharge_m3_s": 744.78,
        "drainage_km2": 144124.83
      },
      "geometry": {
        "type": "LineString",
        "coordinates": [
          [
            76.640625,
            -0.6841002372580206
          ],
          [
            75.234375,
            0.6799075481698579
          ]
        ]
      }
    },
    {
      "type": "Feature",
      "properties": {
        "discharge_m3_s": 21671.55,
        "drainage_km2": 1309766.17
      },
      "geometry": {
        "type": "LineString",
        "coordinates": [
          [
            78.046875,
            -0.6878808824656557
          ],
          [
            76.640625,
            -2.052344702480777
          ]
        ]
      }
    },
    {
      "type": "Feature",
      "properties": {
        "discharge_m3_s": 18174.85,
        "drainage_km2": 1020415.82
      },
      "geometry": {
        "type": "LineString",
        "coordinates": [
          [
            79.453125,
            -0.6912472083981871
          ],
          [
            78.046875,
            -0.6878808824656557
          ]
        ]
      }
    },
    {
      "type": "Feature",
      "properties": {
        "discharge_m3_s": 1574.29,
        "drainage_km2": 121134.38
      },
      "geometry": {
        "type": "LineString",
        "coordinates": [
          [
            80.859375,
            -0.6941971890448209
          ],
          [
            79.453125,
            -0.6912472083981871
          ]
        ]
      }
    },
    {
      "type": "Feature",
      "properties": {
        "discharge_m3_s": 1251.02,
        "drainage_km2": 97139.86
      },
      "geometry": {
        "type": "LineString",
        "coordinates": [
          [
            82.265625,
            -0.6967290489895217
          ],
          [
            80.859375,
            0.6941971890448209
          ]
        ]
      }
    },
    {
      "type": "Feature",
      "properties": {
        "discharge_m3_s": 2154.25,
        "drainage_km2": 97344.05
      },
      "geometry": {
        "type": "LineString",
        "coordinates": [
          [
            83.67187500000001,
            -0.6988412644721039
          ],
          [
            82.265625,
            0.6967290489895217
          ]
        ]
      }
    },
    {
      "type": "Feature",
      "properties": {
        "discharge_m3_s": 5896.67,
        "drainage_km2": 244077.96
      },
      "geometry": {
        "type": "LineString",
        "coordinates": [
          [
            85.078125,
            -0.7005325642988416
          ],
          [
            83.67187500000001,
            0.6988412644721039
          ]
        ]
      }
    },
    {
      "type": "Feature",
      "properties": {
        "discharge_m3_s": 42322.51,
        "drainage_km2": 3614259.69
      },
      "geometry": {
        "type": "LineString",
        "coordinates": [
          [
            75.234375,
            0.6799075481698579
          ],
          [
            73.828125,
            2.025979114457455
          ]
        ]
      }
    },
    {
      "type": "Feature",
      "properties": {
        "discharge_m3_s": 703.41,
        "drainage_km2": 143920.38
      },
      "geometry": {
        "type": "LineString",
        "coordinates": [
          [
            76.640625,
            0.6841002372580206
          ],
          [
            75.234375,
            0.6799075481698579
          ]
        ]
      }
    },
    {
      "type": "Feature",
      "properties": {
        "discharge_m3_s": 648.43,
        "drainage_km2": 120338.17
      },
      "geometry": {
        "type": "LineString",
        "coordinates": [
          [
            78.046875,
            0.6878808824656557
          ],
          [
            76.640625,
            -0.6841002372580206
          ]
        ]
      }
    },
    {
      "type": "Feature",
      "properties": {
        "discharge_m3_s": 1333.29,
        "drainage_km2": 120772.13
      },
      "geometry": {
        "type": "LineString",
        "coordinates": [
          [
            79.453125,
            0.6912472083981871
          ],
          [
            78.046875,
            -0.6878808824656557
          ]
        ]
      }
    },
    {
      "type": "Feature",
      "properties": {
        "discharge_m3_s": 15069.39,
        "drainage_km2": 754325.15
      },
      "geometry": {
        "type": "LineString",
        "coordinates": [
          [
            80.859375,
            0.6941971890448209
          ],
          [
            79.453125,
            -0.6912472083981871
          ]
        ]
      }
    },
    {
      "type": "Feature",
      "properties": {
        "discharge_m3_s": 12886.22,
        "drainage_km2": 560307.59
      },
      "geometry": {
        "type": "LineString",
        "coordinates": [
          [
            82.265625,
            0.6967290489895217
          ],
          [
            80.859375,
            0.6941971890448209
          ]
        ]
      }
    },
    {
      "type": "Feature",
      "properties": {
        "discharge_m3_s": 7652.58,
        "drainage_km2": 365823.68
      },
      "geometry": {
        "type": "LineString",
        "coordinates": [
          [
            83.67187500000001,
            0.6988412644721039
          ],
          [
            82.265625,
            0.6967290489895217
          ]
        ]
      }
    },
    {
      "type": "Feature",
      "properties": {
        "discharge_m3_s": 43571.63,
        "drainage_km2": 3993100.49
      },
      "geometry": {
        "type": "LineString",
        "coordinates": [
          [
            73.828125,
            2.025979114457455
          ],
          [
            72.42187500000001,
            3.3518499611153247
          ]
        ]
      }
    },
    {
      "type": "Feature",
      "properties": {
        "discharge_m3_s": 291.49,
        "drainage_km2": 142999.76
      },
      "geometry": {
        "type": "LineString",
        "coordinates": [
          [
            75.234375,
            2.039775840091725
          ],
          [
            73.828125,
            2.025979114457455
          ]
        ]
      }
    },
    {
      "type": "Feature",
      "properties": {
        "discharge_m3_s": 735.5,
        "drainage_km2": 143637.12
      },
      "geometry": {
        "type": "LineString",
        "coordinates": [
          [
            76.640625,
            2.052344702480777
          ],
          [
            75.234375,
            0.6799075481698579
          ]
        ]
      }
    },
    {
      "type": "Feature",
      "properties": {
        "discharge_m3_s": 618.81,
        "drainage_km2": 120133.72
      },
      "geometry": {
        "type": "LineString",
        "coordinates": [
          [
            78.046875,
            2.063678187283118
          ],
          [
            76.640625,
            0.6841002372580206
          ]
        ]
      }
    },
    {
      "type": "Feature",
      "properties": {
        "discharge_m3_s": 572.85,
        "drainage_km2": 96420.11
      },
      "geometry": {
        "type": "LineString",
        "coordinates": [
          [
            79.453125,
            2.0737695195465657
          ],
          [
            78.046875,
            0.6878808824656557
          ]
        ]
      }
    },
    {
      "type": "Feature",
      "properties": {
        "discharge_m3_s": 1225.72,
        "drainage_km2": 96737.08
      },
      "geometry": {
        "type": "LineString",
        "coordinates": [
          [
            80.859375,
            2.0826126675086276
          ],
          [
            79.453125,
            0.6912472083981871
          ]
        ]
      }
    },
    {
      "type": "Feature",
      "properties": {
        "discharge_m3_s": 1196.29,
        "drainage_km2": 387819.08
      },
      "geometry": {
        "type": "LineString",
        "coordinates": [
          [
            55.54687500000001,
            2.9001111263329
          ],
          [
            55.546875,
            1.7396195669653023
          ]
        ]
      }
    },
    {
      "type": "Feature",
      "properties": {
        "discharge_m3_s": 3880.98,
        "drainage_km2": 409874.77
      },
      "geometry": {
        "type": "LineString",
        "coordinates": [
          [
            58.35937500000001,
            2.9940791571677483
          ],
          [
            56.953125,
            1.7683677873843233
          ]
        ]
      }
    },
    {
      "type": "Feature",
      "properties": {
        "discharge_m3_s": 45224.76,
        "drainage_km2": 4199746.93
      },
      "geometry": {
        "type": "LineString",
        "coordinates": [
          [
            72.42187500000001,
            3.3518499611153247
          ],
          [
            72.42187500000001,
            4.693104699753207
          ]
        ]
      }
    },
    {
      "type": "Feature",
      "properties": {
        "discharge_m3_s": 259.54,
        "drainage_km2": 141939.71
      },
      "geometry": {
        "type": "LineString",
        "coordinates": [
          [
            73.828125,
            3.376842069407035
          ],
          [
            72.42187500000001,
            4.693104699753207
          ]
        ]
      }
    },
    {
      "type": "Feature",
      "properties": {
        "discharge_m3_s": 305.97,
        "drainage_km2": 142648.47
      },
      "geometry": {
        "type": "LineString",
        "coordinates": [
          [
            75.234375,
            3.399803615542326
          ],
          [
            73.828125,
            2.025979114457455
          ]
        ]
      }
    },
    {
      "type": "Feature",
      "properties": {
        "discharge_m3_s": 222.51,
        "drainage_km2": 119370.28
      },
      "geometry": {
        "type": "LineString",
        "coordinates": [
          [
            76.640625,
            3.4207210507935577
          ],
          [
            75.234375,
            2.039775840091725
          ]
        ]
      }
    },
    {
      "type": "Feature",
      "properties": {
        "discharge_m3_s": 713.01,
        "drainage_km2": 119862.49
      },
      "geometry": {
        "type": "LineString",
        "coordinates": [
          [
            78.046875,
            3.439582037140748
          ],
          [
            76.640625,
            2.052344702480777
          ]
        ]
      }
    },
    {
      "type": "Feature",
      "properties": {
        "discharge_m3_s": 610.29,
        "drainage_km2": 96228.21
      },
      "geometry": {
        "type": "LineString",
        "coordinates": [
          [
            79.453125,
            3.4563754532944486
          ],
          [
            78.046875,
            2.063678187283118
          ]
        ]
      }
    },
    {
      "type": "Feature",
      "properties": {
        "discharge_m3_s": 504.54,
        "drainage_km2": 285484.65
      },
      "geometry": {
        "type": "LineString",
        "coordinates": [
          [
            55.546875,
            4.061720379305512
          ],
          [
            55.54687500000001,
            2.9001111263329
          ]
        ]
      }
    },
    {
      "type": "Feature",
      "properties": {
        "discharge_m3_s": 2249.57,
        "drainage_km2": 282292.94
      },
      "geometry": {
        "type": "LineString",
        "coordinates": [
          [
            59.765625,
            4.255017564228808
          ],
          [
            58.35937500000001,
            2.9940791571677483
          ]
        ]
      }
    },
    {
      "type": "Feature",
      "properties": {
        "discharge_m3_s": 1528.53,
        "drainage_km2": 196702.25
      },
      "geometry": {
        "type": "LineString",
        "coordinates": [
          [
            61.17187499999999,
            4.314372369025418
          ],
          [
            59.765625,
            4.255017564228808
          ]
        ]
      }
    },
    {
      "type": "Feature",
      "properties": {
        "discharge_m3_s": 876.28,
        "drainage_km2": 109997.8
      },
      "geometry": {
        "type": "LineString",
        "coordinates": [
          [
            62.57812500000001,
            4.371129292061819
          ],
          [
            61.17187499999999,
            4.314372369025418
          ]
        ]
      }
    },
    {
      "type": "Feature",
      "properties": {
        "discharge_m3_s": 45944.26,
        "drainage_km2": 4647500.46
      },
      "geometry": {
        "type": "LineString",
        "coordinates": [
          [
            72.42187500000001,
            4.693104699753207
          ],
          [
            71.015625,
            5.986491993724121
          ]
        ]
      }
    },
    {
      "type": "Feature",
      "properties": {
        "discharge_m3_s": 171.47,
        "drainage_km2": 141527.12
      },
      "geometry": {
        "type": "LineString",
        "coordinates": [
          [
            73.828125,
            4.728019933909834
          ],
          [
            72.42187500000001,
            4.693104699753207
          ]
        ]
      }
    },
    {
      "type": "Feature",
      "properties": {
        "discharge_m3_s": 204.12,
        "drainage_km2": 118491.28
      },
      "geometry": {
        "type": "LineString",
        "coordinates": [
          [
            75.234375,
            4.760096852852792
          ],
          [
            73.828125,
            3.376842069407035
          ]
        ]
      }
    },
    {
      "type": "Feature",
      "properties": {
        "discharge_m3_s": 295.17,
        "drainage_km2": 119041.92
      },
      "geometry": {
        "type": "LineString",
        "coordinates": [
          [
            76.640625,
            4.7893169075569135
          ],
          [
            75.234375,
            3.399803615542326
          ]
        ]
      }
    },
    {
      "type": "Feature",
      "properties": {
        "discharge_m3_s": 222.51,
        "drainage_km2": 95619.72
      },
      "geometry": {
        "type": "LineString",
        "coordinates": [
          [
            78.046875,
            4.815663213420071
          ],
          [
            76.640625,
            3.4207210507935577
          ]
        ]
      }
    },
    {
      "type": "Feature",
      "properties": {
        "discharge_m3_s": 713.01,
        "drainage_km2": 95982.1
      },
      "geometry": {
        "type": "LineString",
        "coordinates": [
          [
            79.453125,
            4.839120556604629
          ],
          [
            78.046875,
            3.439582037140748
          ]
        ]
      }
    },
    {
      "type": "Feature",
      "properties": {
        "discharge_m3_s": 171.56,
        "drainage_km2": 183187.24
      },
      "geometry": {
        "type": "LineString",
        "coordinates": [
          [
            55.546875,
            5.22489423935452
          ],
          [
            55.546875,
            4.061720379305512
          ]
        ]
      }
    },
    {
      "type": "Feature",
      "properties": {
        "discharge_m3_s": 47177.86,
        "drainage_km2": 5086495.72
      },
      "geometry": {
        "type": "LineString",
        "coordinates": [
          [
            71.015625,
            5.986491993724121
          ],
          [
            69.609375,
            7.255064767408375
          ]
        ]
      }
    },
    {
      "type": "Feature",
      "properties": {
        "discharge_m3_s": 58.64,
        "drainage_km2": 141041.05
      },
      "geometry": {
        "type": "LineString",
        "coordinates": [
          [
            73.828125,
            6.079637854926416
          ],
          [
            72.42187500000001,
            4.693104699753207
          ]
        ]
      }
    },
    {
      "type": "Feature",
      "properties": {
        "discharge_m3_s": 30.44,
        "drainage_km2": 118111.29
      },
      "geometry": {
        "type": "LineString",
        "coordinates": [
          [
            75.234375,
            6.120761014455373
          ],
          [
            73.828125,
            4.728019933909834
          ]
        ]
      }
    },
    {
      "type": "Feature",
      "properties": {
        "discharge_m3_s": 146.02,
        "drainage_km2": 94919.17
      },
      "geometry": {
        "type": "LineString",
        "coordinates": [
          [
            76.640625,
            6.15821945331951
          ],
          [
            75.234375,
            4.760096852852792
          ]
        ]
      }
    },
    {
      "type": "Feature",
      "properties": {
        "discharge_m3_s": 263.51,
        "drainage_km2": 95327.49
      },
      "geometry": {
        "type": "LineString",
        "coordinates": [
          [
            78.046875,
            6.191992124823371
          ],
          [
            76.640625,
            4.7893169075569135
          ]
        ]
      }
    },
    {
      "type": "Feature",
      "properties": {
        "discharge_m3_s": 17908.23,
        "drainage_km2": 218956.45
      },
      "geometry": {
        "type": "LineString",
        "coordinates": [
          [
            92.109375,
            6.3238717165914275
          ],
          [
            93.515625,
            6.316312523407328
          ]
        ]
      }
    },
    {
      "type": "Feature",
      "properties": {
        "discharge_m3_s": 47903.0,
        "drainage_km2": 5221496.74
      },
      "geometry": {
        "type": "LineString",
        "coordinates": [
          [
            69.609375,
            7.255064767408375
          ],
          [
            69.609375,
            8.57665969768036
          ]
        ]
      }
    },
    {
      "type": "Feature",
      "properties": {
        "discharge_m3_s": 45.14,
        "drainage_km2": 162116.91
      },
      "geometry": {
        "type": "LineString",
        "coordinates": [
          [
            71.015625,
            7.318371227559285
          ],
          [
            69.609375,
            8.57665969768036
          ]
        ]
      }
    },
    {
      "type": "Feature",
      "properties": {
        "discharge_m3_s": 58.64,
        "drainage_km2": 117668.72
      },
      "geometry": {
        "type": "LineString",
        "coordinates": [
          [
            75.234375,
            7.481900840795187
          ],
          [
            73.828125,
            6.079637854926416
          ]
        ]
      }
    },
    {
      "type": "Feature",
      "properties": {
        "discharge_m3_s": 30.44,
        "drainage_km2": 94585.1
      },
      "geometry": {
        "type": "LineString",
        "coordinates": [
          [
            76.640625,
            7.527515246371398
          ],
          [
            75.234375,
            6.120761014455373
          ]
        ]
      }
    },
    {
      "type": "Feature",
      "properties": {
        "discharge_m3_s": 6672.86,
        "drainage_km2": 96859.77
      },
      "geometry": {
        "type": "LineString",
        "coordinates": [
          [
            92.109375,
            7.729197441314405
          ],
          [
            93.515625,
            6.316312523407328
          ]
        ]
      }
    },
    {
      "type": "Feature",
      "properties": {
        "discharge_m3_s": 47948.13,
        "drainage_km2": 5682417.16
      },
      "geometry": {
        "type": "LineString",
        "coordinates": [
          [
            69.609375,
            8.57665969768036
          ],
          [
            68.203125,
            9.808027101673941
          ]
        ]
      }
    },
    {
      "type": "Feature",
      "properties": {
        "discharge_m3_s": 45.14,
        "drainage_km2": 139141.23
      },
      "geometry": {
        "type": "LineString",
        "coordinates": [
          [
            72.421875,
            8.720530635291784
          ],
          [
            71.015625,
            7.318371227559285
          ]
        ]
      }
    },
    {
      "type": "Feature",
      "properties": {
        "discharge_m3_s": 58.64,
        "drainage_km2": 94200.0
      },
      "geometry": {
        "type": "LineString",
        "coordinates": [
          [
            76.640625,
            8.89729004578296
          ],
          [
            75.234375,
            7.481900840795187
          ]
        ]
      }
    },
    {
      "type": "Feature",
      "properties": {
        "discharge_m3_s": 183.58,
        "drainage_km2": 177750.87
      },
      "geometry": {
        "type": "LineString",
        "coordinates": [
          [
            66.796875,
            9.71071316382258
          ],
          [
            65.390625,
            10.894623879223348
          ]
        ]
      }
    },
    {
      "type": "Feature",
      "properties": {
        "discharge_m3_s": 47948.13,
        "drainage_km2": 6314878.73
      },
      "geometry": {
        "type": "LineString",
        "coordinates": [
          [
            68.203125,
            9.808027101673941
          ],
          [
            66.796875,
            11.010908265978154
          ]
        ]
      }
    },
    {
      "type": "Feature",
      "properties": {
        "discharge_m3_s": 45.14,
        "drainage_km2": 116049.33
      },
      "geometry": {
        "type": "LineString",
        "coordinates": [
          [
            73.828125,
            10.138369771703879
          ],
          [
            72.421875,
            8.720530635291784
          ]
        ]
      }
    },
    {
      "type": "Feature",
      "properties": {
        "discharge_m3_s": 5710.51,
        "drainage_km2": 96641.05
      },
      "geometry": {
        "type": "LineString",
        "coordinates": [
          [
            90.703125,
            10.546098656433736
          ],
          [
            89.296875,
            11.952250837598605
          ]
        ]
      }
    },
    {
      "type": "Feature",
      "properties": {
        "discharge_m3_s": 244.87,
        "drainage_km2": 330598.74
      },
      "geometry": {
        "type": "LineString",
        "coordinates": [
          [
            65.390625,
            10.894623879223348
          ],
          [
            63.984375,
            12.047390854922355
          ]
        ]
      }
    },
    {
      "type": "Feature",
      "properties": {
        "discharge_m3_s": 47948.13,
        "drainage_km2": 6381827.12
      },
      "geometry": {
        "type": "LineString",
        "coordinates": [
          [
            66.796875,
            11.010908265978154
          ],
          [
            65.390625,
            12.183884672360271
          ]
        ]
      }
    },
    {
      "type": "Feature",
      "properties": {
        "discharge_m3_s": 45.14,
        "drainage_km2": 92873.37
      },
      "geometry": {
        "type": "LineString",
        "coordinates": [
          [
            75.234375,
            11.569206563734552
          ],
          [
            73.828125,
            10.138369771703879
          ]
        ]
      }
    },
    {
      "type": "Feature",
      "properties": {
        "discharge_m3_s": 16258.74,
        "drainage_km2": 265164.54
      },
      "geometry": {
        "type": "LineString",
        "coordinates": [
          [
            89.296875,
            11.952250837598605
          ],
          [
            89.296875,
            13.358405124480003
          ]
        ]
      }
    },
    {
      "type": "Feature",
      "properties": {
        "discharge_m3_s": 47948.13,
        "drainage_km2": 6581193.58
      },
      "geometry": {
        "type": "LineString",
        "coordinates": [
          [
            65.390625,
            12.183884672360271
          ],
          [
            63.984375,
            13.325682387672256
          ]
        ]
      }
    },
    {
      "type": "Feature",
      "properties": {
        "discharge_m3_s": 23268.79,
        "drainage_km2": 762962.45
      },
      "geometry": {
        "type": "LineString",
        "coordinates": [
          [
            89.296875,
            13.358405124480003
          ],
          [
            87.890625,
            14.75605631519241
          ]
        ]
      }
    },
    {
      "type": "Feature",
      "properties": {
        "discharge_m3_s": 2548.3,
        "drainage_km2": 3716627.17
      },
      "geometry": {
        "type": "LineString",
        "coordinates": [
          [
            111.796875,
            12.43505543600182
          ],
          [
            110.390625,
            11.22375311156308
          ]
        ]
      }
    },
    {
      "type": "Feature",
      "properties": {
        "discharge_m3_s": 910.49,
        "drainage_km2": 196305.43
      },
      "geometry": {
        "type": "LineString",
        "coordinates": [
          [
            113.203125,
            12.313125520951957
          ],
          [
            111.796875,
            12.43505543600182
          ]
        ]
      }
    },
    {
      "type": "Feature",
      "properties": {
        "discharge_m3_s": 27404.53,
        "drainage_km2": 1115500.04
      },
      "geometry": {
        "type": "LineString",
        "coordinates": [
          [
            87.890625,
            14.75605631519241
          ],
          [
            86.484375,
            16.143027949163663
          ]
        ]
      }
    },
    {
      "type": "Feature",
      "properties": {
        "discharge_m3_s": 998.75,
        "drainage_km2": 3341889.31
      },
      "geometry": {
        "type": "LineString",
        "coordinates": [
          [
            113.203125,
            13.617593707148083
          ],
          [
            111.796875,
            12.43505543600182
          ]
        ]
      }
    },
    {
      "type": "Feature",
      "properties": {
        "discharge_m3_s": 30169.27,
        "drainage_km2": 1350551.25
      },
      "geometry": {
        "type": "LineString",
        "coordinates": [
          [
            86.484375,
            16.143027949163663
          ],
          [
            86.484375,
            17.5470766483852
          ]
        ]
      }
    },
    {
      "type": "Feature",
      "properties": {
        "discharge_m3_s": 664.58,
        "drainage_km2": 3082217.11
      },
      "geometry": {
        "type": "LineString",
        "coordinates": [
          [
            113.203125,
            14.924538492536044
          ],
          [
            113.203125,
            13.617593707148083
          ]
        ]
      }
    },
    {
      "type": "Feature",
      "properties": {
        "discharge_m3_s": 282.53,
        "drainage_km2": 193235.32
      },
      "geometry": {
        "type": "LineString",
        "coordinates": [
          [
            114.60937499999999,
            14.770134203363467
          ],
          [
            113.203125,
            13.617593707148083
          ]
        ]
      }
    },
    {
      "type": "Feature",
      "properties": {
        "discharge_m3_s": 30757.67,
        "drainage_km2": 1582292.18
      },
      "geometry": {
        "type": "LineString",
        "coordinates": [
          [
            86.484375,
            17.5470766483852
          ],
          [
            86.484375,
            18.951199973317042
          ]
        ]
      }
    },
    {
      "type": "Feature",
      "properties": {
        "discharge_m3_s": 664.58,
        "drainage_km2": 169742.8
      },
      "geometry": {
        "type": "LineString",
        "coordinates": [
          [
            114.60937499999999,
            16.067621514462445
          ],
          [
            113.203125,
            14.924538492536044
          ]
        ]
      }
    },
    {
      "type": "Feature",
      "properties": {
        "discharge_m3_s": 6986.48,
        "drainage_km2": 161658.26
      },
      "geometry": {
        "type": "LineString",
        "coordinates": [
          [
            58.35937500000001,
            16.324538844909906
          ],
          [
            59.765625,
            15.307264604907406
          ]
        ]
      }
    },
    {
      "type": "Feature",
      "properties": {
        "discharge_m3_s": 588.39,
        "drainage_km2": 92983.98
      },
      "geometry": {
        "type": "LineString",
        "coordinates": [
          [
            85.078125,
            18.919359126838213
          ],
          [
            86.484375,
            17.5470766483852
          ]
        ]
      }
    },
    {
      "type": "Feature",
      "properties": {
        "discharge_m3_s": 30757.67,
        "drainage_km2": 1879798.1
      },
      "geometry": {
        "type": "LineString",
        "coordinates": [
          [
            86.484375,
            18.951199973317042
          ],
          [
            85.078125,
            20.321595645750065
          ]
        ]
      }
    },
    {
      "type": "Feature",
      "properties": {
        "discharge_m3_s": 664.58,
        "drainage_km2": 148038.75
      },
      "geometry": {
        "type": "LineString",
        "coordinates": [
          [
            116.01562499999999,
            17.179743273381224
          ],
          [
            114.60937499999999,
            16.067621514462445
          ]
        ]
      }
    },
    {
      "type": "Feature",
      "properties": {
        "discharge_m3_s": 31460.82,
        "drainage_km2": 2086128.8
      },
      "geometry": {
        "type": "LineString",
        "coordinates": [
          [
            85.078125,
            20.321595645750065
          ],
          [
            83.67187500000001,
            21.6764129863667
          ]
        ]
      }
    },
    {
      "type": "Feature",
      "properties": {
        "discharge_m3_s": 691.55,
        "drainage_km2": 257826.67
      },
      "geometry": {
        "type": "LineString",
        "coordinates": [
          [
            58.35937500000001,
            18.801856267271123
          ],
          [
            59.765625,
            17.804302728465306
          ]
        ]
      }
    },
    {
      "type": "Feature",
      "properties": {
        "discharge_m3_s": 31641.55,
        "drainage_km2": 2380606.18
      },
      "geometry": {
        "type": "LineString",
        "coordinates": [
          [
            83.67187500000001,
            21.6764129863667
          ],
          [
            83.67187500000001,
            23.076586418961167
          ]
        ]
      }
    },
    {
      "type": "Feature",
      "properties": {
        "discharge_m3_s": 16.2,
        "drainage_km2": 207990.46
      },
      "geometry": {
        "type": "LineString",
        "coordinates": [
          [
            118.828125,
            19.307787517027318
          ],
          [
            118.828125,
            20.5831999353969
          ]
        ]
      }
    },
    {
      "type": "Feature",
      "properties": {
        "discharge_m3_s": 281.62,
        "drainage_km2": 118071.39
      },
      "geometry": {
        "type": "LineString",
        "coordinates": [
          [
            55.546875,
            19.46710915526381
          ],
          [
            56.953125,
            19.764260342406835
          ]
        ]
      }
    },
    {
      "type": "Feature",
      "properties": {
        "discharge_m3_s": 691.55,
        "drainage_km2": 237344.62
      },
      "geometry": {
        "type": "LineString",
        "coordinates": [
          [
            56.953125,
            19.764260342406835
          ],
          [
            58.35937500000001,
            18.801856267271123
          ]
        ]
      }
    },
    {
      "type": "Feature",
      "properties": {
        "discharge_m3_s": 61.73,
        "drainage_km2": 90335.65
      },
      "geometry": {
        "type": "LineString",
        "coordinates": [
          [
            82.265625,
            23.01410526450159
          ],
          [
            83.67187500000001,
            21.6764129863667
          ]
        ]
      }
    },
    {
      "type": "Feature",
      "properties": {
        "discharge_m3_s": 31641.55,
        "drainage_km2": 2514473.92
      },
      "geometry": {
        "type": "LineString",
        "coordinates": [
          [
            83.67187500000001,
            23.076586418961167
          ],
          [
            82.265625,
            24.411719966240852
          ]
        ]
      }
    },
    {
      "type": "Feature",
      "properties": {
        "discharge_m3_s": 262.02,
        "drainage_km2": 879495.74
      },
      "geometry": {
        "type": "LineString",
        "coordinates": [
          [
            118.828125,
            20.5831999353969
          ],
          [
            118.828125,
            21.86409186137197
          ]
        ]
      }
    },
    {
      "type": "Feature",
      "properties": {
        "discharge_m3_s": 32008.82,
        "drainage_km2": 2781714.57
      },
      "geometry": {
        "type": "LineString",
        "coordinates": [
          [
            82.265625,
            24.411719966240852
          ],
          [
            82.265625,
            25.809806582189495
          ]
        ]
      }
    },
    {
      "type": "Feature",
      "properties": {
        "discharge_m3_s": 262.02,
        "drainage_km2": 900210.07
      },
      "geometry": {
        "type": "LineString",
        "coordinates": [
          [
            118.828125,
            21.86409186137197
          ],
          [
            118.828125,
            23.15076324149069
          ]
        ]
      }
    },
    {
      "type": "Feature",
      "properties": {
        "discharge_m3_s": 244.45,
        "drainage_km2": 381094.22
      },
      "geometry": {
        "type": "LineString",
        "coordinates": [
          [
            120.234375,
            21.59012579733928
          ],
          [
            118.828125,
            20.5831999353969
          ]
        ]
      }
    },
    {
      "type": "Feature",
      "properties": {
        "discharge_m3_s": 32008.82,
        "drainage_km2": 2956030.69
      },
      "geometry": {
        "type": "LineString",
        "coordinates": [
          [
            82.265625,
            25.809806582189495
          ],
          [
            80.859375,
            27.123647269520177
          ]
        ]
      }
    },
    {
      "type": "Feature",
      "properties": {
        "discharge_m3_s": 262.02,
        "drainage_km2": 920827.28
      },
      "geometry": {
        "type": "LineString",
        "coordinates": [
          [
            118.828125,
            23.15076324149069
          ],
          [
            117.42187499999999,
            24.7279003091397
          ]
        ]
      }
    },
    {
      "type": "Feature",
      "properties": {
        "discharge_m3_s": 244.45,
        "drainage_km2": 99566.52
      },
      "geometry": {
        "type": "LineString",
        "coordinates": [
          [
            121.640625,
            22.563916102981334
          ],
          [
            120.234375,
            21.59012579733928
          ]
        ]
      }
    },
    {
      "type": "Feature",
      "properties": {
        "discharge_m3_s": 32008.82,
        "drainage_km2": 3043573.98
      },
      "geometry": {
        "type": "LineString",
        "coordinates": [
          [
            80.859375,
            27.123647269520177
          ],
          [
            80.859375,
            28.519870636529262
          ]
        ]
      }
    },
    {
      "type": "Feature",
      "properties": {
        "discharge_m3_s": 444.22,
        "drainage_km2": 1025302.34
      },
      "geometry": {
        "type": "LineString",
        "coordinates": [
          [
            117.42187499999999,
            24.7279003091397
          ],
          [
            117.42187499999999,
            26.037894585693426
          ]
        ]
      }
    },
    {
      "type": "Feature",
      "properties": {
        "discharge_m3_s": 32008.82,
        "drainage_km2": 3195244.59
      },
      "geometry": {
        "type": "LineString",
        "coordinates": [
          [
            80.859375,
            28.519870636529262
          ],
          [
            79.453125,
            29.811455763996797
          ]
        ]
      }
    },
    {
      "type": "Feature",
      "properties": {
        "discharge_m3_s": 1033.68,
        "drainage_km2": 1333027.6
      },
      "geometry": {
        "type": "LineString",
        "coordinates": [
          [
            117.42187499999999,
            26.037894585693426
          ],
          [
            116.01562499999999,
            27.643887414276026
          ]
        ]
      }
    },
    {
      "type": "Feature",
      "properties": {
        "discharge_m3_s": 157.43,
        "drainage_km2": 101341.01
      },
      "geometry": {
        "type": "LineString",
        "coordinates": [
          [
            118.828125,
            25.74261041580887
          ],
          [
            117.42187499999999,
            26.037894585693426
          ]
        ]
      }
    },
    {
      "type": "Feature",
      "properties": {
        "discharge_m3_s": 954.51,
        "drainage_km2": 118187.19
      },
      "geometry": {
        "type": "LineString",
        "coordinates": [
          [
            124.45312500000001,
            24.410877459585226
          ],
          [
            125.859375,
            25.28363926662692
          ]
        ]
      }
    },
    {
      "type": "Feature",
      "properties": {
        "discharge_m3_s": 32203.02,
        "drainage_km2": 3622327.84
      },
      "geometry": {
        "type": "LineString",
        "coordinates": [
          [
            79.453125,
            29.811455763996797
          ],
          [
            79.453125,
            31.20630045143519
          ]
        ]
      }
    },
    {
      "type": "Feature",
      "properties": {
        "discharge_m3_s": 1123.45,
        "drainage_km2": 1538361.93
      },
      "geometry": {
        "type": "LineString",
        "coordinates": [
          [
            116.01562499999999,
            27.643887414276026
          ],
          [
            117.42187499999999,
            28.67634361745421
          ]
        ]
      }
    },
    {
      "type": "Feature",
      "properties": {
        "discharge_m3_s": 1761.25,
        "drainage_km2": 235040.56
      },
      "geometry": {
        "type": "LineString",
        "coordinates": [
          [
            125.859375,
            25.28363926662692
          ],
          [
            125.859375,
            26.537041707074174
          ]
        ]
      }
    },
    {
      "type": "Feature",
      "properties": {
        "discharge_m3_s": 241.98,
        "drainage_km2": 99174.44
      },
      "geometry": {
        "type": "LineString",
        "coordinates": [
          [
            59.765625,
            28.029250526750562
          ],
          [
            58.35937500000001,
            28.98063520023317
          ]
        ]
      }
    },
    {
      "type": "Feature",
      "properties": {
        "discharge_m3_s": 32203.02,
        "drainage_km2": 4072279.83
      },
      "geometry": {
        "type": "LineString",
        "coordinates": [
          [
            79.453125,
            31.20630045143519
          ],
          [
            78.046875,
            32.47533660521545
          ]
        ]
      }
    },
    {
      "type": "Feature",
      "properties": {
        "discharge_m3_s": 1123.45,
        "drainage_km2": 1599074.14
      },
      "geometry": {
        "type": "LineString",
        "coordinates": [
          [
            117.42187499999999,
            28.67634361745421
          ],
          [
            118.828125,
            29.6808098253718
          ]
        ]
      }
    },
    {
      "type": "Feature",
      "properties": {
        "discharge_m3_s": 3613.85,
        "drainage_km2": 352199.92
      },
      "geometry": {
        "type": "LineString",
        "coordinates": [
          [
            125.859375,
            26.537041707074174
          ],
          [
            124.45312500000001,
            28.211519740901714
          ]
        ]
      }
    },
    {
      "type": "Feature",
      "properties": {
        "discharge_m3_s": 241.98,
        "drainage_km2": 580284.61
      },
      "geometry": {
        "type": "LineString",
        "coordinates": [
          [
            58.35937500000001,
            28.98063520023317
          ],
          [
            56.953125,
            29.902637003664378
          ]
        ]
      }
    },
    {
      "type": "Feature",
      "properties": {
        "discharge_m3_s": 32203.02,
        "drainage_km2": 4808181.9
      },
      "geometry": {
        "type": "LineString",
        "coordinates": [
          [
            78.046875,
            32.47533660521545
          ],
          [
            79.453125,
            33.999118402662084
          ]
        ]
      }
    },
    {
      "type": "Feature",
      "properties": {
        "discharge_m3_s": 241.98,
        "drainage_km2": 737149.68
      },
      "geometry": {
        "type": "LineString",
        "coordinates": [
          [
            56.953125,
            29.902637003664378
          ],
          [
            56.95312500000001,
            31.210339109408178
          ]
        ]
      }
    },
    {
      "type": "Feature",
      "properties": {
        "discharge_m3_s": 803.1,
        "drainage_km2": 98675.82
      },
      "geometry": {
        "type": "LineString",
        "coordinates": [
          [
            58.35937500000001,
            30.2889987165002
          ],
          [
            56.95312500000001,
            31.210339109408178
          ]
        ]
      }
    },
    {
      "type": "Feature",
      "properties": {
        "discharge_m3_s": 32203.02,
        "drainage_km2": 4947884.11
      },
      "geometry": {
        "type": "LineString",
        "coordinates": [
          [
            79.453125,
            33.999118402662084
          ],
          [
            80.859375,
            35.51244085754607
          ]
        ]
      }
    },
    {
      "type": "Feature",
      "properties": {
        "discharge_m3_s": 1045.08,
        "drainage_km2": 933131.32
      },
      "geometry": {
        "type": "LineString",
        "coordinates": [
          [
            56.95312500000001,
            31.210339109408178
          ],
          [
            56.95312500000001,
            32.52817166251822
          ]
        ]
      }
    },
    {
      "type": "Feature",
      "properties": {
        "discharge_m3_s": 32203.02,
        "drainage_km2": 5046976.03
      },
      "geometry": {
        "type": "LineString",
        "coordinates": [
          [
            80.859375,
            35.51244085754607
          ],
          [
            82.265625,
            37.01360640938303
          ]
        ]
      }
    },
    {
      "type": "Feature",
      "properties": {
        "discharge_m3_s": 2338.33,
        "drainage_km2": 1108622.86
      },
      "geometry": {
        "type": "LineString",
        "coordinates": [
          [
            56.95312500000001,
            32.52817166251822
          ],
          [
            56.953125,
            33.856448422326174
          ]
        ]
      }
    },
    {
      "type": "Feature",
      "properties": {
        "discharge_m3_s": 32203.02,
        "drainage_km2": 5260311.29
      },
      "geometry": {
        "type": "LineString",
        "coordinates": [
          [
            82.265625,
            37.01360640938303
          ],
          [
            82.265625,
            38.41668244288364
          ]
        ]
      }
    },
    {
      "type": "Feature",
      "properties": {
        "discharge_m3_s": 57.29,
        "drainage_km2": 1157550.47
      },
      "geometry": {
        "type": "LineString",
        "coordinates": [
          [
            106.171875,
            36.1571605037103
          ],
          [
            104.765625,
            37.73683319360119
          ]
        ]
      }
    },
    {
      "type": "Feature",
      "properties": {
        "discharge_m3_s": 32203.02,
        "drainage_km2": 5336717.67
      },
      "geometry": {
        "type": "LineString",
        "coordinates": [
          [
            82.265625,
            38.41668244288364
          ],
          [
            80.859375,
            39.717801289891476
          ]
        ]
      }
    },
    {
      "type": "Feature",
      "properties": {
        "discharge_m3_s": 57.29,
        "drainage_km2": 1176734.48
      },
      "geometry": {
        "type": "LineString",
        "coordinates": [
          [
            104.765625,
            37.73683319360119
          ],
          [
            103.359375,
            39.3057068319007
          ]
        ]
      }
    },
    {
      "type": "Feature",
      "properties": {
        "discharge_m3_s": 6481.47,
        "drainage_km2": 4456724.93
      },
      "geometry": {
        "type": "LineString",
        "coordinates": [
          [
            94.92187500000001,
            39.973885114469184
          ],
          [
            93.515625,
            41.43082414518661
          ]
        ]
      }
    },
    {
      "type": "Feature",
      "properties": {
        "discharge_m3_s": 6055.58,
        "drainage_km2": 2667735.71
      },
      "geometry": {
        "type": "LineString",
        "coordinates": [
          [
            96.328125,
            39.90570741997243
          ],
          [
            94.92187500000001,
            39.973885114469184
          ]
        ]
      }
    },
    {
      "type": "Feature",
      "properties": {
        "discharge_m3_s": 5438.36,
        "drainage_km2": 2400351.78
      },
      "geometry": {
        "type": "LineString",
        "coordinates": [
          [
            97.734375,
            39.82037138325606
          ],
          [
            96.328125,
            39.90570741997243
          ]
        ]
      }
    },
    {
      "type": "Feature",
      "properties": {
        "discharge_m3_s": 3788.63,
        "drainage_km2": 2234518.04
      },
      "geometry": {
        "type": "LineString",
        "coordinates": [
          [
            99.140625,
            39.717801289891476
          ],
          [
            97.734375,
            39.82037138325606
          ]
        ]
      }
    },
    {
      "type": "Feature",
      "properties": {
        "discharge_m3_s": 57.29,
        "drainage_km2": 1195558.2
      },
      "geometry": {
        "type": "LineString",
        "coordinates": [
          [
            103.359375,
            39.3057068319007
          ],
          [
            101.953125,
            40.861987567149406
          ]
        ]
      }
    },
    {
      "type": "Feature",
      "properties": {
        "discharge_m3_s": 757.51,
        "drainage_km2": 185911.22
      },
      "geometry": {
        "type": "LineString",
        "coordinates": [
          [
            104.765625,
            39.133147569898576
          ],
          [
            103.359375,
            40.70579434147264
          ]
        ]
      }
    },
    {
      "type": "Feature",
      "properties": {
        "discharge_m3_s": 890.04,
        "drainage_km2": 239625.73
      },
      "geometry": {
        "type": "LineString",
        "coordinates": [
          [
            92.109375,
            41.46510300806393
          ],
          [
            92.109375,
            42.87125926888084
          ]
        ]
      }
    },
    {
      "type": "Feature",
      "properties": {
        "discharge_m3_s": 9772.87,
        "drainage_km2": 4782753.61
      },
      "geometry": {
        "type": "LineString",
        "coordinates": [
          [
            93.515625,
            41.43082414518661
          ],
          [
            92.109375,
            42.87125926888084
          ]
        ]
      }
    },
    {
      "type": "Feature",
      "properties": {
        "discharge_m3_s": 1649.73,
        "drainage_km2": 108467.96
      },
      "geometry": {
        "type": "LineString",
        "coordinates": [
          [
            99.140625,
            41.12130506072594
          ],
          [
            97.734375,
            39.82037138325606
          ]
        ]
      }
    },
    {
      "type": "Feature",
      "properties": {
        "discharge_m3_s": 3788.63,
        "drainage_km2": 2059890.8
      },
      "geometry": {
        "type": "LineString",
        "coordinates": [
          [
            100.546875,
            41.00044666680113
          ],
          [
            99.140625,
            39.717801289891476
          ]
        ]
      }
    },
    {
      "type": "Feature",
      "properties": {
        "discharge_m3_s": 2669.55,
        "drainage_km2": 1872330.54
      },
      "geometry": {
        "type": "LineString",
        "coordinates": [
          [
            101.953125,
            40.861987567149406
          ],
          [
            100.546875,
            41.00044666680113
          ]
        ]
      }
    },
    {
      "type": "Feature",
      "properties": {
        "discharge_m3_s": 1772.5,
        "drainage_km2": 586451.48
      },
      "geometry": {
        "type": "LineString",
        "coordinates": [
          [
            103.359375,
            40.70579434147264
          ],
          [
            101.953125,
            40.861987567149406
          ]
        ]
      }
    },
    {
      "type": "Feature",
      "properties": {
        "discharge_m3_s": 526.14,
        "drainage_km2": 328270.15
      },
      "geometry": {
        "type": "LineString",
        "coordinates": [
          [
            104.765625,
            40.53171734821866
          ],
          [
            103.359375,
            40.70579434147264
          ]
        ]
      }
    },
    {
      "type": "Feature",
      "properties": {
        "discharge_m3_s": 762.59,
        "drainage_km2": 108678.89
      },
      "geometry": {
        "type": "LineString",
        "coordinates": [
          [
            90.703125,
            42.88847363639801
          ],
          [
            92.109375,
            41.46510300806393
          ]
        ]
      }
    },
    {
      "type": "Feature",
      "properties": {
        "discharge_m3_s": 10967.42,
        "drainage_km2": 5057798.49
      },
      "geometry": {
        "type": "LineString",
        "coordinates": [
          [
            92.109375,
            42.87125926888084
          ],
          [
            92.109375,
            44.27746217993941
          ]
        ]
      }
    },
    {
      "type": "Feature",
      "properties": {
        "discharge_m3_s": 2856.36,
        "drainage_km2": 236232.25
      },
      "geometry": {
        "type": "LineString",
        "coordinates": [
          [
            94.92187500000001,
            42.78509521287978
          ],
          [
            93.515625,
            41.43082414518661
          ]
        ]
      }
    },
    {
      "type": "Feature",
      "properties": {
        "discharge_m3_s": 1571.03,
        "drainage_km2": 90079.26
      },
      "geometry": {
        "type": "LineString",
        "coordinates": [
          [
            100.546875,
            42.404148779162306
          ],
          [
            99.140625,
            41.12130506072594
          ]
        ]
      }
    },
    {
      "type": "Feature",
      "properties": {
        "discharge_m3_s": 479.94,
        "drainage_km2": 309773.25
      },
      "geometry": {
        "type": "LineString",
        "coordinates": [
          [
            106.171875,
            41.73916106432377
          ],
          [
            104.765625,
            40.53171734821866
          ]
        ]
      }
    },
    {
      "type": "Feature",
      "properties": {
        "discharge_m3_s": 11607.43,
        "drainage_km2": 5128237.06
      },
      "geometry": {
        "type": "LineString",
        "coordinates": [
          [
            92.109375,
            44.27746217993941
          ],
          [
            93.60276058662615,
            45.64646794182029
          ]
        ]
      }
    },
    {
      "type": "Feature",
      "properties": {
        "discharge_m3_s": 2771.46,
        "drainage_km2": 218292.86
      },
      "geometry": {
        "type": "LineString",
        "coordinates": [
          [
            96.328125,
            44.12185554901666
          ],
          [
            94.92187500000001,
            42.78509521287978
          ]
        ]
      }
    },
    {
      "type": "Feature",
      "properties": {
        "discharge_m3_s": 285.16,
        "drainage_km2": 291597.63
      },
      "geometry": {
        "type": "LineString",
        "coordinates": [
          [
            107.578125,
            42.92868959261079
          ],
          [
            106.171875,
            41.73916106432377
          ]
        ]
      }
    },
    {
      "type": "Feature",
      "properties": {
        "discharge_m3_s": 81.25,
        "drainage_km2": 201263.87
      },
      "geometry": {
        "type": "LineString",
        "coordinates": [
          [
            111.796875,
            42.1763343223235
          ],
          [
            110.85420818256162,
            43.76253951922125
          ]
        ]
      }
    },
    {
      "type": "Feature",
      "properties": {
        "discharge_m3_s": 13418.93,
        "drainage_km2": 610851.14
      },
      "geometry": {
        "type": "LineString",
        "coordinates": [
          [
            -103.359375,
            -43.51157942641988
          ],
          [
            -103.359375,
            -42.10774718821988
          ]
        ]
      }
    },
    {
      "type": "Feature",
      "properties": {
        "discharge_m3_s": 6360.86,
        "drainage_km2": 236928.47
      },
      "geometry": {
        "type": "LineString",
        "coordinates": [
          [
            -101.953125,
            -43.669288455611515
          ],
          [
            -103.359375,
            -42.10774718821988
          ]
        ]
      }
    },
    {
      "type": "Feature",
      "properties": {
        "discharge_m3_s": 2900.77,
        "drainage_km2": 109385.5
      },
      "geometry": {
        "type": "LineString",
        "coordinates": [
          [
            -100.546875,
            -43.809020431394856
          ],
          [
            -101.953125,
            -43.669288455611515
          ]
        ]
      }
    },
    {
      "type": "Feature",
      "properties": {
        "discharge_m3_s": 4672.81,
        "drainage_km2": 235147.72
      },
      "geometry": {
        "type": "LineString",
        "coordinates": [
          [
            -96.328125,
            -44.12185554901666
          ],
          [
            -96.328125,
            -42.716053333475344
          ]
        ]
      }
    },
    {
      "type": "Feature",
      "properties": {
        "discharge_m3_s": 1948.12,
        "drainage_km2": 89989.79
      },
      "geometry": {
        "type": "LineString",
        "coordinates": [
          [
            -94.92187500000001,
            -44.191080790569906
          ],
          [
            -96.328125,
            -42.716053333475344
          ]
        ]
      }
    },
    {
      "type": "Feature",
      "properties": {
        "discharge_m3_s": 3998.08,
        "drainage_km2": 177917.46
      },
      "geometry": {
        "type": "LineString",
        "coordinates": [
          [
            -93.515625,
            -44.242929645237375
          ],
          [
            -94.92187500000001,
            -42.78509521287979
          ]
        ]
      }
    },
    {
      "type": "Feature",
      "properties": {
        "discharge_m3_s": 17306.9,
        "drainage_km2": 511950.28
      },
      "geometry": {
        "type": "LineString",
        "coordinates": [
          [
            -73.828125,
            -43.14148990041424
          ],
          [
            -72.01289277967481,
            -44.26776671650081
          ]
        ]
      }
    },
    {
      "type": "Feature",
      "properties": {
        "discharge_m3_s": 21967.42,
        "drainage_km2": 940364.0
      },
      "geometry": {
        "type": "LineString",
        "coordinates": [
          [
            -103.359375,
            -42.10774718821988
          ],
          [
            -104.765625,
            -40.53171734821866
          ]
        ]
      }
    },
    {
      "type": "Feature",
      "properties": {
        "discharge_m3_s": 16232.59,
        "drainage_km2": 401918.93
      },
      "geometry": {
        "type": "LineString",
        "coordinates": [
          [
            -73.828125,
            -41.73916106432377
          ],
          [
            -73.828125,
            -43.14148990041424
          ]
        ]
      }
    },
    {
      "type": "Feature",
      "properties": {
        "discharge_m3_s": 367.53,
        "drainage_km2": 225130.0
      },
      "geometry": {
        "type": "LineString",
        "coordinates": [
          [
            -63.984375000000014,
            -39.85600247140552
          ],
          [
            -62.57812500000001,
            -38.12786364803458
          ]
        ]
      }
    },
    {
      "type": "Feature",
      "properties": {
        "discharge_m3_s": 23945.78,
        "drainage_km2": 1032875.98
      },
      "geometry": {
        "type": "LineString",
        "coordinates": [
          [
            -104.765625,
            -40.53171734821866
          ],
          [
            -106.17187500000001,
            -38.94275540129674
          ]
        ]
      }
    },
    {
      "type": "Feature",
      "properties": {
        "discharge_m3_s": 15764.87,
        "drainage_km2": 555486.37
      },
      "geometry": {
        "type": "LineString",
        "coordinates": [
          [
            -83.67187500000001,
            -41.310671382690984
          ],
          [
            -85.078125,
            -39.97388511446918
          ]
        ]
      }
    },
    {
      "type": "Feature",
      "properties": {
        "discharge_m3_s": 9795.51,
        "drainage_km2": 308624.32
      },
      "geometry": {
        "type": "LineString",
        "coordinates": [
          [
            -82.265625,
            -41.224679789063124
          ],
          [
            -83.67187500000001,
            -41.310671382690984
          ]
        ]
      }
    },
    {
      "type": "Feature",
      "properties": {
        "discharge_m3_s": 4846.29,
        "drainage_km2": 154527.7
      },
      "geometry": {
        "type": "LineString",
        "coordinates": [
          [
            -80.859375,
            -41.12130506072594
          ],
          [
            -82.265625,
            -41.224679789063124
          ]
        ]
      }
    },
    {
      "type": "Feature",
      "properties": {
        "discharge_m3_s": 12342.98,
        "drainage_km2": 289599.98
      },
      "geometry": {
        "type": "LineString",
        "coordinates": [
          [
            -75.234375,
            -40.53171734821866
          ],
          [
            -73.828125,
            -41.73916106432377
          ]
        ]
      }
    },
    {
      "type": "Feature",
      "properties": {
        "discharge_m3_s": 367.53,
        "drainage_km2": 339360.31
      },
      "geometry": {
        "type": "LineString",
        "coordinates": [
          [
            -62.57812500000001,
            -38.12786364803458
          ],
          [
            -61.17187499999999,
            -36.395711312361996
          ]
        ]
      }
    },
    {
      "type": "Feature",
      "properties": {
        "discharge_m3_s": 28106.83,
        "drainage_km2": 1397494.48
      },
      "geometry": {
        "type": "LineString",
        "coordinates": [
          [
            -108.98437500000001,
            -38.507809392959935
          ],
          [
            -110.390625,
            -38.26289069108044
          ]
        ]
      }
    },
    {
      "type": "Feature",
      "properties": {
        "discharge_m3_s": 26981.9,
        "drainage_km2": 1340792.63
      },
      "geometry": {
        "type": "LineString",
        "coordinates": [
          [
            -107.578125,
            -38.7343679665106
          ],
          [
            -108.98437500000001,
            -38.507809392959935
          ]
        ]
      }
    },
    {
      "type": "Feature",
      "properties": {
        "discharge_m3_s": 25656.43,
        "drainage_km2": 1128448.47
      },
      "geometry": {
        "type": "LineString",
        "coordinates": [
          [
            -106.17187500000001,
            -38.94275540129674
          ],
          [
            -107.578125,
            -38.7343679665106
          ]
        ]
      }
    },
    {
      "type": "Feature",
      "properties": {
        "discharge_m3_s": 17684.65,
        "drainage_km2": 729917.87
      },
      "geometry": {
        "type": "LineString",
        "coordinates": [
          [
            -85.078125,
            -39.97388511446918
          ],
          [
            -86.484375,
            -38.61923419018226
          ]
        ]
      }
    },
    {
      "type": "Feature",
      "properties": {
        "discharge_m3_s": 5596.4,
        "drainage_km2": 138373.6
      },
      "geometry": {
        "type": "LineString",
        "coordinates": [
          [
            -82.265625,
            -39.82037138325605
          ],
          [
            -83.67187500000001,
            -41.310671382690984
          ]
        ]
      }
    },
    {
      "type": "Feature",
      "properties": {
        "discharge_m3_s": 4814.9,
        "drainage_km2": 117727.03
      },
      "geometry": {
        "type": "LineString",
        "coordinates": [
          [
            -80.859375,
            -39.71780128989146
          ],
          [
            -82.265625,
            -41.224679789063124
          ]
        ]
      }
    },
    {
      "type": "Feature",
      "properties": {
        "discharge_m3_s": 4437.93,
        "drainage_km2": 117727.24
      },
      "geometry": {
        "type": "LineString",
        "coordinates": [
          [
            -79.453125,
            -39.59790652125546
          ],
          [
            -80.859375,
            -41.12130506072594
          ]
        ]
      }
    },
    {
      "type": "Feature",
      "properties": {
        "discharge_m3_s": 6963.5,
        "drainage_km2": 155924.66
      },
      "geometry": {
        "type": "LineString",
        "coordinates": [
          [
            -76.640625,
            -39.30570683190069
          ],
          [
            -75.234375,
            -40.53171734821866
          ]
        ]
      }
    },
    {
      "type": "Feature",
      "properties": {
        "discharge_m3_s": 367.53,
        "drainage_km2": 494398.94
      },
      "geometry": {
        "type": "LineString",
        "coordinates": [
          [
            -61.17187499999999,
            -36.395711312361996
          ],
          [
            -59.765625,
            -34.66295676370189
          ]
        ]
      }
    },
    {
      "type": "Feature",
      "properties": {
        "discharge_m3_s": 652.95,
        "drainage_km2": 156698.44
      },
      "geometry": {
        "type": "LineString",
        "coordinates": [
          [
            -106.17187500000001,
            -37.548624122575525
          ],
          [
            -107.578125,
            -38.7343679665106
          ]
        ]
      }
    },
    {
      "type": "Feature",
      "properties": {
        "discharge_m3_s": 31648.66,
        "drainage_km2": 1574856.92
      },
      "geometry": {
        "type": "LineString",
        "coordinates": [
          [
            -86.484375,
            -38.61923419018226
          ],
          [
            -87.890625,
            -37.24691128788241
          ]
        ]
      }
    },
    {
      "type": "Feature",
      "properties": {
        "discharge_m3_s": 13249.62,
        "drainage_km2": 806378.12
      },
      "geometry": {
        "type": "LineString",
        "coordinates": [
          [
            -85.078125,
            -38.568657352289804
          ],
          [
            -86.484375,
            -38.61923419018226
          ]
        ]
      }
    },
    {
      "type": "Feature",
      "properties": {
        "discharge_m3_s": 5502.69,
        "drainage_km2": 119624.4
      },
      "geometry": {
        "type": "LineString",
        "coordinates": [
          [
            -80.859375,
            -38.315162641883894
          ],
          [
            -82.265625,
            -39.82037138325605
          ]
        ]
      }
    },
    {
      "type": "Feature",
      "properties": {
        "discharge_m3_s": 4587.15,
        "drainage_km2": 98962.3
      },
      "geometry": {
        "type": "LineString",
        "coordinates": [
          [
            -79.453125,
            -38.19651800986195
          ],
          [
            -80.859375,
            -39.71780128989146
          ]
        ]
      }
    },
    {
      "type": "Feature",
      "properties": {
        "discharge_m3_s": 4192.66,
        "drainage_km2": 98944.78
      },
      "geometry": {
        "type": "LineString",
        "coordinates": [
          [
            -78.046875,
            -38.06065474888132
          ],
          [
            -79.453125,
            -39.59790652125546
          ]
        ]
      }
    },
    {
      "type": "Feature",
      "properties": {
        "discharge_m3_s": 35769.2,
        "drainage_km2": 1673571.98
      },
      "geometry": {
        "type": "LineString",
        "coordinates": [
          [
            -87.890625,
            -37.24691128788241
          ],
          [
            -89.296875,
            -35.85732668811092
          ]
        ]
      }
    },
    {
      "type": "Feature",
      "properties": {
        "discharge_m3_s": 13134.37,
        "drainage_km2": 787276.89
      },
      "geometry": {
        "type": "LineString",
        "coordinates": [
          [
            -83.67187500000001,
            -37.0970193504085
          ],
          [
            -85.078125,
            -38.568657352289804
          ]
        ]
      }
    },
    {
      "type": "Feature",
      "properties": {
        "discharge_m3_s": 5211.97,
        "drainage_km2": 100495.49
      },
      "geometry": {
        "type": "LineString",
        "coordinates": [
          [
            -79.453125,
            -36.796268078495366
          ],
          [
            -80.859375,
            -38.315162641883894
          ]
        ]
      }
    },
    {
      "type": "Feature",
      "properties": {
        "discharge_m3_s": 45092.16,
        "drainage_km2": 1774015.59
      },
      "geometry": {
        "type": "LineString",
        "coordinates": [
          [
            -89.296875,
            -35.85732668811092
          ],
          [
            -90.703125,
            -34.45111236155888
          ]
        ]
      }
    },
    {
      "type": "Feature",
      "properties": {
        "discharge_m3_s": 12269.24,
        "drainage_km2": 687247.02
      },
      "geometry": {
        "type": "LineString",
        "coordinates": [
          [
            -83.67187500000001,
            -35.693285719843246
          ],
          [
            -83.67187500000001,
            -37.0970193504085
          ]
        ]
      }
    },
    {
      "type": "Feature",
      "properties": {
        "discharge_m3_s": 11957.09,
        "drainage_km2": 626785.59
      },
      "geometry": {
        "type": "LineString",
        "coordinates": [
          [
            -82.265625,
            -34.20925956074186
          ],
          [
            -83.67187500000001,
            -35.693285719843246
          ]
        ]
      }
    },
    {
      "type": "Feature",
      "properties": {
        "discharge_m3_s": 327.78,
        "drainage_km2": 100633.54
      },
      "geometry": {
        "type": "LineString",
        "coordinates": [
          [
            -103.359375,
            -32.332455191604
          ],
          [
            -101.953125,
            -31.08247549603447
          ]
        ]
      }
    },
    {
      "type": "Feature",
      "properties": {
        "discharge_m3_s": 236.17,
        "drainage_km2": 230959.59
      },
      "geometry": {
        "type": "LineString",
        "coordinates": [
          [
            -82.265625,
            -32.80796843222523
          ],
          [
            -82.265625,
            -34.20925956074186
          ]
        ]
      }
    },
    {
      "type": "Feature",
      "properties": {
        "discharge_m3_s": 11511.69,
        "drainage_km2": 334390.03
      },
      "geometry": {
        "type": "LineString",
        "coordinates": [
          [
            -80.859375,
            -32.71303995563716
          ],
          [
            -82.265625,
            -34.20925956074186
          ]
        ]
      }
    },
    {
      "type": "Feature",
      "properties": {
        "discharge_m3_s": 374.88,
        "drainage_km2": 182401.45
      },
      "geometry": {
        "type": "LineString",
        "coordinates": [
          [
            -101.953125,
            -31.08247549603447
          ],
          [
            -103.359375,
            -29.555244025117883
          ]
        ]
      }
    },
    {
      "type": "Feature",
      "properties": {
        "discharge_m3_s": 11444.43,
        "drainage_km2": 313925.6
      },
      "geometry": {
        "type": "LineString",
        "coordinates": [
          [
            -79.453125,
            -31.206300451435197
          ],
          [
            -80.859375,
            -32.71303995563716
          ]
        ]
      }
    },
    {
      "type": "Feature",
      "properties": {
        "discharge_m3_s": 9948.65,
        "drainage_km2": 209065.14
      },
      "geometry": {
        "type": "LineString",
        "coordinates": [
          [
            -78.046875,
            -31.08247549603447
          ],
          [
            -79.453125,
            -31.206300451435197
          ]
        ]
      }
    },
    {
      "type": "Feature",
      "properties": {
        "discharge_m3_s": 300.69,
        "drainage_km2": 101097.26
      },
      "geometry": {
        "type": "LineString",
        "coordinates": [
          [
            -65.390625,
            -27.91817202244386
          ],
          [
            -63.984375,
            -26.318153869410157
          ]
        ]
      }
    },
    {
      "type": "Feature",
      "properties": {
        "discharge_m3_s": 182.35,
        "drainage_km2": 128611.56
      },
      "geometry": {
        "type": "LineString",
        "coordinates": [
          [
            -79.453125,
            -27.024753730921375
          ],
          [
            -79.453125,
            -25.632833042744895
          ]
        ]
      }
    },
    {
      "type": "Feature",
      "properties": {
        "discharge_m3_s": 230.09,
        "drainage_km2": 258484.26
      },
      "geometry": {
        "type": "LineString",
        "coordinates": [
          [
            -79.453125,
            -25.632833042744895
          ],
          [
            -80.859375,
            -24.33330603017412
          ]
        ]
      }
    },
    {
      "type": "Feature",
      "properties": {
        "discharge_m3_s": 230.09,
        "drainage_km2": 367599.71
      },
      "geometry": {
        "type": "LineString",
        "coordinates": [
          [
            -80.859375,
            -24.33330603017412
          ],
          [
            -80.859375,
            -22.93913439851455
          ]
        ]
      }
    },
    {
      "type": "Feature",
      "properties": {
        "discharge_m3_s": 289.78,
        "drainage_km2": 499706.26
      },
      "geometry": {
        "type": "LineString",
        "coordinates": [
          [
            -80.859375,
            -22.93913439851455
          ],
          [
            -80.859375,
            -21.545590369240735
          ]
        ]
      }
    },
    {
      "type": "Feature",
      "properties": {
        "discharge_m3_s": 435.23,
        "drainage_km2": 632959.59
      },
      "geometry": {
        "type": "LineString",
        "coordinates": [
          [
            -80.859375,
            -21.545590369240735
          ],
          [
            -80.859375,
            -20.152643342361667
          ]
        ]
      }
    },
    {
      "type": "Feature",
      "properties": {
        "discharge_m3_s": 6318.44,
        "drainage_km2": 90847.19
      },
      "geometry": {
        "type": "LineString",
        "coordinates": [
          [
            -69.609375,
            -15.206898289204693
          ],
          [
            -68.203125,
            -16.391212594438052
          ]
        ]
      }
    },
    {
      "type": "Feature",
      "properties": {
        "discharge_m3_s": 7365.18,
        "drainage_km2": 90207.6
      },
      "geometry": {
        "type": "LineString",
        "coordinates": [
          [
            -68.203125,
            -15.070144507324525
          ],
          [
            -66.796875,
            -16.23418207157222
          ]
        ]
      }
    },
    {
      "type": "Feature",
      "properties": {
        "discharge_m3_s": 6849.8,
        "drainage_km2": 90560.16
      },
      "geometry": {
        "type": "LineString",
        "coordinates": [
          [
            -68.203125,
            -13.751491400151552
          ],
          [
            -66.796875,
            -14.924538492536053
          ]
        ]
      }
    },
    {
      "type": "Feature",
      "properties": {
        "discharge_m3_s": 6126.19,
        "drainage_km2": 90873.68
      },
      "geometry": {
        "type": "LineString",
        "coordinates": [
          [
            -68.203125,
            -12.435055436001813
          ],
          [
            -66.796875,
            -13.617593707148083
          ]
        ]
      }
    },
    {
      "type": "Feature",
      "properties": {
        "discharge_m3_s": 7083.08,
        "drainage_km2": 90133.99
      },
      "geometry": {
        "type": "LineString",
        "coordinates": [
          [
            -66.796875,
            -12.31312552095195
          ],
          [
            -65.390625,
            -13.475637766113925
          ]
        ]
      }
    },
    {
      "type": "Feature",
      "properties": {
        "discharge_m3_s": 6685.85,
        "drainage_km2": 90387.28
      },
      "geometry": {
        "type": "LineString",
        "coordinates": [
          [
            -66.796875,
            -11.010908265978154
          ],
          [
            -65.390625,
            -12.183884672360263
          ]
        ]
      }
    },
    {
      "type": "Feature",
      "properties": {
        "discharge_m3_s": 11951.75,
        "drainage_km2": 1235212.17
      },
      "geometry": {
        "type": "LineString",
        "coordinates": [
          [
            -80.859375,
            -10.415894160748397
          ],
          [
            -82.265625,
            -11.847469777853199
          ]
        ]
      }
    },
    {
      "type": "Feature",
      "properties": {
        "discharge_m3_s": 6365.15,
        "drainage_km2": 90605.21
      },
      "geometry": {
        "type": "LineString",
        "coordinates": [
          [
            -66.796875,
            -9.71071316382258
          ],
          [
            -65.390625,
            -10.894623879223346
          ]
        ]
      }
    },
    {
      "type": "Feature",
      "properties": {
        "discharge_m3_s": 10568.3,
        "drainage_km2": 1046574.84
      },
      "geometry": {
        "type": "LineString",
        "coordinates": [
          [
            -80.859375,
            -9.026475051525084
          ],
          [
            -80.859375,
            -10.415894160748397
          ]
        ]
      }
    },
    {
      "type": "Feature",
      "properties": {
        "discharge_m3_s": 1109.1,
        "drainage_km2": 93803.39
      },
      "geometry": {
        "type": "LineString",
        "coordinates": [
          [
            -79.453125,
            -8.98874110536948
          ],
          [
            -80.859375,
            -10.415894160748397
          ]
        ]
      }
    },
    {
      "type": "Feature",
      "properties": {
        "discharge_m3_s": 2296.22,
        "drainage_km2": 162565.86
      },
      "geometry": {
        "type": "LineString",
        "coordinates": [
          [
            -75.234375,
            -8.84362014452466
          ],
          [
            -76.640625,
            -7.527515246371398
          ]
        ]
      }
    },
    {
      "type": "Feature",
      "properties": {
        "discharge_m3_s": 8175.15,
        "drainage_km2": 89938.22
      },
      "geometry": {
        "type": "LineString",
        "coordinates": [
          [
            -65.390625,
            -8.322559711848127
          ],
          [
            -63.984375,
            -9.498743469787621
          ]
        ]
      }
    },
    {
      "type": "Feature",
      "properties": {
        "discharge_m3_s": 9372.91,
        "drainage_km2": 111925.43
      },
      "geometry": {
        "type": "LineString",
        "coordinates": [
          [
            -63.984375,
            -8.227824299110932
          ],
          [
            -62.57812500000001,
            -9.384195406661034
          ]
        ]
      }
    },
    {
      "type": "Feature",
      "properties": {
        "discharge_m3_s": 9395.64,
        "drainage_km2": 110755.86
      },
      "geometry": {
        "type": "LineString",
        "coordinates": [
          [
            -62.57812500000001,
            -8.128152901889598
          ],
          [
            -61.17187499999999,
            -6.785413154688967
          ]
        ]
      }
    },
    {
      "type": "Feature",
      "properties": {
        "discharge_m3_s": 3881.71,
        "drainage_km2": 313827.46
      },
      "geometry": {
        "type": "LineString",
        "coordinates": [
          [
            -82.265625,
            -7.664852820705814
          ],
          [
            -80.859375,
            -9.026475051525084
          ]
        ]
      }
    },
    {
      "type": "Feature",
      "properties": {
        "discharge_m3_s": 1732.35,
        "drainage_km2": 240141.54
      },
      "geometry": {
        "type": "LineString",
        "coordinates": [
          [
            -80.859375,
            -7.63732598523329
          ],
          [
            -80.859375,
            -9.026475051525084
          ]
        ]
      }
    },
    {
      "type": "Feature",
      "properties": {
        "discharge_m3_s": 4954.24,
        "drainage_km2": 468750.31
      },
      "geometry": {
        "type": "LineString",
        "coordinates": [
          [
            -79.453125,
            -7.605248830323058
          ],
          [
            -80.859375,
            -9.026475051525084
          ]
        ]
      }
    },
    {
      "type": "Feature",
      "properties": {
        "discharge_m3_s": 4179.57,
        "drainage_km2": 350787.78
      },
      "geometry": {
        "type": "LineString",
        "coordinates": [
          [
            -78.046875,
            -7.568638658881363
          ],
          [
            -79.453125,
            -7.605248830323058
          ]
        ]
      }
    },
    {
      "type": "Feature",
      "properties": {
        "discharge_m3_s": 3495.61,
        "drainage_km2": 256539.1
      },
      "geometry": {
        "type": "LineString",
        "coordinates": [
          [
            -76.640625,
            -7.527515246371398
          ],
          [
            -78.046875,
            -7.568638658881363
          ]
        ]
      }
    },
    {
      "type": "Feature",
      "properties": {
        "discharge_m3_s": 8526.28,
        "drainage_km2": 90072.89
      },
      "geometry": {
        "type": "LineString",
        "coordinates": [
          [
            -65.390625,
            -7.039240023676553
          ],
          [
            -63.984375,
            -8.227824299110932
          ]
        ]
      }
    },
    {
      "type": "Feature",
      "properties": {
        "discharge_m3_s": 9920.46,
        "drainage_km2": 110877.66
      },
      "geometry": {
        "type": "LineString",
        "coordinates": [
          [
            -62.57812500000001,
            -6.874170498201403
          ],
          [
            -61.17187499999999,
            -5.549118280655495
          ]
        ]
      }
    },
    {
      "type": "Feature",
      "properties": {
        "discharge_m3_s": 10314.67,
        "drainage_km2": 174509.03
      },
      "geometry": {
        "type": "LineString",
        "coordinates": [
          [
            -61.17187499999999,
            -6.785413154688967
          ],
          [
            -61.17187499999999,
            -5.549118280655495
          ]
        ]
      }
    },
    {
      "type": "Feature",
      "properties": {
        "discharge_m3_s": 3077.66,
        "drainage_km2": 217660.91
      },
      "geometry": {
        "type": "LineString",
        "coordinates": [
          [
            -83.67187500000001,
            -6.28987751582551
          ],
          [
            -82.265625,
            -7.664852820705814
          ]
        ]
      }
    },
    {
      "type": "Feature",
      "properties": {
        "discharge_m3_s": 940.81,
        "drainage_km2": 120155.87
      },
      "geometry": {
        "type": "LineString",
        "coordinates": [
          [
            -80.859375,
            -6.24840644458599
          ],
          [
            -80.859375,
            -7.63732598523329
          ]
        ]
      }
    },
    {
      "type": "Feature",
      "properties": {
        "discharge_m3_s": 9987.81,
        "drainage_km2": 110966.55
      },
      "geometry": {
        "type": "LineString",
        "coordinates": [
          [
            -62.57812500000001,
            -5.621934419899613
          ],
          [
            -61.17187499999999,
            -5.549118280655495
          ]
        ]
      }
    },
    {
      "type": "Feature",
      "properties": {
        "discharge_m3_s": 49949.11,
        "drainage_km2": 657649.67
      },
      "geometry": {
        "type": "LineString",
        "coordinates": [
          [
            -61.17187499999999,
            -5.549118280655495
          ],
          [
            -59.765625,
            -4.255017564228808
          ]
        ]
      }
    },
    {
      "type": "Feature",
      "properties": {
        "discharge_m3_s": 2491.35,
        "drainage_km2": 123754.58
      },
      "geometry": {
        "type": "LineString",
        "coordinates": [
          [
            -59.765625,
            -5.472961603627347
          ],
          [
            -59.765625,
            -4.255017564228808
          ]
        ]
      }
    },
    {
      "type": "Feature",
      "properties": {
        "discharge_m3_s": 9754.63,
        "drainage_km2": 109749.95
      },
      "geometry": {
        "type": "LineString",
        "coordinates": [
          [
            -61.17187499999999,
            -4.314372369025418
          ],
          [
            -61.17187499999999,
            -5.549118280655495
          ]
        ]
      }
    },
    {
      "type": "Feature",
      "properties": {
        "discharge_m3_s": 62322.75,
        "drainage_km2": 912279.37
      },
      "geometry": {
        "type": "LineString",
        "coordinates": [
          [
            -59.765625,
            -4.255017564228808
          ],
          [
            -58.35937500000001,
            -2.9940791571677483
          ]
        ]
      }
    },
    {
      "type": "Feature",
      "properties": {
        "discharge_m3_s": 1700.83,
        "drainage_km2": 97139.86
      },
      "geometry": {
        "type": "LineString",
        "coordinates": [
          [
            -85.078125,
            -3.502693861567104
          ],
          [
            -83.67187500000001,
            -2.096534019285695
          ]
        ]
      }
    },
    {
      "type": "Feature",
      "properties": {
        "discharge_m3_s": 9287.36,
        "drainage_km2": 109769.7
      },
      "geometry": {
        "type": "LineString",
        "coordinates": [
          [
            -61.17187499999999,
            -3.0808324000470084
          ],
          [
            -59.765625,
            -4.255017564228808
          ]
        ]
      }
    },
    {
      "type": "Feature",
      "properties": {
        "discharge_m3_s": 8842.63,
        "drainage_km2": 108426.42
      },
      "geometry": {
        "type": "LineString",
        "coordinates": [
          [
            -59.765625,
            -3.038370907807581
          ],
          [
            -58.35937500000001,
            -2.9940791571677483
          ]
        ]
      }
    },
    {
      "type": "Feature",
      "properties": {
        "discharge_m3_s": 1762.07,
        "drainage_km2": 97344.05
      },
      "geometry": {
        "type": "LineString",
        "coordinates": [
          [
            -85.078125,
            -2.1016039038376735
          ],
          [
            -83.67187500000001,
            -0.6988412644721039
          ]
        ]
      }
    },
    {
      "type": "Feature",
      "properties": {
        "discharge_m3_s": 2414.11,
        "drainage_km2": 169865.56
      },
      "geometry": {
        "type": "LineString",
        "coordinates": [
          [
            -83.67187500000001,
            -2.096534019285695
          ],
          [
            -83.67187500000001,
            -0.6988412644721039
          ]
        ]
      }
    },
    {
      "type": "Feature",
      "properties": {
        "discharge_m3_s": 8466.34,
        "drainage_km2": 108417.98
      },
      "geometry": {
        "type": "LineString",
        "coordinates": [
          [
            -59.765625,
            -1.8226514959972535
          ],
          [
            -58.35937500000001,
            -2.9940791571677483
          ]
        ]
      }
    },
    {
      "type": "Feature",
      "properties": {
        "discharge_m3_s": 2068.61,
        "drainage_km2": 97578.1
      },
      "geometry": {
        "type": "LineString",
        "coordinates": [
          [
            -86.484375,
            -0.7018019306020881
          ],
          [
            -85.078125,
            0.7005325642988416
          ]
        ]
      }
    },
    {
      "type": "Feature",
      "properties": {
        "discharge_m3_s": 1915.93,
        "drainage_km2": 97490.15
      },
      "geometry": {
        "type": "LineString",
        "coordinates": [
          [
            -85.078125,
            -0.7005325642988416
          ],
          [
            -83.67187500000001,
            -0.6988412644721039
          ]
        ]
      }
    },
    {
      "type": "Feature",
      "properties": {
        "discharge_m3_s": 15822.57,
        "drainage_km2": 1143863.0
      },
      "geometry": {
        "type": "LineString",
        "coordinates": [
          [
            -83.67187500000001,
            -0.6988412644721039
          ],
          [
            -82.265625,
            -0.6967290489895217
          ]
        ]
      }
    },
    {
      "type": "Feature",
      "properties": {
        "discharge_m3_s": 16459.25,
        "drainage_km2": 1216511.67
      },
      "geometry": {
        "type": "LineString",
        "coordinates": [
          [
            -82.265625,
            -0.6967290489895217
          ],
          [
            -80.859375,
            0.6941971890448209
          ]
        ]
      }
    },
    {
      "type": "Feature",
      "properties": {
        "discharge_m3_s": 3717.43,
        "drainage_km2": 309767.76
      },
      "geometry": {
        "type": "LineString",
        "coordinates": [
          [
            -80.859375,
            -0.6941971890448209
          ],
          [
            -80.859375,
            0.6941971890448209
          ]
        ]
      }
    },
    {
      "type": "Feature",
      "properties": {
        "discharge_m3_s": 1168.44,
        "drainage_km2": 95263.23
      },
      "geometry": {
        "type": "LineString",
        "coordinates": [
          [
            -79.453125,
            -0.6912472083981871
          ],
          [
            -80.859375,
            -0.6941971890448209
          ]
        ]
      }
    },
    {
      "type": "Feature",
      "properties": {
        "discharge_m3_s": 1358.22,
        "drainage_km2": 94715.06
      },
      "geometry": {
        "type": "LineString",
        "coordinates": [
          [
            -78.046875,
            -0.6878808824656557
          ],
          [
            -79.453125,
            0.6912472083981871
          ]
        ]
      }
    },
    {
      "type": "Feature",
      "properties": {
        "discharge_m3_s": 1612.95,
        "drainage_km2": 94110.23
      },
      "geometry": {
        "type": "LineString",
        "coordinates": [
          [
            -76.640625,
            -0.6841002372580206
          ],
          [
            -78.046875,
            0.6878808824656557
          ]
        ]
      }
    },
    {
      "type": "Feature",
      "properties": {
        "discharge_m3_s": 7773.75,
        "drainage_km2": 108385.66
      },
      "geometry": {
        "type": "LineString",
        "coordinates": [
          [
            -59.765625,
            -0.6074886464851413
          ],
          [
            -58.35937500000001,
            -1.7960506274824524
          ]
        ]
      }
    },
    {
      "type": "Feature",
      "properties": {
        "discharge_m3_s": 3299.54,
        "drainage_km2": 171004.54
      },
      "geometry": {
        "type": "LineString",
        "coordinates": [
          [
            -87.890625,
            0.702648599448483
          ],
          [
            -86.484375,
            0.7018019306020881
          ]
        ]
      }
    },
    {
      "type": "Feature",
      "properties": {
        "discharge_m3_s": 5294.32,
        "drainage_km2": 293087.46
      },
      "geometry": {
        "type": "LineString",
        "coordinates": [
          [
            -86.484375,
            0.7018019306020881
          ],
          [
            -85.078125,
            0.7005325642988416
          ]
        ]
      }
    },
    {
      "type": "Feature",
      "properties": {
        "discharge_m3_s": 9033.03,
        "drainage_km2": 706555.25
      },
      "geometry": {
        "type": "LineString",
        "coordinates": [
          [
            -85.078125,
            0.7005325642988416
          ],
          [
            -83.67187500000001,
            -0.6988412644721039
          ]
        ]
      }
    },
    {
      "type": "Feature",
      "properties": {
        "discharge_m3_s": 20575.37,
        "drainage_km2": 1598854.33
      },
      "geometry": {
        "type": "LineString",
        "coordinates": [
          [
            -80.859375,
            0.6941971890448209
          ],
          [
            -79.453125,
            2.0737695195465657
          ]
        ]
      }
    },
    {
      "type": "Feature",
      "properties": {
        "discharge_m3_s": 1525.81,
        "drainage_km2": 118750.11
      },
      "geometry": {
        "type": "LineString",
        "coordinates": [
          [
            -79.453125,
            0.6912472083981871
          ],
          [
            -80.859375,
            -0.6941971890448209
          ]
        ]
      }
    },
    {
      "type": "Feature",
      "properties": {
        "discharge_m3_s": 1764.99,
        "drainage_km2": 118028.29
      },
      "geometry": {
        "type": "LineString",
        "coordinates": [
          [
            -78.046875,
            0.6878808824656557
          ],
          [
            -79.453125,
            2.0737695195465657
          ]
        ]
      }
    },
    {
      "type": "Feature",
      "properties": {
        "discharge_m3_s": 1537.58,
        "drainage_km2": 94174.06
      },
      "geometry": {
        "type": "LineString",
        "coordinates": [
          [
            -76.640625,
            0.6841002372580206
          ],
          [
            -78.046875,
            2.063678187283118
          ]
        ]
      }
    },
    {
      "type": "Feature",
      "properties": {
        "discharge_m3_s": 1801.25,
        "drainage_km2": 93508.92
      },
      "geometry": {
        "type": "LineString",
        "coordinates": [
          [
            -75.234375,
            0.6799075481698579
          ],
          [
            -76.640625,
            2.052344702480777
          ]
        ]
      }
    },
    {
      "type": "Feature",
      "properties": {
        "discharge_m3_s": 2145.83,
        "drainage_km2": 122141.72
      },
      "geometry": {
        "type": "LineString",
        "coordinates": [
          [
            -90.703125,
            2.1092163114058002
          ],
          [
            -92.109375,
            3.5132487271198864
          ]
        ]
      }
    },
    {
      "type": "Feature",
      "properties": {
        "discharge_m3_s": 862.85,
        "drainage_km2": 194055.61
      },
      "geometry": {
        "type": "LineString",
        "coordinates": [
          [
            -83.67187500000001,
            2.096534019285695
          ],
          [
            -85.078125,
            0.7005325642988416
          ]
        ]
      }
    },
    {
      "type": "Feature",
      "properties": {
        "discharge_m3_s": 23097.34,
        "drainage_km2": 1933801.89
      },
      "geometry": {
        "type": "LineString",
        "coordinates": [
          [
            -79.453125,
            2.0737695195465657
          ],
          [
            -78.046875,
            3.439582037140748
          ]
        ]
      }
    },
    {
      "type": "Feature",
      "properties": {
        "discharge_m3_s": 1622.28,
        "drainage_km2": 118079.57
      },
      "geometry": {
        "type": "LineString",
        "coordinates": [
          [
            -78.046875,
            2.063678187283118
          ],
          [
            -76.640625,
            3.4207210507935577
          ]
        ]
      }
    },
    {
      "type": "Feature",
      "properties": {
        "discharge_m3_s": 1870.56,
        "drainage_km2": 117283.55
      },
      "geometry": {
        "type": "LineString",
        "coordinates": [
          [
            -76.640625,
            2.052344702480777
          ],
          [
            -76.640625,
            3.4207210507935577
          ]
        ]
      }
    },
    {
      "type": "Feature",
      "properties": {
        "discharge_m3_s": 1492.0,
        "drainage_km2": 93526.69
      },
      "geometry": {
        "type": "LineString",
        "coordinates": [
          [
            -75.234375,
            2.039775840091725
          ],
          [
            -76.640625,
            3.4207210507935577
          ]
        ]
      }
    },
    {
      "type": "Feature",
      "properties": {
        "discharge_m3_s": 1860.31,
        "drainage_km2": 92803.83
      },
      "geometry": {
        "type": "LineString",
        "coordinates": [
          [
            -73.828125,
            2.025979114457455
          ],
          [
            -75.234375,
            3.399803615542326
          ]
        ]
      }
    },
    {
      "type": "Feature",
      "properties": {
        "discharge_m3_s": 6751.52,
        "drainage_km2": 106865.22
      },
      "geometry": {
        "type": "LineString",
        "coordinates": [
          [
            -58.35937500000001,
            1.7960506274824524
          ],
          [
            -56.95312500000001,
            0.5893855444373464
          ]
        ]
      }
    },
    {
      "type": "Feature",
      "properties": {
        "discharge_m3_s": 64039.28,
        "drainage_km2": 1147167.5
      },
      "geometry": {
        "type": "LineString",
        "coordinates": [
          [
            -56.953125,
            1.7683677873843233
          ],
          [
            -55.54687500000001,
            0.5797986686625975
          ]
        ]
      }
    },
    {
      "type": "Feature",
      "properties": {
        "discharge_m3_s": 3310.11,
        "drainage_km2": 219734.87
      },
      "geometry": {
        "type": "LineString",
        "coordinates": [
          [
            -92.109375,
            3.5132487271198864
          ],
          [
            -93.515625,
            4.9126579589502315
          ]
        ]
      }
    },
    {
      "type": "Feature",
      "properties": {
        "discharge_m3_s": 606.57,
        "drainage_km2": 168773.11
      },
      "geometry": {
        "type": "LineString",
        "coordinates": [
          [
            -80.859375,
            3.4710914001043998
          ],
          [
            -79.453125,
            2.0737695195465657
          ]
        ]
      }
    },
    {
      "type": "Feature",
      "properties": {
        "discharge_m3_s": 23127.17,
        "drainage_km2": 1957682.28
      },
      "geometry": {
        "type": "LineString",
        "coordinates": [
          [
            -78.046875,
            3.439582037140748
          ],
          [
            -76.640625,
            4.7893169075569135
          ]
        ]
      }
    },
    {
      "type": "Feature",
      "properties": {
        "discharge_m3_s": 5007.95,
        "drainage_km2": 352640.36
      },
      "geometry": {
        "type": "LineString",
        "coordinates": [
          [
            -76.640625,
            3.4207210507935577
          ],
          [
            -75.234375,
            4.760096852852792
          ]
        ]
      }
    },
    {
      "type": "Feature",
      "properties": {
        "discharge_m3_s": 1886.95,
        "drainage_km2": 116410.37
      },
      "geometry": {
        "type": "LineString",
        "coordinates": [
          [
            -75.234375,
            3.399803615542326
          ],
          [
            -75.234375,
            4.760096852852792
          ]
        ]
      }
    },
    {
      "type": "Feature",
      "properties": {
        "discharge_m3_s": 1336.85,
        "drainage_km2": 92780.69
      },
      "geometry": {
        "type": "LineString",
        "coordinates": [
          [
            -73.828125,
            3.376842069407035
          ],
          [
            -75.234375,
            4.760096852852792
          ]
        ]
      }
    },
    {
      "type": "Feature",
      "properties": {
        "discharge_m3_s": 62134.62,
        "drainage_km2": 1046047.61
      },
      "geometry": {
        "type": "LineString",
        "coordinates": [
          [
            -58.35937500000001,
            2.9940791571677483
          ],
          [
            -56.953125,
            1.7683677873843233
          ]
        ]
      }
    },
    {
      "type": "Feature",
      "properties": {
        "discharge_m3_s": 4331.61,
        "drainage_km2": 317065.97
      },
      "geometry": {
        "type": "LineString",
        "coordinates": [
          [
            -93.515625,
            4.9126579589502315
          ],
          [
            -93.515625,
            6.316312523407328
          ]
        ]
      }
    },
    {
      "type": "Feature",
      "properties": {
        "discharge_m3_s": 430.17,
        "drainage_km2": 97359.68
      },
      "geometry": {
        "type": "LineString",
        "coordinates": [
          [
            -90.703125,
            4.921506212193332
          ],
          [
            -92.109375,
            6.3238717165914275
          ]
        ]
      }
    },
    {
      "type": "Feature",
      "properties": {
        "discharge_m3_s": 23203.03,
        "drainage_km2": 1981396.72
      },
      "geometry": {
        "type": "LineString",
        "coordinates": [
          [
            -76.640625,
            4.7893169075569135
          ],
          [
            -75.234375,
            6.120761014455373
          ]
        ]
      }
    },
    {
      "type": "Feature",
      "properties": {
        "discharge_m3_s": 8258.0,
        "drainage_km2": 585403.54
      },
      "geometry": {
        "type": "LineString",
        "coordinates": [
          [
            -75.234375,
            4.760096852852792
          ],
          [
            -73.828125,
            6.079637854926416
          ]
        ]
      }
    },
    {
      "type": "Feature",
      "properties": {
        "discharge_m3_s": 997.86,
        "drainage_km2": 92718.17
      },
      "geometry": {
        "type": "LineString",
        "coordinates": [
          [
            -73.828125,
            4.728019933909834
          ],
          [
            -73.828125,
            6.079637854926416
          ]
        ]
      }
    },
    {
      "type": "Feature",
      "properties": {
        "discharge_m3_s": 1541.49,
        "drainage_km2": 91944.79
      },
      "geometry": {
        "type": "LineString",
        "coordinates": [
          [
            -72.421875,
            4.693104699753207
          ],
          [
            -73.828125,
            6.079637854926416
          ]
        ]
      }
    },
    {
      "type": "Feature",
      "properties": {
        "discharge_m3_s": 48337.74,
        "drainage_km2": 876267.87
      },
      "geometry": {
        "type": "LineString",
        "coordinates": [
          [
            -56.953125,
            4.128654579471015
          ],
          [
            -58.35937500000001,
            2.9940791571677483
          ]
        ]
      }
    },
    {
      "type": "Feature",
      "properties": {
        "discharge_m3_s": 640.27,
        "drainage_km2": 144629.26
      },
      "geometry": {
        "type": "LineString",
        "coordinates": [
          [
            -94.92187500000001,
            6.304979012126522
          ],
          [
            -93.515625,
            6.316312523407328
          ]
        ]
      }
    },
    {
      "type": "Feature",
      "properties": {
        "discharge_m3_s": 6092.52,
        "drainage_km2": 753190.71
      },
      "geometry": {
        "type": "LineString",
        "coordinates": [
          [
            -93.515625,
            6.316312523407328
          ],
          [
            -93.515625,
            7.719995466882609
          ]
        ]
      }
    },
    {
      "type": "Feature",
      "properties": {
        "discharge_m3_s": 461.24,
        "drainage_km2": 121644.54
      },
      "geometry": {
        "type": "LineString",
        "coordinates": [
          [
            -92.109375,
            6.3238717165914275
          ],
          [
            -93.515625,
            6.316312523407328
          ]
        ]
      }
    },
    {
      "type": "Feature",
      "properties": {
        "discharge_m3_s": 23203.03,
        "drainage_km2": 2004922.9
      },
      "geometry": {
        "type": "LineString",
        "coordinates": [
          [
            -75.234375,
            6.120761014455373
          ],
          [
            -73.828125,
            7.431820162485775
          ]
        ]
      }
    },
    {
      "type": "Feature",
      "properties": {
        "discharge_m3_s": 10797.35,
        "drainage_km2": 793438.82
      },
      "geometry": {
        "type": "LineString",
        "coordinates": [
          [
            -73.828125,
            6.079637854926416
          ],
          [
            -73.828125,
            7.431820162485775
          ]
        ]
      }
    },
    {
      "type": "Feature",
      "properties": {
        "discharge_m3_s": 1017.5,
        "drainage_km2": 91849.7
      },
      "geometry": {
        "type": "LineString",
        "coordinates": [
          [
            -72.421875,
            6.034873109093681
          ],
          [
            -73.828125,
            7.431820162485775
          ]
        ]
      }
    },
    {
      "type": "Feature",
      "properties": {
        "discharge_m3_s": 41552.54,
        "drainage_km2": 772419.7
      },
      "geometry": {
        "type": "LineString",
        "coordinates": [
          [
            -56.953125,
            5.310803013921933
          ],
          [
            -56.953125,
            4.128654579471015
          ]
        ]
      }
    },
    {
      "type": "Feature",
      "properties": {
        "discharge_m3_s": 6092.52,
        "drainage_km2": 777374.88
      },
      "geometry": {
        "type": "LineString",
        "coordinates": [
          [
            -93.515625,
            7.719995466882609
          ],
          [
            -92.109375,
            9.134535627023
          ]
        ]
      }
    },
    {
      "type": "Feature",
      "properties": {
        "discharge_m3_s": 267.44,
        "drainage_km2": 95358.64
      },
      "geometry": {
        "type": "LineString",
        "coordinates": [
          [
            -76.640625,
            7.527515246371398
          ],
          [
            -75.234375,
            8.84362014452466
          ]
        ]
      }
    },
    {
      "type": "Feature",
      "properties": {
        "discharge_m3_s": 168.07,
        "drainage_km2": 94973.69
      },
      "geometry": {
        "type": "LineString",
        "coordinates": [
          [
            -75.234375,
            7.481900840795187
          ],
          [
            -73.828125,
            8.784690136192753
          ]
        ]
      }
    },
    {
      "type": "Feature",
      "properties": {
        "discharge_m3_s": 35017.88,
        "drainage_km2": 2913529.29
      },
      "geometry": {
        "type": "LineString",
        "coordinates": [
          [
            -73.828125,
            7.431820162485775
          ],
          [
            -73.828125,
            8.784690136192753
          ]
        ]
      }
    },
    {
      "type": "Feature",
      "properties": {
        "discharge_m3_s": 782.76,
        "drainage_km2": 91717.82
      },
      "geometry": {
        "type": "LineString",
        "coordinates": [
          [
            -72.421875,
            7.377300403645419
          ],
          [
            -73.828125,
            8.784690136192753
          ]
        ]
      }
    },
    {
      "type": "Feature",
      "properties": {
        "discharge_m3_s": 1198.6,
        "drainage_km2": 90906.73
      },
      "geometry": {
        "type": "LineString",
        "coordinates": [
          [
            -71.015625,
            7.318371227559285
          ],
          [
            -72.421875,
            8.720530635291784
          ]
        ]
      }
    },
    {
      "type": "Feature",
      "properties": {
        "discharge_m3_s": 28119.57,
        "drainage_km2": 605244.3
      },
      "geometry": {
        "type": "LineString",
        "coordinates": [
          [
            -55.54687500000001,
            6.390079439596185
          ],
          [
            -56.953125,
            5.310803013921933
          ]
        ]
      }
    },
    {
      "type": "Feature",
      "properties": {
        "discharge_m3_s": 6239.54,
        "drainage_km2": 922892.02
      },
      "geometry": {
        "type": "LineString",
        "coordinates": [
          [
            -92.109375,
            9.134535627023
          ],
          [
            -92.109375,
            10.539888468419987
          ]
        ]
      }
    },
    {
      "type": "Feature",
      "properties": {
        "discharge_m3_s": 267.44,
        "drainage_km2": 118758.34
      },
      "geometry": {
        "type": "LineString",
        "coordinates": [
          [
            -75.234375,
            8.84362014452466
          ],
          [
            -73.828125,
            8.784690136192753
          ]
        ]
      }
    },
    {
      "type": "Feature",
      "properties": {
        "discharge_m3_s": 41204.0,
        "drainage_km2": 4006244.47
      },
      "geometry": {
        "type": "LineString",
        "coordinates": [
          [
            -73.828125,
            8.784690136192753
          ],
          [
            -75.234375,
            10.206021605077954
          ]
        ]
      }
    },
    {
      "type": "Feature",
      "properties": {
        "discharge_m3_s": 1198.6,
        "drainage_km2": 113998.63
      },
      "geometry": {
        "type": "LineString",
        "coordinates": [
          [
            -72.421875,
            8.720530635291784
          ],
          [
            -73.828125,
            8.784690136192753
          ]
        ]
      }
    },
    {
      "type": "Feature",
      "properties": {
        "discharge_m3_s": 782.7,
        "drainage_km2": 90750.89
      },
      "geometry": {
        "type": "LineString",
        "coordinates": [
          [
            -71.015625,
            8.651175071721473
          ],
          [
            -72.421875,
            10.0647064336311
          ]
        ]
      }
    },
    {
      "type": "Feature",
      "properties": {
        "discharge_m3_s": 19465.35,
        "drainage_km2": 385494.46
      },
      "geometry": {
        "type": "LineString",
        "coordinates": [
          [
            -55.54687500000001,
            7.557722457774965
          ],
          [
            -55.54687500000001,
            6.390079439596185
          ]
        ]
      }
    },
    {
      "type": "Feature",
      "properties": {
        "discharge_m3_s": 6275.69,
        "drainage_km2": 1043659.31
      },
      "geometry": {
        "type": "LineString",
        "coordinates": [
          [
            -92.109375,
            10.539888468419987
          ],
          [
            -92.109375,
            11.945258125037375
          ]
        ]
      }
    },
    {
      "type": "Feature",
      "properties": {
        "discharge_m3_s": 41352.55,
        "drainage_km2": 4308996.14
      },
      "geometry": {
        "type": "LineString",
        "coordinates": [
          [
            -75.234375,
            10.206021605077954
          ],
          [
            -76.640625,
            11.638614646709332
          ]
        ]
      }
    },
    {
      "type": "Feature",
      "properties": {
        "discharge_m3_s": 3769.23,
        "drainage_km2": 650014.27
      },
      "geometry": {
        "type": "LineString",
        "coordinates": [
          [
            -72.421875,
            10.0647064336311
          ],
          [
            -73.828125,
            8.784690136192753
          ]
        ]
      }
    },
    {
      "type": "Feature",
      "properties": {
        "discharge_m3_s": 2986.53,
        "drainage_km2": 490953.69
      },
      "geometry": {
        "type": "LineString",
        "coordinates": [
          [
            -71.015625,
            9.985067996910987
          ],
          [
            -72.421875,
            10.0647064336311
          ]
        ]
      }
    },
    {
      "type": "Feature",
      "properties": {
        "discharge_m3_s": 13660.6,
        "drainage_km2": 263868.04
      },
      "geometry": {
        "type": "LineString",
        "coordinates": [
          [
            -55.546875,
            8.72826942349342
          ],
          [
            -55.54687500000001,
            7.557722457774965
          ]
        ]
      }
    },
    {
      "type": "Feature",
      "properties": {
        "discharge_m3_s": 8048.34,
        "drainage_km2": 117727.24
      },
      "geometry": {
        "type": "LineString",
        "coordinates": [
          [
            -49.921875,
            8.107968553096956
          ],
          [
            -48.51562500000001,
            6.87310630737049
          ]
        ]
      }
    },
    {
      "type": "Feature",
      "properties": {
        "discharge_m3_s": 6275.69,
        "drainage_km2": 1188002.14
      },
      "geometry": {
        "type": "LineString",
        "coordinates": [
          [
            -92.109375,
            11.945258125037375
          ],
          [
            -92.109375,
            13.350646716051276
          ]
        ]
      }
    },
    {
      "type": "Feature",
      "properties": {
        "discharge_m3_s": 135.57,
        "drainage_km2": 95010.52
      },
      "geometry": {
        "type": "LineString",
        "coordinates": [
          [
            -78.046875,
            11.701171954125035
          ],
          [
            -76.640625,
            11.638614646709332
          ]
        ]
      }
    },
    {
      "type": "Feature",
      "properties": {
        "discharge_m3_s": 41580.38,
        "drainage_km2": 4613582.51
      },
      "geometry": {
        "type": "LineString",
        "coordinates": [
          [
            -76.640625,
            11.638614646709332
          ],
          [
            -78.046875,
            13.079772271054377
          ]
        ]
      }
    },
    {
      "type": "Feature",
      "properties": {
        "discharge_m3_s": 1465.29,
        "drainage_km2": 310667.26
      },
      "geometry": {
        "type": "LineString",
        "coordinates": [
          [
            -69.609375,
            11.22375311156308
          ],
          [
            -71.015625,
            9.985067996910987
          ]
        ]
      }
    },
    {
      "type": "Feature",
      "properties": {
        "discharge_m3_s": 6933.0,
        "drainage_km2": 141334.38
      },
      "geometry": {
        "type": "LineString",
        "coordinates": [
          [
            -54.140625,
            9.735734423035964
          ],
          [
            -55.546875,
            8.72826942349342
          ]
        ]
      }
    },
    {
      "type": "Feature",
      "properties": {
        "discharge_m3_s": 6084.15,
        "drainage_km2": 98944.78
      },
      "geometry": {
        "type": "LineString",
        "coordinates": [
          [
            -51.32812500000001,
            9.385188257937772
          ],
          [
            -49.921875,
            8.107968553096956
          ]
        ]
      }
    },
    {
      "type": "Feature",
      "properties": {
        "discharge_m3_s": 6825.58,
        "drainage_km2": 97390.69
      },
      "geometry": {
        "type": "LineString",
        "coordinates": [
          [
            -49.921875,
            9.201255899113331
          ],
          [
            -48.51562500000001,
            7.940289384831535
          ]
        ]
      }
    },
    {
      "type": "Feature",
      "properties": {
        "discharge_m3_s": 6793.21,
        "drainage_km2": 1757538.78
      },
      "geometry": {
        "type": "LineString",
        "coordinates": [
          [
            -92.109375,
            13.350646716051276
          ],
          [
            -90.703125,
            14.764561747640933
          ]
        ]
      }
    },
    {
      "type": "Feature",
      "properties": {
        "discharge_m3_s": 25.29,
        "drainage_km2": 94946.46
      },
      "geometry": {
        "type": "LineString",
        "coordinates": [
          [
            -79.453125,
            13.141571250839323
          ],
          [
            -80.859375,
            14.586167322779517
          ]
        ]
      }
    },
    {
      "type": "Feature",
      "properties": {
        "discharge_m3_s": 41632.52,
        "drainage_km2": 4708199.13
      },
      "geometry": {
        "type": "LineString",
        "coordinates": [
          [
            -78.046875,
            13.079772271054377
          ],
          [
            -79.453125,
            14.526805451274626
          ]
        ]
      }
    },
    {
      "type": "Feature",
      "properties": {
        "discharge_m3_s": 690.81,
        "drainage_km2": 154381.05
      },
      "geometry": {
        "type": "LineString",
        "coordinates": [
          [
            -68.203125,
            12.43505543600182
          ],
          [
            -69.609375,
            11.22375311156308
          ]
        ]
      }
    },
    {
      "type": "Feature",
      "properties": {
        "discharge_m3_s": 6120.77,
        "drainage_km2": 97412.1
      },
      "geometry": {
        "type": "LineString",
        "coordinates": [
          [
            -49.921875,
            10.299141761988391
          ],
          [
            -48.51562500000001,
            9.01167865791833
          ]
        ]
      }
    },
    {
      "type": "Feature",
      "properties": {
        "discharge_m3_s": 7508.55,
        "drainage_km2": 1827926.17
      },
      "geometry": {
        "type": "LineString",
        "coordinates": [
          [
            -90.703125,
            14.764561747640933
          ],
          [
            -89.296875,
            16.170720932018405
          ]
        ]
      }
    },
    {
      "type": "Feature",
      "properties": {
        "discharge_m3_s": 25.29,
        "drainage_km2": 118346.16
      },
      "geometry": {
        "type": "LineString",
        "coordinates": [
          [
            -80.859375,
            14.586167322779517
          ],
          [
            -82.265625,
            16.032345569286903
          ]
        ]
      }
    },
    {
      "type": "Feature",
      "properties": {
        "discharge_m3_s": 41632.52,
        "drainage_km2": 4915920.62
      },
      "geometry": {
        "type": "LineString",
        "coordinates": [
          [
            -79.453125,
            14.526805451274626
          ],
          [
            -80.859375,
            15.977058356513107
          ]
        ]
      }
    },
    {
      "type": "Feature",
      "properties": {
        "discharge_m3_s": 7508.55,
        "drainage_km2": 1851407.18
      },
      "geometry": {
        "type": "LineString",
        "coordinates": [
          [
            -89.296875,
            16.170720932018405
          ],
          [
            -87.890625,
            17.566946575783106
          ]
        ]
      }
    },
    {
      "type": "Feature",
      "properties": {
        "discharge_m3_s": 41632.52,
        "drainage_km2": 5031079.77
      },
      "geometry": {
        "type": "LineString",
        "coordinates": [
          [
            -80.859375,
            15.977058356513107
          ],
          [
            -82.265625,
            16.032345569286903
          ]
        ]
      }
    },
    {
      "type": "Feature",
      "properties": {
        "discharge_m3_s": 873.95,
        "drainage_km2": 109483.35
      },
      "geometry": {
        "type": "LineString",
        "coordinates": [
          [
            -68.203125,
            15.070144507324516
          ],
          [
            -69.60937500000001,
            16.53866149733632
          ]
        ]
      }
    },
    {
      "type": "Feature",
      "properties": {
        "discharge_m3_s": 8727.29,
        "drainage_km2": 1874703.89
      },
      "geometry": {
        "type": "LineString",
        "coordinates": [
          [
            -87.890625,
            17.566946575783106
          ],
          [
            -86.484375,
            18.951199973317042
          ]
        ]
      }
    },
    {
      "type": "Feature",
      "properties": {
        "discharge_m3_s": 873.95,
        "drainage_km2": 131699.04
      },
      "geometry": {
        "type": "LineString",
        "coordinates": [
          [
            -69.60937500000001,
            16.53866149733632
          ],
          [
            -71.015625,
            18.020240122055633
          ]
        ]
      }
    },
    {
      "type": "Feature",
      "properties": {
        "discharge_m3_s": 222.32,
        "drainage_km2": 109135.92
      },
      "geometry": {
        "type": "LineString",
        "coordinates": [
          [
            -68.203125,
            16.391212594438056
          ],
          [
            -69.609375,
            17.87273671892849
          ]
        ]
      }
    },
    {
      "type": "Feature",
      "properties": {
        "discharge_m3_s": 873.95,
        "drainage_km2": 333664.82
      },
      "geometry": {
        "type": "LineString",
        "coordinates": [
          [
            -71.015625,
            18.020240122055633
          ],
          [
            -71.015625,
            19.366171959351785
          ]
        ]
      }
    },
    {
      "type": "Feature",
      "properties": {
        "discharge_m3_s": 222.32,
        "drainage_km2": 131231.66
      },
      "geometry": {
        "type": "LineString",
        "coordinates": [
          [
            -69.609375,
            17.87273671892849
          ],
          [
            -71.015625,
            19.366171959351785
          ]
        ]
      }
    },
    {
      "type": "Feature",
      "properties": {
        "discharge_m3_s": 79.56,
        "drainage_km2": 108750.39
      },
      "geometry": {
        "type": "LineString",
        "coordinates": [
          [
            -68.203125,
            17.7148897816768
          ],
          [
            -69.609375,
            19.20929113443446
          ]
        ]
      }
    },
    {
      "type": "Feature",
      "properties": {
        "discharge_m3_s": 111.35,
        "drainage_km2": 107735.0
      },
      "geometry": {
        "type": "LineString",
        "coordinates": [
          [
            -66.796875,
            17.546742792185285
          ],
          [
            -68.203125,
            19.04136611473055
          ]
        ]
      }
    },
    {
      "type": "Feature",
      "properties": {
        "discharge_m3_s": 1823.48,
        "drainage_km2": 1287395.45
      },
      "geometry": {
        "type": "LineString",
        "coordinates": [
          [
            -71.015625,
            19.366171959351785
          ],
          [
            -72.421875,
            20.868592480822382
          ]
        ]
      }
    },
    {
      "type": "Feature",
      "properties": {
        "discharge_m3_s": 727.21,
        "drainage_km2": 644597.73
      },
      "geometry": {
        "type": "LineString",
        "coordinates": [
          [
            -69.609375,
            19.20929113443446
          ],
          [
            -71.015625,
            19.366171959351785
          ]
        ]
      }
    },
    {
      "type": "Feature",
      "properties": {
        "discharge_m3_s": 111.35,
        "drainage_km2": 129560.05
      },
      "geometry": {
        "type": "LineString",
        "coordinates": [
          [
            -68.203125,
            19.04136611473055
          ],
          [
            -69.609375,
            19.20929113443446
          ]
        ]
      }
    },
    {
      "type": "Feature",
      "properties": {
        "discharge_m3_s": 78.31,
        "drainage_km2": 107356.47
      },
      "geometry": {
        "type": "LineString",
        "coordinates": [
          [
            -66.796875,
            18.862434772255533
          ],
          [
            -68.203125,
            20.370827199579338
          ]
        ]
      }
    },
    {
      "type": "Feature",
      "properties": {
        "discharge_m3_s": 314.62,
        "drainage_km2": 106328.62
      },
      "geometry": {
        "type": "LineString",
        "coordinates": [
          [
            -65.390625,
            18.67253895874216
          ],
          [
            -66.796875,
            20.181467505127898
          ]
        ]
      }
    },
    {
      "type": "Feature",
      "properties": {
        "discharge_m3_s": 2400.13,
        "drainage_km2": 92025.15
      },
      "geometry": {
        "type": "LineString",
        "coordinates": [
          [
            -87.890625,
            21.78348821500362
          ],
          [
            -86.484375,
            20.35540304206285
          ]
        ]
      }
    },
    {
      "type": "Feature",
      "properties": {
        "discharge_m3_s": 1823.48,
        "drainage_km2": 1552051.45
      },
      "geometry": {
        "type": "LineString",
        "coordinates": [
          [
            -72.421875,
            20.868592480822382
          ],
          [
            -73.828125,
            22.37711468440898
          ]
        ]
      }
    },
    {
      "type": "Feature",
      "properties": {
        "discharge_m3_s": 536.3,
        "drainage_km2": 384321.69
      },
      "geometry": {
        "type": "LineString",
        "coordinates": [
          [
            -68.203125,
            20.370827199579338
          ],
          [
            -69.609375,
            19.20929113443446
          ]
        ]
      }
    },
    {
      "type": "Feature",
      "properties": {
        "discharge_m3_s": 314.62,
        "drainage_km2": 127882.53
      },
      "geometry": {
        "type": "LineString",
        "coordinates": [
          [
            -66.796875,
            20.181467505127898
          ],
          [
            -68.203125,
            20.370827199579338
          ]
        ]
      }
    },
    {
      "type": "Feature",
      "properties": {
        "discharge_m3_s": 143.37,
        "drainage_km2": 105963.85
      },
      "geometry": {
        "type": "LineString",
        "coordinates": [
          [
            -65.390625,
            19.980443001869123
          ],
          [
            -66.796875,
            21.50404545382126
          ]
        ]
      }
    },
    {
      "type": "Feature",
      "properties": {
        "discharge_m3_s": 1935.48,
        "drainage_km2": 1661929.59
      },
      "geometry": {
        "type": "LineString",
        "coordinates": [
          [
            -73.828125,
            22.37711468440898
          ],
          [
            -75.234375,
            23.888926166662127
          ]
        ]
      }
    },
    {
      "type": "Feature",
      "properties": {
        "discharge_m3_s": 143.37,
        "drainage_km2": 127388.14
      },
      "geometry": {
        "type": "LineString",
        "coordinates": [
          [
            -66.796875,
            21.50404545382126
          ],
          [
            -68.203125,
            20.370827199579338
          ]
        ]
      }
    },
    {
      "type": "Feature",
      "properties": {
        "discharge_m3_s": 115.07,
        "drainage_km2": 105563.69
      },
      "geometry": {
        "type": "LineString",
        "coordinates": [
          [
            -65.390625,
            21.292284883067634
          ],
          [
            -63.984375,
            22.373201200036213
          ]
        ]
      }
    },
    {
      "type": "Feature",
      "properties": {
        "discharge_m3_s": 1187.84,
        "drainage_km2": 228017.04
      },
      "geometry": {
        "type": "LineString",
        "coordinates": [
          [
            -61.17187499999999,
            20.5831999353969
          ],
          [
            -59.765625,
            21.59012579733928
          ]
        ]
      }
    },
    {
      "type": "Feature",
      "properties": {
        "discharge_m3_s": 1979.22,
        "drainage_km2": 1881521.12
      },
      "geometry": {
        "type": "LineString",
        "coordinates": [
          [
            -75.234375,
            23.888926166662127
          ],
          [
            -76.640625,
            25.401313750436355
          ]
        ]
      }
    },
    {
      "type": "Feature",
      "properties": {
        "discharge_m3_s": 354.5,
        "drainage_km2": 126583.51
      },
      "geometry": {
        "type": "LineString",
        "coordinates": [
          [
            -63.984375,
            22.373201200036213
          ],
          [
            -62.57812500000001,
            23.423730203151514
          ]
        ]
      }
    },
    {
      "type": "Feature",
      "properties": {
        "discharge_m3_s": 4204.02,
        "drainage_km2": 568642.64
      },
      "geometry": {
        "type": "LineString",
        "coordinates": [
          [
            26.574158505215248,
            42.507771947694664
          ],
          [
            24.609375000000007,
            41.576971842112926
          ]
        ]
      }
    },
    {
      "type": "Feature",
      "properties": {
        "discharge_m3_s": 5472.37,
        "drainage_km2": 599520.03
      },
      "geometry": {
        "type": "LineString",
        "coordinates": [
          [
            28.000839918601436,
            42.1413685672415
          ],
          [
            26.015625,
            41.24700496534096
          ]
        ]
      }
    },
    {
      "type": "Feature",
      "properties": {
        "discharge_m3_s": 2296.77,
        "drainage_km2": 340537.32
      },
      "geometry": {
        "type": "LineString",
        "coordinates": [
          [
            26.246279944765686,
            43.99433388715868
          ],
          [
            26.574158505215248,
            42.507771947694664
          ]
        ]
      }
    },
    {
      "type": "Feature",
      "properties": {
        "discharge_m3_s": 1236.59,
        "drainage_km2": 134082.38
      },
      "geometry": {
        "type": "LineString",
        "coordinates": [
          [
            27.717367757454497,
            43.62015073638451
          ],
          [
            26.574158505215248,
            42.507771947694664
          ]
        ]
      }
    },
    {
      "type": "Feature",
      "properties": {
        "discharge_m3_s": 3247.29,
        "drainage_km2": 488416.13
      },
      "geometry": {
        "type": "LineString",
        "coordinates": [
          [
            30.646271911398983,
            42.80369294644687
          ],
          [
            28.000839918601436,
            42.1413685672415
          ]
        ]
      }
    },
    {
      "type": "Feature",
      "properties": {
        "discharge_m3_s": 608.83,
        "drainage_km2": 93468.22
      },
      "geometry": {
        "type": "LineString",
        "coordinates": [
          [
            32.1038318359926,
            42.36083264489647
          ],
          [
            30.646271911398983,
            42.80369294644687
          ]
        ]
      }
    },
    {
      "type": "Feature",
      "properties": {
        "discharge_m3_s": 458.58,
        "drainage_km2": 93666.61
      },
      "geometry": {
        "type": "LineString",
        "coordinates": [
          [
            33.55664867523081,
            41.89447523046973
          ],
          [
            33.38956777922495,
            43.35771204184202
          ]
        ]
      }
    },
    {
      "type": "Feature",
      "properties": {
        "discharge_m3_s": 292.54,
        "drainage_km2": 93837.95
      },
      "geometry": {
        "type": "LineString",
        "coordinates": [
          [
            35.00462829892199,
            41.404300822343124
          ],
          [
            34.87070473865867,
            42.85680211781692
          ]
        ]
      }
    },
    {
      "type": "Feature",
      "properties": {
        "discharge_m3_s": 7053.12,
        "drainage_km2": 269612.21
      },
      "geometry": {
        "type": "LineString",
        "coordinates": [
          [
            11.890505484411294,
            47.89814215075737
          ],
          [
            11.333350632577925,
            46.54639244060009
          ]
        ]
      }
    },
    {
      "type": "Feature",
      "properties": {
        "discharge_m3_s": 1738.52,
        "drainage_km2": 191838.33
      },
      "geometry": {
        "type": "LineString",
        "coordinates": [
          [
            28.897215952356955,
            44.71506774483501
          ],
          [
            26.246279944765686,
            43.99433388715868
          ]
        ]
      }
    },
    {
      "type": "Feature",
      "properties": {
        "discharge_m3_s": 1178.36,
        "drainage_km2": 115564.72
      },
      "geometry": {
        "type": "LineString",
        "coordinates": [
          [
            30.402659287315817,
            44.28663051788243
          ],
          [
            27.717367757454497,
            43.62015073638451
          ]
        ]
      }
    },
    {
      "type": "Feature",
      "properties": {
        "discharge_m3_s": 1487.66,
        "drainage_km2": 301699.96
      },
      "geometry": {
        "type": "LineString",
        "coordinates": [
          [
            33.38956777922495,
            43.35771204184202
          ],
          [
            30.646271911398983,
            42.80369294644687
          ]
        ]
      }
    },
    {
      "type": "Feature",
      "properties": {
        "discharge_m3_s": 313.04,
        "drainage_km2": 112751.88
      },
      "geometry": {
        "type": "LineString",
        "coordinates": [
          [
            34.87070473865867,
            42.85680211781692
          ],
          [
            33.38956777922495,
            43.35771204184202
          ]
        ]
      }
    },
    {
      "type": "Feature",
      "properties": {
        "discharge_m3_s": 123.46,
        "drainage_km2": 357579.0
      },
      "geometry": {
        "type": "LineString",
        "coordinates": [
          [
            42.148976291675844,
            39.97861194088456
          ],
          [
            43.56664297363417,
            40.73257786889137
          ]
        ]
      }
    },
    {
      "type": "Feature",
      "properties": {
        "discharge_m3_s": 4707.07,
        "drainage_km2": 155790.67
      },
      "geometry": {
        "type": "LineString",
        "coordinates": [
          [
            10.825673838832019,
            49.41426394170525
          ],
          [
            11.890505484411294,
            47.89814215075737
          ]
        ]
      }
    },
    {
      "type": "Feature",
      "properties": {
        "discharge_m3_s": 1391.41,
        "drainage_km2": 96432.07
      },
      "geometry": {
        "type": "LineString",
        "coordinates": [
          [
            31.658577408346076,
            45.33054221105133
          ],
          [
            28.897215952356955,
            44.71506774483501
          ]
        ]
      }
    },
    {
      "type": "Feature",
      "properties": {
        "discharge_m3_s": 1128.38,
        "drainage_km2": 96740.67
      },
      "geometry": {
        "type": "LineString",
        "coordinates": [
          [
            33.18952809950507,
            44.844273392983936
          ],
          [
            30.402659287315817,
            44.28663051788243
          ]
        ]
      }
    },
    {
      "type": "Feature",
      "properties": {
        "discharge_m3_s": 123.46,
        "drainage_km2": 489858.8
      },
      "geometry": {
        "type": "LineString",
        "coordinates": [
          [
            43.56664297363417,
            40.73257786889137
          ],
          [
            44.99999999999999,
            41.460660423230976
          ]
        ]
      }
    },
    {
      "type": "Feature",
      "properties": {
        "discharge_m3_s": 3117.27,
        "drainage_km2": 115632.63
      },
      "geometry": {
        "type": "LineString",
        "coordinates": [
          [
            9.631175444053234,
            50.930740648855924
          ],
          [
            8.292786244342656,
            52.44375996388283
          ]
        ]
      }
    },
    {
      "type": "Feature",
      "properties": {
        "discharge_m3_s": 610.09,
        "drainage_km2": 116129.72
      },
      "geometry": {
        "type": "LineString",
        "coordinates": [
          [
            21.595008409511866,
            49.279325132816666
          ],
          [
            23.26009528105932,
            48.93921004972344
          ]
        ]
      }
    },
    {
      "type": "Feature",
      "properties": {
        "discharge_m3_s": 2954.48,
        "drainage_km2": 405506.75
      },
      "geometry": {
        "type": "LineString",
        "coordinates": [
          [
            23.26009528105932,
            48.93921004972344
          ],
          [
            24.911921844234396,
            48.57314437032626
          ]
        ]
      }
    },
    {
      "type": "Feature",
      "properties": {
        "discharge_m3_s": 2954.48,
        "drainage_km2": 443725.72
      },
      "geometry": {
        "type": "LineString",
        "coordinates": [
          [
            24.911921844234396,
            48.57314437032626
          ],
          [
            27.72679374464435,
            49.31947982291386
          ]
        ]
      }
    },
    {
      "type": "Feature",
      "properties": {
        "discharge_m3_s": 123.46,
        "drainage_km2": 641359.93
      },
      "geometry": {
        "type": "LineString",
        "coordinates": [
          [
            44.99999999999999,
            41.460660423230976
          ],
          [
            46.44924086789686,
            42.16286444826251
          ]
        ]
      }
    },
    {
      "type": "Feature",
      "properties": {
        "discharge_m3_s": 79.78,
        "drainage_km2": 94493.71
      },
      "geometry": {
        "type": "LineString",
        "coordinates": [
          [
            46.43335702636583,
            40.73257786889137
          ],
          [
            46.44924086789686,
            42.16286444826251
          ]
        ]
      }
    },
    {
      "type": "Feature",
      "properties": {
        "discharge_m3_s": 14208.08,
        "drainage_km2": 523528.79
      },
      "geometry": {
        "type": "LineString",
        "coordinates": [
          [
            6.457410944834367,
            52.55850253827164
          ],
          [
            4.858338263414218,
            54.04266107040119
          ]
        ]
      }
    },
    {
      "type": "Feature",
      "properties": {
        "discharge_m3_s": 9117.86,
        "drainage_km2": 254965.2
      },
      "geometry": {
        "type": "LineString",
        "coordinates": [
          [
            8.292786244342656,
            52.44375996388283
          ],
          [
            6.457410944834367,
            52.55850253827164
          ]
        ]
      }
    },
    {
      "type": "Feature",
      "properties": {
        "discharge_m3_s": 2353.81,
        "drainage_km2": 220837.06
      },
      "geometry": {
        "type": "LineString",
        "coordinates": [
          [
            26.037703753168092,
            49.742303968353916
          ],
          [
            27.72679374464435,
            49.31947982291386
          ]
        ]
      }
    },
    {
      "type": "Feature",
      "properties": {
        "discharge_m3_s": 5333.39,
        "drainage_km2": 703350.23
      },
      "geometry": {
        "type": "LineString",
        "coordinates": [
          [
            27.72679374464435,
            49.31947982291386
          ],
          [
            30.67058882463711,
            49.95789710445916
          ]
        ]
      }
    },
    {
      "type": "Feature",
      "properties": {
        "discharge_m3_s": 203.24,
        "drainage_km2": 812198.88
      },
      "geometry": {
        "type": "LineString",
        "coordinates": [
          [
            46.44924086789686,
            42.16286444826251
          ],
          [
            47.914520784514146,
            42.839198397301516
          ]
        ]
      }
    },
    {
      "type": "Feature",
      "properties": {
        "discharge_m3_s": 505.69,
        "drainage_km2": 94532.33
      },
      "geometry": {
        "type": "LineString",
        "coordinates": [
          [
            47.87895672855573,
            41.39666102782497
          ],
          [
            47.914520784514146,
            42.839198397301516
          ]
        ]
      }
    },
    {
      "type": "Feature",
      "properties": {
        "discharge_m3_s": 29563.51,
        "drainage_km2": 1131084.13
      },
      "geometry": {
        "type": "LineString",
        "coordinates": [
          [
            -2.917137411086358,
            54.10534610750161
          ],
          [
            -4.858338263414218,
            54.04266107040119
          ]
        ]
      }
    },
    {
      "type": "Feature",
      "properties": {
        "discharge_m3_s": 18655.97,
        "drainage_km2": 704489.95
      },
      "geometry": {
        "type": "LineString",
        "coordinates": [
          [
            4.858338263414218,
            54.04266107040119
          ],
          [
            3.072985130945347,
            55.508403666535564
          ]
        ]
      }
    },
    {
      "type": "Feature",
      "properties": {
        "discharge_m3_s": 6506.47,
        "drainage_km2": 784028.08
      },
      "geometry": {
        "type": "LineString",
        "coordinates": [
          [
            30.67058882463711,
            49.95789710445916
          ],
          [
            33.72757216625511,
            50.480021975957676
          ]
        ]
      }
    },
    {
      "type": "Feature",
      "properties": {
        "discharge_m3_s": 734.14,
        "drainage_km2": 983451.75
      },
      "geometry": {
        "type": "LineString",
        "coordinates": [
          [
            47.914520784514146,
            42.839198397301516
          ],
          [
            47.958176724377395,
            44.3067716498136
          ]
        ]
      }
    },
    {
      "type": "Feature",
      "properties": {
        "discharge_m3_s": 392.94,
        "drainage_km2": 94516.33
      },
      "geometry": {
        "type": "LineString",
        "coordinates": [
          [
            49.336856482878865,
            42.03496850115922
          ],
          [
            52.19228087071704,
            41.78095698219074
          ]
        ]
      }
    },
    {
      "type": "Feature",
      "properties": {
        "discharge_m3_s": 25429.73,
        "drainage_km2": 1033444.96
      },
      "geometry": {
        "type": "LineString",
        "coordinates": [
          [
            -1.0247905782913405,
            55.54259935565732
          ],
          [
            -2.917137411086358,
            54.10534610750161
          ]
        ]
      }
    },
    {
      "type": "Feature",
      "properties": {
        "discharge_m3_s": 22734.68,
        "drainage_km2": 931044.97
      },
      "geometry": {
        "type": "LineString",
        "coordinates": [
          [
            1.0247905782913405,
            55.54259935565732
          ],
          [
            -1.0247905782913405,
            55.54259935565732
          ]
        ]
      }
    },
    {
      "type": "Feature",
      "properties": {
        "discharge_m3_s": 21818.31,
        "drainage_km2": 890390.32
      },
      "geometry": {
        "type": "LineString",
        "coordinates": [
          [
            3.072985130945347,
            55.508403666535564
          ],
          [
            1.0247905782913405,
            55.54259935565732
          ]
        ]
      }
    },
    {
      "type": "Feature",
      "properties": {
        "discharge_m3_s": 8057.79,
        "drainage_km2": 1025586.47
      },
      "geometry": {
        "type": "LineString",
        "coordinates": [
          [
            33.72757216625511,
            50.480021975957676
          ],
          [
            35.42776897758641,
            49.903611368281545
          ]
        ]
      }
    },
    {
      "type": "Feature",
      "properties": {
        "discharge_m3_s": 11339.71,
        "drainage_km2": 1601075.77
      },
      "geometry": {
        "type": "LineString",
        "coordinates": [
          [
            35.42776897758641,
            49.903611368281545
          ],
          [
            37.09783369488156,
            49.29888339864551
          ]
        ]
      }
    },
    {
      "type": "Feature",
      "properties": {
        "discharge_m3_s": 11592.4,
        "drainage_km2": 1701240.24
      },
      "geometry": {
        "type": "LineString",
        "coordinates": [
          [
            37.09783369488156,
            49.29888339864551
          ],
          [
            38.73775630420307,
            48.666257924280785
          ]
        ]
      }
    },
    {
      "type": "Feature",
      "properties": {
        "discharge_m3_s": 11839.55,
        "drainage_km2": 1801059.99
      },
      "geometry": {
        "type": "LineString",
        "coordinates": [
          [
            38.73775630420307,
            48.666257924280785
          ],
          [
            40.34765333415935,
            48.00614449159166
          ]
        ]
      }
    },
    {
      "type": "Feature",
      "properties": {
        "discharge_m3_s": 11912.36,
        "drainage_km2": 1840828.16
      },
      "geometry": {
        "type": "LineString",
        "coordinates": [
          [
            40.34765333415935,
            48.00614449159166
          ],
          [
            43.44493342024219,
            48.13775794611345
          ]
        ]
      }
    },
    {
      "type": "Feature",
      "properties": {
        "discharge_m3_s": 12592.96,
        "drainage_km2": 2252658.73
      },
      "geometry": {
        "type": "LineString",
        "coordinates": [
          [
            46.49306928248611,
            45.0985934058288
          ],
          [
            47.958176724377395,
            44.3067716498136
          ]
        ]
      }
    },
    {
      "type": "Feature",
      "properties": {
        "discharge_m3_s": 14878.77,
        "drainage_km2": 3451243.77
      },
      "geometry": {
        "type": "LineString",
        "coordinates": [
          [
            47.958176724377395,
            44.3067716498136
          ],
          [
            49.39595356849152,
            43.489672479772345
          ]
        ]
      }
    },
    {
      "type": "Feature",
      "properties": {
        "discharge_m3_s": 15124.89,
        "drainage_km2": 3509140.42
      },
      "geometry": {
        "type": "LineString",
        "coordinates": [
          [
            49.39595356849152,
            43.489672479772345
          ],
          [
            52.2896197705515,
            43.23476199287573
          ]
        ]
      }
    },
    {
      "type": "Feature",
      "properties": {
        "discharge_m3_s": 392.94,
        "drainage_km2": 113468.39
      },
      "geometry": {
        "type": "LineString",
        "coordinates": [
          [
            52.19228087071704,
            41.78095698219074
          ],
          [
            54.995371701078,
            41.404300822343124
          ]
        ]
      }
    },
    {
      "type": "Feature",
      "properties": {
        "discharge_m3_s": 1743.25,
        "drainage_km2": 104300.04
      },
      "geometry": {
        "type": "LineString",
        "coordinates": [
          [
            5.39469732410387,
            56.83675805772637
          ],
          [
            3.072985130945347,
            55.508403666535564
          ]
        ]
      }
    },
    {
      "type": "Feature",
      "properties": {
        "discharge_m3_s": 3272.64,
        "drainage_km2": 516344.08
      },
      "geometry": {
        "type": "LineString",
        "coordinates": [
          [
            35.14739707737558,
            51.492950473085315
          ],
          [
            35.42776897758641,
            49.903611368281545
          ]
        ]
      }
    },
    {
      "type": "Feature",
      "properties": {
        "discharge_m3_s": 12063.74,
        "drainage_km2": 1900621.52
      },
      "geometry": {
        "type": "LineString",
        "coordinates": [
          [
            43.44493342024219,
            48.13775794611345
          ],
          [
            45.0,
            47.38449045868237
          ]
        ]
      }
    },
    {
      "type": "Feature",
      "properties": {
        "discharge_m3_s": 12160.17,
        "drainage_km2": 1960013.64
      },
      "geometry": {
        "type": "LineString",
        "coordinates": [
          [
            45.0,
            47.38449045868237
          ],
          [
            46.52160340127664,
            46.605034393005624
          ]
        ]
      }
    },
    {
      "type": "Feature",
      "properties": {
        "discharge_m3_s": 12316.48,
        "drainage_km2": 2058737.21
      },
      "geometry": {
        "type": "LineString",
        "coordinates": [
          [
            46.52160340127664,
            46.605034393005624
          ],
          [
            46.49306928248611,
            45.0985934058288
          ]
        ]
      }
    },
    {
      "type": "Feature",
      "properties": {
        "discharge_m3_s": 1551.67,
        "drainage_km2": 195784.64
      },
      "geometry": {
        "type": "LineString",
        "coordinates": [
          [
            48.01050872905431,
            45.799875047072234
          ],
          [
            47.958176724377395,
            44.3067716498136
          ]
        ]
      }
    },
    {
      "type": "Feature",
      "properties": {
        "discharge_m3_s": 15173.05,
        "drainage_km2": 3547498.08
      },
      "geometry": {
        "type": "LineString",
        "coordinates": [
          [
            52.2896197705515,
            43.23476199287573
          ],
          [
            53.65654505280551,
            42.33129398035122
          ]
        ]
      }
    },
    {
      "type": "Feature",
      "properties": {
        "discharge_m3_s": 15337.68,
        "drainage_km2": 3604632.55
      },
      "geometry": {
        "type": "LineString",
        "coordinates": [
          [
            53.65654505280551,
            42.33129398035122
          ],
          [
            54.995371701078,
            41.404300822343124
          ]
        ]
      }
    },
    {
      "type": "Feature",
      "properties": {
        "discharge_m3_s": 15861.81,
        "drainage_km2": 3999630.01
      },
      "geometry": {
        "type": "LineString",
        "coordinates": [
          [
            54.995371701078,
            41.404300822343124
          ],
          [
            56.44335132476919,
            41.89447523046973
          ]
        ]
      }
    },
    {
      "type": "Feature",
      "properties": {
        "discharge_m3_s": 2657.25,
        "drainage_km2": 373031.12
      },
      "geometry": {
        "type": "LineString",
        "coordinates": [
          [
            36.62495890629079,
            52.483927564731424
          ],
          [
            35.14739707737558,
            51.492950473085315
          ]
        ]
      }
    },
    {
      "type": "Feature",
      "properties": {
        "discharge_m3_s": 1048.28,
        "drainage_km2": 97923.07
      },
      "geometry": {
        "type": "LineString",
        "coordinates": [
          [
            49.55261175818688,
            46.47484218804715
          ],
          [
            48.01050872905431,
            45.799875047072234
          ]
        ]
      }
    },
    {
      "type": "Feature",
      "properties": {
        "discharge_m3_s": 15861.81,
        "drainage_km2": 4018341.95
      },
      "geometry": {
        "type": "LineString",
        "coordinates": [
          [
            56.44335132476919,
            41.89447523046973
          ],
          [
            57.8961681640074,
            42.360832644896476
          ]
        ]
      }
    },
    {
      "type": "Feature",
      "properties": {
        "discharge_m3_s": 2182.14,
        "drainage_km2": 248743.19
      },
      "geometry": {
        "type": "LineString",
        "coordinates": [
          [
            39.94390137776555,
            52.75827145341841
          ],
          [
            36.62495890629079,
            52.483927564731424
          ]
        ]
      }
    },
    {
      "type": "Feature",
      "properties": {
        "discharge_m3_s": 15861.81,
        "drainage_km2": 4037008.61
      },
      "geometry": {
        "type": "LineString",
        "coordinates": [
          [
            57.8961681640074,
            42.360832644896476
          ],
          [
            59.35372808860101,
            42.80369294644688
          ]
        ]
      }
    },
    {
      "type": "Feature",
      "properties": {
        "discharge_m3_s": 1740.6,
        "drainage_km2": 145102.22
      },
      "geometry": {
        "type": "LineString",
        "coordinates": [
          [
            43.30937812533861,
            52.896556683852474
          ],
          [
            39.94390137776555,
            52.75827145341841
          ]
        ]
      }
    },
    {
      "type": "Feature",
      "properties": {
        "discharge_m3_s": 2425.5,
        "drainage_km2": 106293.98
      },
      "geometry": {
        "type": "LineString",
        "coordinates": [
          [
            9.42388545003061,
            62.25862621276609
          ],
          [
            7.174432987230239,
            63.806425992143815
          ]
        ]
      }
    },
    {
      "type": "Feature",
      "properties": {
        "discharge_m3_s": 3297.47,
        "drainage_km2": 105262.55
      },
      "geometry": {
        "type": "LineString",
        "coordinates": [
          [
            12.065077761196255,
            62.0516013157307
          ],
          [
            10.00625085144233,
            63.63656979593969
          ]
        ]
      }
    },
    {
      "type": "Feature",
      "properties": {
        "discharge_m3_s": 2954.56,
        "drainage_km2": 105155.2
      },
      "geometry": {
        "type": "LineString",
        "coordinates": [
          [
            14.669247784745995,
            61.79457852657638
          ],
          [
            12.801236818891859,
            63.41154852584513
          ]
        ]
      }
    },
    {
      "type": "Feature",
      "properties": {
        "discharge_m3_s": 621.63,
        "drainage_km2": 143531.06
      },
      "geometry": {
        "type": "LineString",
        "coordinates": [
          [
            49.90207439935161,
            51.14769513826502
          ],
          [
            53.12211674425074,
            50.87856879528595
          ]
        ]
      }
    },
    {
      "type": "Feature",
      "properties": {
        "discharge_m3_s": 2704.72,
        "drainage_km2": 128249.07
      },
      "geometry": {
        "type": "LineString",
        "coordinates": [
          [
            7.174432987230239,
            63.806425992143815
          ],
          [
            4.597472737241999,
            65.32064165056988
          ]
        ]
      }
    },
    {
      "type": "Feature",
      "properties": {
        "discharge_m3_s": 3592.99,
        "drainage_km2": 127200.73
      },
      "geometry": {
        "type": "LineString",
        "coordinates": [
          [
            10.00625085144233,
            63.63656979593969
          ],
          [
            7.6395232174854675,
            65.19666220170714
          ]
        ]
      }
    },
    {
      "type": "Feature",
      "properties": {
        "discharge_m3_s": 3267.04,
        "drainage_km2": 127070.73
      },
      "geometry": {
        "type": "LineString",
        "coordinates": [
          [
            12.801236818891859,
            63.41154852584513
          ],
          [
            10.647873663780057,
            65.01172218691426
          ]
        ]
      }
    },
    {
      "type": "Feature",
      "properties": {
        "discharge_m3_s": 2300.97,
        "drainage_km2": 106509.13
      },
      "geometry": {
        "type": "LineString",
        "coordinates": [
          [
            15.550396522097058,
            63.13254988128175
          ],
          [
            13.610387252088278,
            64.76701459986457
          ]
        ]
      }
    },
    {
      "type": "Feature",
      "properties": {
        "discharge_m3_s": 1932.74,
        "drainage_km2": 106348.57
      },
      "geometry": {
        "type": "LineString",
        "coordinates": [
          [
            18.24575861646329,
            62.8009904154507
          ],
          [
            16.51615856111638,
            64.46406379200258
          ]
        ]
      }
    },
    {
      "type": "Feature",
      "properties": {
        "discharge_m3_s": 1879.06,
        "drainage_km2": 106163.32
      },
      "geometry": {
        "type": "LineString",
        "coordinates": [
          [
            20.880481027811335,
            62.41847695951148
          ],
          [
            19.355721538830174,
            64.10467546040248
          ]
        ]
      }
    },
    {
      "type": "Feature",
      "properties": {
        "discharge_m3_s": 791.97,
        "drainage_km2": 266282.2
      },
      "geometry": {
        "type": "LineString",
        "coordinates": [
          [
            53.12211674425074,
            50.87856879528595
          ],
          [
            56.272427833744906,
            50.480021975957676
          ]
        ]
      }
    },
    {
      "type": "Feature",
      "properties": {
        "discharge_m3_s": 274.68,
        "drainage_km2": 159205.72
      },
      "geometry": {
        "type": "LineString",
        "coordinates": [
          [
            54.5722310224136,
            49.903611368281545
          ],
          [
            56.272427833744906,
            50.480021975957676
          ]
        ]
      }
    },
    {
      "type": "Feature",
      "properties": {
        "discharge_m3_s": 3898.19,
        "drainage_km2": 149409.77
      },
      "geometry": {
        "type": "LineString",
        "coordinates": [
          [
            7.6395232174854675,
            65.19666220170714
          ],
          [
            4.91096198382538,
            66.72047030474911
          ]
        ]
      }
    },
    {
      "type": "Feature",
      "properties": {
        "discharge_m3_s": 3589.76,
        "drainage_km2": 149260.39
      },
      "geometry": {
        "type": "LineString",
        "coordinates": [
          [
            10.647873663780057,
            65.01172218691426
          ],
          [
            8.156099078726099,
            66.58520442383507
          ]
        ]
      }
    },
    {
      "type": "Feature",
      "properties": {
        "discharge_m3_s": 2641.91,
        "drainage_km2": 128672.85
      },
      "geometry": {
        "type": "LineString",
        "coordinates": [
          [
            13.610387252088278,
            64.76701459986457
          ],
          [
            11.358996803387003,
            66.38363719500373
          ]
        ]
      }
    },
    {
      "type": "Feature",
      "properties": {
        "discharge_m3_s": 2292.59,
        "drainage_km2": 128479.68
      },
      "geometry": {
        "type": "LineString",
        "coordinates": [
          [
            16.51615856111638,
            64.46406379200258
          ],
          [
            14.504707539151632,
            66.1173039022847
          ]
        ]
      }
    },
    {
      "type": "Feature",
      "properties": {
        "discharge_m3_s": 2350.34,
        "drainage_km2": 128255.05
      },
      "geometry": {
        "type": "LineString",
        "coordinates": [
          [
            19.355721538830174,
            64.10467546040248
          ],
          [
            17.580044619377592,
            65.78815355091179
          ]
        ]
      }
    },
    {
      "type": "Feature",
      "properties": {
        "discharge_m3_s": 2237.75,
        "drainage_km2": 107382.59
      },
      "geometry": {
        "type": "LineString",
        "coordinates": [
          [
            22.121173901823227,
            63.69088154167328
          ],
          [
            20.57384854635626,
            65.39847641699671
          ]
        ]
      }
    },
    {
      "type": "Feature",
      "properties": {
        "discharge_m3_s": 2344.06,
        "drainage_km2": 107130.0
      },
      "geometry": {
        "type": "LineString",
        "coordinates": [
          [
            24.806220677098455,
            63.22488347676223
          ],
          [
            23.477121426776314,
            64.95082578910863
          ]
        ]
      }
    },
    {
      "type": "Feature",
      "properties": {
        "discharge_m3_s": 1260.26,
        "drainage_km2": 586679.8
      },
      "geometry": {
        "type": "LineString",
        "coordinates": [
          [
            56.272427833744906,
            50.480021975957676
          ],
          [
            59.32941117536289,
            49.95789710445915
          ]
        ]
      }
    },
    {
      "type": "Feature",
      "properties": {
        "discharge_m3_s": 2992.56,
        "drainage_km2": 151100.72
      },
      "geometry": {
        "type": "LineString",
        "coordinates": [
          [
            11.358996803387003,
            66.38363719500373
          ],
          [
            8.73384741234392,
            67.97175430658383
          ]
        ]
      }
    },
    {
      "type": "Feature",
      "properties": {
        "discharge_m3_s": 2662.73,
        "drainage_km2": 150878.39
      },
      "geometry": {
        "type": "LineString",
        "coordinates": [
          [
            14.504707539151632,
            66.1173039022847
          ],
          [
            12.152309740060511,
            67.75175843945014
          ]
        ]
      }
    },
    {
      "type": "Feature",
      "properties": {
        "discharge_m3_s": 2740.7,
        "drainage_km2": 150617.15
      },
      "geometry": {
        "type": "LineString",
        "coordinates": [
          [
            17.580044619377592,
            65.78815355091179
          ],
          [
            15.499142255686925,
            67.46155502153027
          ]
        ]
      }
    },
    {
      "type": "Feature",
      "properties": {
        "discharge_m3_s": 2762.12,
        "drainage_km2": 129700.54
      },
      "geometry": {
        "type": "LineString",
        "coordinates": [
          [
            20.57384854635626,
            65.39847641699671
          ],
          [
            18.75844481430177,
            67.1036320011489
          ]
        ]
      }
    },
    {
      "type": "Feature",
      "properties": {
        "discharge_m3_s": 2846.35,
        "drainage_km2": 129396.11
      },
      "geometry": {
        "type": "LineString",
        "coordinates": [
          [
            23.477121426776314,
            64.95082578910863
          ],
          [
            21.917178913159823,
            66.68088537125267
          ]
        ]
      }
    },
    {
      "type": "Feature",
      "properties": {
        "discharge_m3_s": 1839.36,
        "drainage_km2": 108245.7
      },
      "geometry": {
        "type": "LineString",
        "coordinates": [
          [
            26.283038969261646,
            64.44793930971322
          ],
          [
            24.965290662294837,
            66.19650854125783
          ]
        ]
      }
    },
    {
      "type": "Feature",
      "properties": {
        "discharge_m3_s": 1527.62,
        "drainage_km2": 107917.46
      },
      "geometry": {
        "type": "LineString",
        "coordinates": [
          [
            28.986859662521137,
            63.892664456718336
          ],
          [
            27.89565046892306,
            65.65388428648164
          ]
        ]
      }
    },
    {
      "type": "Feature",
      "properties": {
        "discharge_m3_s": 884.99,
        "drainage_km2": 129124.42
      },
      "geometry": {
        "type": "LineString",
        "coordinates": [
          [
            36.46569872800932,
            61.94129254548452
          ],
          [
            40.70389365354756,
            62.18742407406851
          ]
        ]
      }
    },
    {
      "type": "Feature",
      "properties": {
        "discharge_m3_s": 1853.93,
        "drainage_km2": 707578.63
      },
      "geometry": {
        "type": "LineString",
        "coordinates": [
          [
            59.32941117536289,
            49.95789710445915
          ],
          [
            60.60290330746819,
            48.86945870043562
          ]
        ]
      }
    },
    {
      "type": "Feature",
      "properties": {
        "discharge_m3_s": 2132.82,
        "drainage_km2": 826546.99
      },
      "geometry": {
        "type": "LineString",
        "coordinates": [
          [
            60.60290330746819,
            48.86945870043562
          ],
          [
            61.82649320580484,
            47.76327341214298
          ]
        ]
      }
    },
    {
      "type": "Feature",
      "properties": {
        "discharge_m3_s": 2354.56,
        "drainage_km2": 924743.21
      },
      "geometry": {
        "type": "LineString",
        "coordinates": [
          [
            61.82649320580484,
            47.76327341214298
          ],
          [
            63.003394582843256,
            46.640168981636506
          ]
        ]
      }
    },
    {
      "type": "Feature",
      "properties": {
        "discharge_m3_s": 2762.59,
        "drainage_km2": 173237.55
      },
      "geometry": {
        "type": "LineString",
        "coordinates": [
          [
            15.499142255686925,
            67.46155502153027
          ],
          [
            13.043709928175634,
            69.1153839327366
          ]
        ]
      }
    },
    {
      "type": "Feature",
      "properties": {
        "discharge_m3_s": 2786.98,
        "drainage_km2": 152280.45
      },
      "geometry": {
        "type": "LineString",
        "coordinates": [
          [
            18.75844481430177,
            67.1036320011489
          ],
          [
            16.6122048137943,
            68.79869000938992
          ]
        ]
      }
    },
    {
      "type": "Feature",
      "properties": {
        "discharge_m3_s": 3291.8,
        "drainage_km2": 151927.24
      },
      "geometry": {
        "type": "LineString",
        "coordinates": [
          [
            21.917178913159823,
            66.68088537125267
          ],
          [
            20.07139108989488,
            68.40902800378367
          ]
        ]
      }
    },
    {
      "type": "Feature",
      "properties": {
        "discharge_m3_s": 2299.62,
        "drainage_km2": 130719.62
      },
      "geometry": {
        "type": "LineString",
        "coordinates": [
          [
            24.965290662294837,
            66.19650854125783
          ],
          [
            29.662972183948362,
            66.8402681119423
          ]
        ]
      }
    },
    {
      "type": "Feature",
      "properties": {
        "discharge_m3_s": 2027.59,
        "drainage_km2": 130325.63
      },
      "geometry": {
        "type": "LineString",
        "coordinates": [
          [
            27.89565046892306,
            65.65388428648164
          ],
          [
            29.662972183948362,
            66.8402681119423
          ]
        ]
      }
    },
    {
      "type": "Feature",
      "properties": {
        "discharge_m3_s": 1645.01,
        "drainage_km2": 108927.92
      },
      "geometry": {
        "type": "LineString",
        "coordinates": [
          [
            30.703848916507624,
            65.05648578935214
          ],
          [
            29.662972183948362,
            66.8402681119423
          ]
        ]
      }
    },
    {
      "type": "Feature",
      "properties": {
        "discharge_m3_s": 2342.96,
        "drainage_km2": 151070.08
      },
      "geometry": {
        "type": "LineString",
        "coordinates": [
          [
            40.70389365354756,
            62.18742407406851
          ],
          [
            44.999999999999986,
            62.27008629391104
          ]
        ]
      }
    },
    {
      "type": "Feature",
      "properties": {
        "discharge_m3_s": 1025.65,
        "drainage_km2": 171326.38
      },
      "geometry": {
        "type": "LineString",
        "coordinates": [
          [
            45.00000000000001,
            60.50942706981809
          ],
          [
            47.09286673163331,
            61.36630024859489
          ]
        ]
      }
    },
    {
      "type": "Feature",
      "properties": {
        "discharge_m3_s": 2811.46,
        "drainage_km2": 175109.15
      },
      "geometry": {
        "type": "LineString",
        "coordinates": [
          [
            16.6122048137943,
            68.79869000938992
          ],
          [
            14.053359381615154,
            70.47361640692876
          ]
        ]
      }
    },
    {
      "type": "Feature",
      "properties": {
        "discharge_m3_s": 3378.61,
        "drainage_km2": 220361.06
      },
      "geometry": {
        "type": "LineString",
        "coordinates": [
          [
            20.07139108989488,
            68.40902800378367
          ],
          [
            17.867062148894306,
            70.12734448353255
          ]
        ]
      }
    },
    {
      "type": "Feature",
      "properties": {
        "discharge_m3_s": 7085.94,
        "drainage_km2": 438090.03
      },
      "geometry": {
        "type": "LineString",
        "coordinates": [
          [
            29.662972183948362,
            66.8402681119423
          ],
          [
            34.61795556682032,
            67.31353149120909
          ]
        ]
      }
    },
    {
      "type": "Feature",
      "properties": {
        "discharge_m3_s": 4312.85,
        "drainage_km2": 173035.68
      },
      "geometry": {
        "type": "LineString",
        "coordinates": [
          [
            44.999999999999986,
            62.27008629391104
          ],
          [
            49.29610634645245,
            62.18742407406851
          ]
        ]
      }
    },
    {
      "type": "Feature",
      "properties": {
        "discharge_m3_s": 1646.95,
        "drainage_km2": 343372.62
      },
      "geometry": {
        "type": "LineString",
        "coordinates": [
          [
            47.09286673163331,
            61.36630024859489
          ],
          [
            51.25142447467553,
            61.20499681672141
          ]
        ]
      }
    },
    {
      "type": "Feature",
      "properties": {
        "discharge_m3_s": 8201.11,
        "drainage_km2": 460776.4
      },
      "geometry": {
        "type": "LineString",
        "coordinates": [
          [
            34.61795556682032,
            67.31353149120909
          ],
          [
            39.759738683181055,
            67.60321145194791
          ]
        ]
      }
    },
    {
      "type": "Feature",
      "properties": {
        "discharge_m3_s": 5729.33,
        "drainage_km2": 156244.17
      },
      "geometry": {
        "type": "LineString",
        "coordinates": [
          [
            37.457188990920116,
            66.56892860152135
          ],
          [
            42.47071523299573,
            66.75715620333376
          ]
        ]
      }
    },
    {
      "type": "Feature",
      "properties": {
        "discharge_m3_s": 9924.06,
        "drainage_km2": 483516.7
      },
      "geometry": {
        "type": "LineString",
        "coordinates": [
          [
            39.759738683181055,
            67.60321145194791
          ],
          [
            44.99999999999998,
            67.70076297233861
          ]
        ]
      }
    },
    {
      "type": "Feature",
      "properties": {
        "discharge_m3_s": 7545.83,
        "drainage_km2": 178869.82
      },
      "geometry": {
        "type": "LineString",
        "coordinates": [
          [
            42.47071523299573,
            66.75715620333376
          ],
          [
            47.529284767004256,
            66.75715620333376
          ]
        ]
      }
    },
    {
      "type": "Feature",
      "properties": {
        "discharge_m3_s": 677.05,
        "drainage_km2": 162186.34
      },
      "geometry": {
        "type": "LineString",
        "coordinates": [
          [
            39.31497503707167,
            69.45261412226041
          ],
          [
            45.0,
            69.55737263152541
          ]
        ]
      }
    },
    {
      "type": "Feature",
      "properties": {
        "discharge_m3_s": 1461.92,
        "drainage_km2": 369873.29
      },
      "geometry": {
        "type": "LineString",
        "coordinates": [
          [
            66.6607313069737,
            59.05969520246118
          ],
          [
            63.06931103798885,
            59.80298619260823
          ]
        ]
      }
    },
    {
      "type": "Feature",
      "properties": {
        "discharge_m3_s": 217.98,
        "drainage_km2": 224644.38
      },
      "geometry": {
        "type": "LineString",
        "coordinates": [
          [
            70.0370367429344,
            58.19796147420233
          ],
          [
            66.6607313069737,
            59.05969520246118
          ]
        ]
      }
    },
    {
      "type": "Feature",
      "properties": {
        "discharge_m3_s": 630.68,
        "drainage_km2": 189012.64
      },
      "geometry": {
        "type": "LineString",
        "coordinates": [
          [
            60.97662190683748,
            71.65233316532297
          ],
          [
            59.55685561708051,
            69.82367630939453
          ]
        ]
      }
    },
    {
      "type": "Feature",
      "properties": {
        "discharge_m3_s": 270.12,
        "drainage_km2": 117530.79
      },
      "geometry": {
        "type": "LineString",
        "coordinates": [
          [
            63.074072545193424,
            70.43898176949953
          ],
          [
            61.57770069463865,
            68.6358893029189
          ]
        ]
      }
    },
    {
      "type": "Feature",
      "properties": {
        "discharge_m3_s": 941.69,
        "drainage_km2": 214947.14
      },
      "geometry": {
        "type": "LineString",
        "coordinates": [
          [
            45.0,
            79.1274284864095
          ],
          [
            45.0,
            81.08671790272412
          ]
        ]
      }
    },
    {
      "type": "Feature",
      "properties": {
        "discharge_m3_s": 407.6,
        "drainage_km2": 95442.25
      },
      "geometry": {
        "type": "LineString",
        "coordinates": [
          [
            49.83240502416654,
            78.10952044280687
          ],
          [
            45.0,
            79.1274284864095
          ]
        ]
      }
    },
    {
      "type": "Feature",
      "properties": {
        "discharge_m3_s": 358.93,
        "drainage_km2": 94782.5
      },
      "geometry": {
        "type": "LineString",
        "coordinates": [
          [
            60.23495670185315,
            74.69952225734964
          ],
          [
            62.738149181973846,
            73.48466315602163
          ]
        ]
      }
    },
    {
      "type": "Feature",
      "properties": {
        "discharge_m3_s": 534.7,
        "drainage_km2": 165760.21
      },
      "geometry": {
        "type": "LineString",
        "coordinates": [
          [
            62.738149181973846,
            73.48466315602163
          ],
          [
            60.97662190683748,
            71.65233316532297
          ]
        ]
      }
    },
    {
      "type": "Feature",
      "properties": {
        "discharge_m3_s": 230.92,
        "drainage_km2": 94438.88
      },
      "geometry": {
        "type": "LineString",
        "coordinates": [
          [
            64.90439592360154,
            72.24372479530484
          ],
          [
            63.074072545193424,
            70.43898176949953
          ]
        ]
      }
    },
    {
      "type": "Feature",
      "properties": {
        "discharge_m3_s": 1622.03,
        "drainage_km2": 305672.08
      },
      "geometry": {
        "type": "LineString",
        "coordinates": [
          [
            66.79446053560531,
            70.9817239918795
          ],
          [
            64.93423583645331,
            69.20370024046544
          ]
        ]
      }
    },
    {
      "type": "Feature",
      "properties": {
        "discharge_m3_s": 1578.98,
        "drainage_km2": 282518.57
      },
      "geometry": {
        "type": "LineString",
        "coordinates": [
          [
            69.0724622083305,
            72.7516953097383
          ],
          [
            66.79446053560531,
            70.9817239918795
          ]
        ]
      }
    },
    {
      "type": "Feature",
      "properties": {
        "discharge_m3_s": 1430.15,
        "drainage_km2": 212454.12
      },
      "geometry": {
        "type": "LineString",
        "coordinates": [
          [
            71.90648007611632,
            74.50231863513002
          ],
          [
            69.0724622083305,
            72.7516953097383
          ]
        ]
      }
    },
    {
      "type": "Feature",
      "properties": {
        "discharge_m3_s": 317.69,
        "drainage_km2": 104885.69
      },
      "geometry": {
        "type": "LineString",
        "coordinates": [
          [
            82.45970507907509,
            56.72527061497755
          ],
          [
            84.88296557410429,
            55.44006260916572
          ]
        ]
      }
    },
    {
      "type": "Feature",
      "properties": {
        "discharge_m3_s": 605.69,
        "drainage_km2": 94480.8
      },
      "geometry": {
        "type": "LineString",
        "coordinates": [
          [
            76.87901483034085,
            74.85651091072823
          ],
          [
            71.90648007611632,
            74.50231863513002
          ]
        ]
      }
    },
    {
      "type": "Feature",
      "properties": {
        "discharge_m3_s": 390.76,
        "drainage_km2": 125150.54
      },
      "geometry": {
        "type": "LineString",
        "coordinates": [
          [
            84.60530267589613,
            56.83675805772637
          ],
          [
            84.88296557410429,
            55.44006260916572
          ]
        ]
      }
    },
    {
      "type": "Feature",
      "properties": {
        "discharge_m3_s": 12839.36,
        "drainage_km2": 5269735.73
      },
      "geometry": {
        "type": "LineString",
        "coordinates": [
          [
            93.78375125865583,
            47.04702526171573
          ],
          [
            92.38522476283855,
            48.490979023797
          ]
        ]
      }
    },
    {
      "type": "Feature",
      "properties": {
        "discharge_m3_s": 12269.67,
        "drainage_km2": 5216323.05
      },
      "geometry": {
        "type": "LineString",
        "coordinates": [
          [
            93.60276058662615,
            45.64646794182029
          ],
          [
            93.78375125865583,
            47.04702526171573
          ]
        ]
      }
    },
    {
      "type": "Feature",
      "properties": {
        "discharge_m3_s": 2629.74,
        "drainage_km2": 200743.73
      },
      "geometry": {
        "type": "LineString",
        "coordinates": [
          [
            97.92416090604706,
            45.42831851341699
          ],
          [
            96.328125,
            44.12185554901666
          ]
        ]
      }
    },
    {
      "type": "Feature",
      "properties": {
        "discharge_m3_s": 2525.84,
        "drainage_km2": 183170.59
      },
      "geometry": {
        "type": "LineString",
        "coordinates": [
          [
            99.82655402680994,
            46.68689850591335
          ],
          [
            97.92416090604706,
            45.42831851341699
          ]
        ]
      }
    },
    {
      "type": "Feature",
      "properties": {
        "discharge_m3_s": 1908.65,
        "drainage_km2": 109586.7
      },
      "geometry": {
        "type": "LineString",
        "coordinates": [
          [
            101.33335063257793,
            46.54639244060009
          ],
          [
            99.82655402680994,
            46.68689850591335
          ]
        ]
      }
    },
    {
      "type": "Feature",
      "properties": {
        "discharge_m3_s": 155.65,
        "drainage_km2": 273736.45
      },
      "geometry": {
        "type": "LineString",
        "coordinates": [
          [
            109.42119930113596,
            44.025096443071575
          ],
          [
            107.578125,
            42.92868959261079
          ]
        ]
      }
    },
    {
      "type": "Feature",
      "properties": {
        "discharge_m3_s": 81.25,
        "drainage_km2": 219239.72
      },
      "geometry": {
        "type": "LineString",
        "coordinates": [
          [
            110.85420818256162,
            43.76253951922125
          ],
          [
            109.42119930113596,
            44.025096443071575
          ]
        ]
      }
    },
    {
      "type": "Feature",
      "properties": {
        "discharge_m3_s": 8946.0,
        "drainage_km2": 375446.95
      },
      "geometry": {
        "type": "LineString",
        "coordinates": [
          [
            -103.67902457514664,
            -44.87887361277272
          ],
          [
            -103.359375,
            -43.51157942641988
          ]
        ]
      }
    },
    {
      "type": "Feature",
      "properties": {
        "discharge_m3_s": 5926.33,
        "drainage_km2": 245773.52
      },
      "geometry": {
        "type": "LineString",
        "coordinates": [
          [
            -104.34038451556722,
            -46.20409831739556
          ],
          [
            -103.67902457514664,
            -44.87887361277272
          ]
        ]
      }
    },
    {
      "type": "Feature",
      "properties": {
        "discharge_m3_s": 2806.22,
        "drainage_km2": 91948.04
      },
      "geometry": {
        "type": "LineString",
        "coordinates": [
          [
            -102.24130547148853,
            -45.044317837028196
          ],
          [
            -103.359375,
            -43.51157942641988
          ]
        ]
      }
    },
    {
      "type": "Feature",
      "properties": {
        "discharge_m3_s": 2682.89,
        "drainage_km2": 93825.33
      },
      "geometry": {
        "type": "LineString",
        "coordinates": [
          [
            -102.83804668531167,
            -46.38550081525895
          ],
          [
            -103.67902457514664,
            -44.87887361277272
          ]
        ]
      }
    },
    {
      "type": "Feature",
      "properties": {
        "discharge_m3_s": 5086.54,
        "drainage_km2": 190714.48
      },
      "geometry": {
        "type": "LineString",
        "coordinates": [
          [
            -103.46412799014038,
            -47.72199328879438
          ],
          [
            -104.34038451556722,
            -46.20409831739556
          ]
        ]
      }
    },
    {
      "type": "Feature",
      "properties": {
        "discharge_m3_s": 2981.55,
        "drainage_km2": 91841.64
      },
      "geometry": {
        "type": "LineString",
        "coordinates": [
          [
            -100.80286837200612,
            -45.190939880149564
          ],
          [
            -101.953125,
            -43.669288455611515
          ]
        ]
      }
    },
    {
      "type": "Feature",
      "properties": {
        "discharge_m3_s": 2641.66,
        "drainage_km2": 91750.71
      },
      "geometry": {
        "type": "LineString",
        "coordinates": [
          [
            -99.36379301863947,
            -45.31889485987552
          ],
          [
            -100.546875,
            -43.809020431394856
          ]
        ]
      }
    },
    {
      "type": "Feature",
      "properties": {
        "discharge_m3_s": 1924.65,
        "drainage_km2": 121859.01
      },
      "geometry": {
        "type": "LineString",
        "coordinates": [
          [
            -102.43014442460543,
            -57.74920355467618
          ],
          [
            -105.43350331061747,
            -58.84200349547575
          ]
        ]
      }
    },
    {
      "type": "Feature",
      "properties": {
        "discharge_m3_s": 1815.11,
        "drainage_km2": 121232.98
      },
      "geometry": {
        "type": "LineString",
        "coordinates": [
          [
            -100.20263756311641,
            -57.95006368007751
          ],
          [
            -103.11775779763474,
            -59.10230256216138
          ]
        ]
      }
    },
    {
      "type": "Feature",
      "properties": {
        "discharge_m3_s": 1364.96,
        "drainage_km2": 100439.84
      },
      "geometry": {
        "type": "LineString",
        "coordinates": [
          [
            -97.54029492092492,
            -56.72527061497755
          ],
          [
            -100.20263756311641,
            -57.95006368007751
          ]
        ]
      }
    },
    {
      "type": "Feature",
      "properties": {
        "discharge_m3_s": 3331.13,
        "drainage_km2": 160402.2
      },
      "geometry": {
        "type": "LineString",
        "coordinates": [
          [
            -92.16174361657662,
            -45.682735726688996
          ],
          [
            -93.515625,
            -44.242929645237375
          ]
        ]
      }
    },
    {
      "type": "Feature",
      "properties": {
        "discharge_m3_s": 2767.98,
        "drainage_km2": 142896.68
      },
      "geometry": {
        "type": "LineString",
        "coordinates": [
          [
            -90.75689490571581,
            -47.10688198880187
          ],
          [
            -92.16174361657662,
            -45.682735726688996
          ]
        ]
      }
    },
    {
      "type": "Feature",
      "properties": {
        "discharge_m3_s": 5894.87,
        "drainage_km2": 334587.96
      },
      "geometry": {
        "type": "LineString",
        "coordinates": [
          [
            78.80992670883197,
            -79.2534468692634
          ],
          [
            86.68224460100544,
            -78.02738572463272
          ]
        ]
      }
    },
    {
      "type": "Feature",
      "properties": {
        "discharge_m3_s": 1636.61,
        "drainage_km2": 195262.33
      },
      "geometry": {
        "type": "LineString",
        "coordinates": [
          [
            -84.88296557410429,
            -55.44006260916572
          ],
          [
            -84.60530267589613,
            -56.83675805772637
          ]
        ]
      }
    },
    {
      "type": "Feature",
      "properties": {
        "discharge_m3_s": 1079.26,
        "drainage_km2": 95875.65
      },
      "geometry": {
        "type": "LineString",
        "coordinates": [
          [
            65.66043165606689,
            -81.52161308169971
          ],
          [
            52.16981549045686,
            -82.00752202862016
          ]
        ]
      }
    },
    {
      "type": "Feature",
      "properties": {
        "discharge_m3_s": 2580.76,
        "drainage_km2": 94727.02
      },
      "geometry": {
        "type": "LineString",
        "coordinates": [
          [
            73.81713623021557,
            -77.5687593087241
          ],
          [
            78.80992670883197,
            -79.2534468692634
          ]
        ]
      }
    },
    {
      "type": "Feature",
      "properties": {
        "discharge_m3_s": 2418.7,
        "drainage_km2": 93682.03
      },
      "geometry": {
        "type": "LineString",
        "coordinates": [
          [
            78.0385511980122,
            -73.48854640265246
          ],
          [
            82.76162617942896,
            -73.7050762292457
          ]
        ]
      }
    },
    {
      "type": "Feature",
      "properties": {
        "discharge_m3_s": 39399.4,
        "drainage_km2": 2090245.9
      },
      "geometry": {
        "type": "LineString",
        "coordinates": [
          [
            79.02493078833098,
            -72.11507408192294
          ],
          [
            82.76162617942896,
            -73.7050762292457
          ]
        ]
      }
    },
    {
      "type": "Feature",
      "properties": {
        "discharge_m3_s": 696.36,
        "drainage_km2": 97249.95
      },
      "geometry": {
        "type": "LineString",
        "coordinates": [
          [
            -82.8457768966202,
            -55.337676051116226
          ],
          [
            -84.60530267589613,
            -56.83675805772637
          ]
        ]
      }
    },
    {
      "type": "Feature",
      "properties": {
        "discharge_m3_s": 1193.69,
        "drainage_km2": 120090.03
      },
      "geometry": {
        "type": "LineString",
        "coordinates": [
          [
            52.16981549045686,
            -82.00752202862016
          ],
          [
            37.830184509543145,
            -82.00752202862016
          ]
        ]
      }
    },
    {
      "type": "Feature",
      "properties": {
        "discharge_m3_s": 38902.42,
        "drainage_km2": 2066969.59
      },
      "geometry": {
        "type": "LineString",
        "coordinates": [
          [
            75.94664061838485,
            -70.47361640692876
          ],
          [
            79.02493078833098,
            -72.11507408192294
          ]
        ]
      }
    },
    {
      "type": "Feature",
      "properties": {
        "discharge_m3_s": 2317.97,
        "drainage_km2": 336674.64
      },
      "geometry": {
        "type": "LineString",
        "coordinates": [
          [
            37.830184509543145,
            -82.00752202862016
          ],
          [
            28.986021743361736,
            -82.77467639203658
          ]
        ]
      }
    },
    {
      "type": "Feature",
      "properties": {
        "discharge_m3_s": 37925.91,
        "drainage_km2": 1885576.15
      },
      "geometry": {
        "type": "LineString",
        "coordinates": [
          [
            70.70698482510821,
            -71.44576996296583
          ],
          [
            75.94664061838485,
            -70.47361640692876
          ]
        ]
      }
    },
    {
      "type": "Feature",
      "properties": {
        "discharge_m3_s": 519.29,
        "drainage_km2": 112923.16
      },
      "geometry": {
        "type": "LineString",
        "coordinates": [
          [
            72.1329378511057,
            -70.12734448353255
          ],
          [
            75.94664061838485,
            -70.47361640692876
          ]
        ]
      }
    },
    {
      "type": "Feature",
      "properties": {
        "discharge_m3_s": 19879.79,
        "drainage_km2": 704002.23
      },
      "geometry": {
        "type": "LineString",
        "coordinates": [
          [
            32.37690311712085,
            -80.8641350260091
          ],
          [
            28.986021743361736,
            -82.77467639203658
          ]
        ]
      }
    },
    {
      "type": "Feature",
      "properties": {
        "discharge_m3_s": 572.11,
        "drainage_km2": 120066.17
      },
      "geometry": {
        "type": "LineString",
        "coordinates": [
          [
            39.23263023293934,
            -80.05480747922608
          ],
          [
            37.830184509543145,
            -82.00752202862016
          ]
        ]
      }
    },
    {
      "type": "Feature",
      "properties": {
        "discharge_m3_s": 34515.99,
        "drainage_km2": 1331330.45
      },
      "geometry": {
        "type": "LineString",
        "coordinates": [
          [
            66.79446053560531,
            -70.9817239918795
          ],
          [
            70.70698482510821,
            -71.44576996296583
          ]
        ]
      }
    },
    {
      "type": "Feature",
      "properties": {
        "discharge_m3_s": 1196.82,
        "drainage_km2": 413948.69
      },
      "geometry": {
        "type": "LineString",
        "coordinates": [
          [
            68.45644724099303,
            -69.70250087905315
          ],
          [
            70.70698482510821,
            -71.44576996296583
          ]
        ]
      }
    },
    {
      "type": "Feature",
      "properties": {
        "discharge_m3_s": 399.06,
        "drainage_km2": 89899.65
      },
      "geometry": {
        "type": "LineString",
        "coordinates": [
          [
            69.92860891010511,
            -68.40902800378367
          ],
          [
            72.1329378511057,
            -70.12734448353255
          ]
        ]
      }
    },
    {
      "type": "Feature",
      "properties": {
        "discharge_m3_s": 219.65,
        "drainage_km2": 90134.4
      },
      "geometry": {
        "type": "LineString",
        "coordinates": [
          [
            -79.17432616116798,
            -49.41426394170525
          ],
          [
            -76.90413048041557,
            -50.589493647746444
          ]
        ]
      }
    },
    {
      "type": "Feature",
      "properties": {
        "discharge_m3_s": 314.88,
        "drainage_km2": 91684.44
      },
      "geometry": {
        "type": "LineString",
        "coordinates": [
          [
            -78.63278918900811,
            -50.77320804307706
          ],
          [
            -76.24949978890152,
            -51.92849173297546
          ]
        ]
      }
    },
    {
      "type": "Feature",
      "properties": {
        "discharge_m3_s": 1207.04,
        "drainage_km2": 246345.36
      },
      "geometry": {
        "type": "LineString",
        "coordinates": [
          [
            -78.0592312104931,
            -52.128668232899685
          ],
          [
            -76.24949978890152,
            -51.92849173297546
          ]
        ]
      }
    },
    {
      "type": "Feature",
      "properties": {
        "discharge_m3_s": 16.25,
        "drainage_km2": 94919.17
      },
      "geometry": {
        "type": "LineString",
        "coordinates": [
          [
            -49.16643443665748,
            -76.17546083735691
          ],
          [
            -57.31797087489284,
            -75.8816768837517
          ]
        ]
      }
    },
    {
      "type": "Feature",
      "properties": {
        "discharge_m3_s": 83.5,
        "drainage_km2": 95349.88
      },
      "geometry": {
        "type": "LineString",
        "coordinates": [
          [
            -34.57574428556833,
            -78.94280514985546
          ],
          [
            -32.37690311712085,
            -80.8641350260091
          ]
        ]
      }
    },
    {
      "type": "Feature",
      "properties": {
        "discharge_m3_s": 3674.55,
        "drainage_km2": 261686.39
      },
      "geometry": {
        "type": "LineString",
        "coordinates": [
          [
            20.898165452145886,
            -80.22773892569141
          ],
          [
            15.17316990100112,
            -81.98982332835973
          ]
        ]
      }
    },
    {
      "type": "Feature",
      "properties": {
        "discharge_m3_s": 17555.65,
        "drainage_km2": 283301.0
      },
      "geometry": {
        "type": "LineString",
        "coordinates": [
          [
            28.15581196194446,
            -79.65753031901075
          ],
          [
            24.339568343933106,
            -81.52161308169971
          ]
        ]
      }
    },
    {
      "type": "Feature",
      "properties": {
        "discharge_m3_s": 19780.36,
        "drainage_km2": 679859.44
      },
      "geometry": {
        "type": "LineString",
        "coordinates": [
          [
            34.57574428556833,
            -78.94280514985546
          ],
          [
            32.37690311712085,
            -80.8641350260091
          ]
        ]
      }
    },
    {
      "type": "Feature",
      "properties": {
        "discharge_m3_s": 23206.15,
        "drainage_km2": 774809.3
      },
      "geometry": {
        "type": "LineString",
        "coordinates": [
          [
            63.074072545193424,
            -70.43898176949953
          ],
          [
            66.79446053560531,
            -70.9817239918795
          ]
        ]
      }
    },
    {
      "type": "Feature",
      "properties": {
        "discharge_m3_s": 10605.25,
        "drainage_km2": 486796.15
      },
      "geometry": {
        "type": "LineString",
        "coordinates": [
          [
            64.93423583645331,
            -69.20370024046544
          ],
          [
            66.79446053560531,
            -70.9817239918795
          ]
        ]
      }
    },
    {
      "type": "Feature",
      "properties": {
        "discharge_m3_s": 1084.23,
        "drainage_km2": 390973.01
      },
      "geometry": {
        "type": "LineString",
        "coordinates": [
          [
            66.59378163998886,
            -67.95005420306167
          ],
          [
            68.45644724099303,
            -69.70250087905315
          ]
        ]
      }
    },
    {
      "type": "Feature",
      "properties": {
        "discharge_m3_s": 88.68,
        "drainage_km2": 90226.64
      },
      "geometry": {
        "type": "LineString",
        "coordinates": [
          [
            -77.52299276757911,
            -49.245936989704994
          ],
          [
            -75.18385837449561,
            -50.3796281086743
          ]
        ]
      }
    },
    {
      "type": "Feature",
      "properties": {
        "discharge_m3_s": 219.65,
        "drainage_km2": 109275.53
      },
      "geometry": {
        "type": "LineString",
        "coordinates": [
          [
            -76.90413048041557,
            -50.589493647746444
          ],
          [
            -76.24949978890152,
            -51.92849173297546
          ]
        ]
      }
    },
    {
      "type": "Feature",
      "properties": {
        "discharge_m3_s": 1906.99,
        "drainage_km2": 526585.13
      },
      "geometry": {
        "type": "LineString",
        "coordinates": [
          [
            -76.24949978890152,
            -51.92849173297546
          ],
          [
            -74.45107966999329,
            -51.70003079925984
          ]
        ]
      }
    },
    {
      "type": "Feature",
      "properties": {
        "discharge_m3_s": 439.39,
        "drainage_km2": 95356.23
      },
      "geometry": {
        "type": "LineString",
        "coordinates": [
          [
            11.190073291168043,
            -79.2534468692634
          ],
          [
            4.361687551853663,
            -80.83327540737501
          ]
        ]
      }
    },
    {
      "type": "Feature",
      "properties": {
        "discharge_m3_s": 660.14,
        "drainage_km2": 95329.1
      },
      "geometry": {
        "type": "LineString",
        "coordinates": [
          [
            18.261549744724842,
            -78.90730732703533
          ],
          [
            12.893520383398398,
            -80.62709015505075
          ]
        ]
      }
    },
    {
      "type": "Feature",
      "properties": {
        "discharge_m3_s": 3513.4,
        "drainage_km2": 237589.13
      },
      "geometry": {
        "type": "LineString",
        "coordinates": [
          [
            24.821581702786656,
            -78.40739706967797
          ],
          [
            20.898165452145886,
            -80.22773892569141
          ]
        ]
      }
    },
    {
      "type": "Feature",
      "properties": {
        "discharge_m3_s": 17466.02,
        "drainage_km2": 259244.05
      },
      "geometry": {
        "type": "LineString",
        "coordinates": [
          [
            30.779365335427908,
            -77.77248998598672
          ],
          [
            28.15581196194446,
            -79.65753031901075
          ]
        ]
      }
    },
    {
      "type": "Feature",
      "properties": {
        "discharge_m3_s": 19603.1,
        "drainage_km2": 655856.21
      },
      "geometry": {
        "type": "LineString",
        "coordinates": [
          [
            36.10955186781253,
            -77.02229431039203
          ],
          [
            34.57574428556833,
            -78.94280514985546
          ]
        ]
      }
    },
    {
      "type": "Feature",
      "properties": {
        "discharge_m3_s": 21733.06,
        "drainage_km2": 636083.56
      },
      "geometry": {
        "type": "LineString",
        "coordinates": [
          [
            61.57770069463865,
            -68.6358893029189
          ],
          [
            63.074072545193424,
            -70.43898176949953
          ]
        ]
      }
    },
    {
      "type": "Feature",
      "properties": {
        "discharge_m3_s": 10499.99,
        "drainage_km2": 463878.0
      },
      "geometry": {
        "type": "LineString",
        "coordinates": [
          [
            63.394246883913276,
            -67.42574863563529
          ],
          [
            64.93423583645331,
            -69.20370024046544
          ]
        ]
      }
    },
    {
      "type": "Feature",
      "properties": {
        "discharge_m3_s": 979.2,
        "drainage_km2": 368241.8
      },
      "geometry": {
        "type": "LineString",
        "coordinates": [
          [
            65.03470933770517,
            -66.19650854125783
          ],
          [
            66.59378163998886,
            -67.95005420306167
          ]
        ]
      }
    },
    {
      "type": "Feature",
      "properties": {
        "discharge_m3_s": 639.93,
        "drainage_km2": 144286.45
      },
      "geometry": {
        "type": "LineString",
        "coordinates": [
          [
            75.55523321687038,
            -53.262566799829045
          ],
          [
            78.0592312104931,
            -52.128668232899685
          ]
        ]
      }
    },
    {
      "type": "Feature",
      "properties": {
        "discharge_m3_s": 27.4,
        "drainage_km2": 90337.19
      },
      "geometry": {
        "type": "LineString",
        "coordinates": [
          [
            -75.87758062590144,
            -49.0534849640311
          ],
          [
            -75.18385837449561,
            -50.3796281086743
          ]
        ]
      }
    },
    {
      "type": "Feature",
      "properties": {
        "discharge_m3_s": 17694.07,
        "drainage_km2": 1233062.89
      },
      "geometry": {
        "type": "LineString",
        "coordinates": [
          [
            -75.18385837449561,
            -50.3796281086743
          ],
          [
            -74.45107966999329,
            -51.70003079925984
          ]
        ]
      }
    },
    {
      "type": "Feature",
      "properties": {
        "discharge_m3_s": 19616.7,
        "drainage_km2": 1946710.16
      },
      "geometry": {
        "type": "LineString",
        "coordinates": [
          [
            -74.45107966999329,
            -51.70003079925984
          ],
          [
            -71.81143610932062,
            -52.73562210786701
          ]
        ]
      }
    },
    {
      "type": "Feature",
      "properties": {
        "discharge_m3_s": 444.27,
        "drainage_km2": 141591.21
      },
      "geometry": {
        "type": "LineString",
        "coordinates": [
          [
            -73.67515050035078,
            -53.014248856141904
          ],
          [
            -71.81143610932062,
            -52.73562210786701
          ]
        ]
      }
    },
    {
      "type": "Feature",
      "properties": {
        "discharge_m3_s": 17383.07,
        "drainage_km2": 235339.22
      },
      "geometry": {
        "type": "LineString",
        "coordinates": [
          [
            32.682029125107164,
            -75.8816768837517
          ],
          [
            30.779365335427908,
            -77.77248998598672
          ]
        ]
      }
    },
    {
      "type": "Feature",
      "properties": {
        "discharge_m3_s": 19060.6,
        "drainage_km2": 536798.0
      },
      "geometry": {
        "type": "LineString",
        "coordinates": [
          [
            37.23622838242943,
            -75.10919700024581
          ],
          [
            36.10955186781253,
            -77.02229431039203
          ]
        ]
      }
    },
    {
      "type": "Feature",
      "properties": {
        "discharge_m3_s": 13477.61,
        "drainage_km2": 372447.41
      },
      "geometry": {
        "type": "LineString",
        "coordinates": [
          [
            41.330685186301736,
            -74.2554464377838
          ],
          [
            37.23622838242943,
            -75.10919700024581
          ]
        ]
      }
    },
    {
      "type": "Feature",
      "properties": {
        "discharge_m3_s": 546.07,
        "drainage_km2": 93511.39
      },
      "geometry": {
        "type": "LineString",
        "coordinates": [
          [
            45.0,
            -73.3327569862339
          ],
          [
            41.330685186301736,
            -74.2554464377838
          ]
        ]
      }
    },
    {
      "type": "Feature",
      "properties": {
        "discharge_m3_s": 4343.32,
        "drainage_km2": 114861.03
      },
      "geometry": {
        "type": "LineString",
        "coordinates": [
          [
            56.247047297005984,
            -69.14198516337248
          ],
          [
            61.57770069463865,
            -68.6358893029189
          ]
        ]
      }
    },
    {
      "type": "Feature",
      "properties": {
        "discharge_m3_s": 16048.68,
        "drainage_km2": 431014.99
      },
      "geometry": {
        "type": "LineString",
        "coordinates": [
          [
            58.39305251116828,
            -68.00414939498302
          ],
          [
            61.57770069463865,
            -68.6358893029189
          ]
        ]
      }
    },
    {
      "type": "Feature",
      "properties": {
        "discharge_m3_s": 10401.94,
        "drainage_km2": 441209.17
      },
      "geometry": {
        "type": "LineString",
        "coordinates": [
          [
            62.10434953107695,
            -65.65388428648164
          ],
          [
            63.394246883913276,
            -67.42574863563529
          ]
        ]
      }
    },
    {
      "type": "Feature",
      "properties": {
        "discharge_m3_s": 884.09,
        "drainage_km2": 345767.88
      },
      "geometry": {
        "type": "LineString",
        "coordinates": [
          [
            63.716961030738354,
            -64.44793930971322
          ],
          [
            65.03470933770517,
            -66.19650854125783
          ]
        ]
      }
    },
    {
      "type": "Feature",
      "properties": {
        "discharge_m3_s": 382.26,
        "drainage_km2": 193441.19
      },
      "geometry": {
        "type": "LineString",
        "coordinates": [
          [
            65.19377932290155,
            -63.22488347676219
          ],
          [
            63.716961030738354,
            -64.44793930971322
          ]
        ]
      }
    },
    {
      "type": "Feature",
      "properties": {
        "discharge_m3_s": 496.04,
        "drainage_km2": 124464.49
      },
      "geometry": {
        "type": "LineString",
        "coordinates": [
          [
            72.8514332705154,
            -54.32177617192413
          ],
          [
            75.55523321687038,
            -53.262566799829045
          ]
        ]
      }
    },
    {
      "type": "Feature",
      "properties": {
        "discharge_m3_s": 619.95,
        "drainage_km2": 122890.99
      },
      "geometry": {
        "type": "LineString",
        "coordinates": [
          [
            73.67515050035078,
            -53.014248856141904
          ],
          [
            76.24949978890152,
            -51.92849173297546
          ]
        ]
      }
    },
    {
      "type": "Feature",
      "properties": {
        "discharge_m3_s": 770.09,
        "drainage_km2": 121243.13
      },
      "geometry": {
        "type": "LineString",
        "coordinates": [
          [
            74.45107966999329,
            -51.70003079925984
          ],
          [
            76.90413048041556,
            -50.58949364774645
          ]
        ]
      }
    },
    {
      "type": "Feature",
      "properties": {
        "discharge_m3_s": 17578.0,
        "drainage_km2": 1033344.52
      },
      "geometry": {
        "type": "LineString",
        "coordinates": [
          [
            -74.23878519704756,
            -48.83687450603587
          ],
          [
            -75.18385837449561,
            -50.3796281086743
          ]
        ]
      }
    },
    {
      "type": "Feature",
      "properties": {
        "discharge_m3_s": 15.64,
        "drainage_km2": 167567.54
      },
      "geometry": {
        "type": "LineString",
        "coordinates": [
          [
            -73.47293272851962,
            -50.14364419454872
          ],
          [
            -74.45107966999329,
            -51.70003079925984
          ]
        ]
      }
    },
    {
      "type": "Feature",
      "properties": {
        "discharge_m3_s": 21219.65,
        "drainage_km2": 2843756.82
      },
      "geometry": {
        "type": "LineString",
        "coordinates": [
          [
            -71.81143610932062,
            -52.73562210786701
          ],
          [
            -68.98476373489898,
            -53.685487534793225
          ]
        ]
      }
    },
    {
      "type": "Feature",
      "properties": {
        "discharge_m3_s": 4377.25,
        "drainage_km2": 93371.5
      },
      "geometry": {
        "type": "LineString",
        "coordinates": [
          [
            38.0960862247763,
            -73.20787141047316
          ],
          [
            37.23622838242943,
            -75.10919700024581
          ]
        ]
      }
    },
    {
      "type": "Feature",
      "properties": {
        "discharge_m3_s": 12288.66,
        "drainage_km2": 231803.34
      },
      "geometry": {
        "type": "LineString",
        "coordinates": [
          [
            41.71488499068842,
            -72.35177503735756
          ],
          [
            41.330685186301736,
            -74.2554464377838
          ]
        ]
      }
    },
    {
      "type": "Feature",
      "properties": {
        "discharge_m3_s": 4067.05,
        "drainage_km2": 91923.72
      },
      "geometry": {
        "type": "LineString",
        "coordinates": [
          [
            50.68502496292832,
            -69.45261412226041
          ],
          [
            56.247047297005984,
            -69.14198516337248
          ]
        ]
      }
    },
    {
      "type": "Feature",
      "properties": {
        "discharge_m3_s": 4426.14,
        "drainage_km2": 114221.2
      },
      "geometry": {
        "type": "LineString",
        "coordinates": [
          [
            53.143351774858246,
            -68.3999260676286
          ],
          [
            58.39305251116828,
            -68.00414939498302
          ]
        ]
      }
    },
    {
      "type": "Feature",
      "properties": {
        "discharge_m3_s": 4352.9,
        "drainage_km2": 113611.68
      },
      "geometry": {
        "type": "LineString",
        "coordinates": [
          [
            55.382044433179686,
            -67.31353149120909
          ],
          [
            58.39305251116828,
            -68.00414939498302
          ]
        ]
      }
    },
    {
      "type": "Feature",
      "properties": {
        "discharge_m3_s": 7059.97,
        "drainage_km2": 180408.52
      },
      "geometry": {
        "type": "LineString",
        "coordinates": [
          [
            57.42563747809881,
            -66.19781705568187
          ],
          [
            58.39305251116828,
            -68.00414939498302
          ]
        ]
      }
    },
    {
      "type": "Feature",
      "properties": {
        "discharge_m3_s": 10313.34,
        "drainage_km2": 418800.99
      },
      "geometry": {
        "type": "LineString",
        "coordinates": [
          [
            61.01314033747886,
            -63.892664456718336
          ],
          [
            62.10434953107695,
            -65.65388428648164
          ]
        ]
      }
    },
    {
      "type": "Feature",
      "properties": {
        "discharge_m3_s": 335.37,
        "drainage_km2": 108074.78
      },
      "geometry": {
        "type": "LineString",
        "coordinates": [
          [
            62.59385387808201,
            -62.70899692283074
          ],
          [
            63.716961030738354,
            -64.44793930971322
          ]
        ]
      }
    },
    {
      "type": "Feature",
      "properties": {
        "discharge_m3_s": 174.82,
        "drainage_km2": 107013.9
      },
      "geometry": {
        "type": "LineString",
        "coordinates": [
          [
            64.05344385831386,
            -61.507723678289885
          ],
          [
            65.19377932290155,
            -63.22488347676219
          ]
        ]
      }
    },
    {
      "type": "Feature",
      "properties": {
        "discharge_m3_s": 316.66,
        "drainage_km2": 104327.0
      },
      "geometry": {
        "type": "LineString",
        "coordinates": [
          [
            69.94590490143733,
            -55.295002372964255
          ],
          [
            72.8514332705154,
            -54.32177617192413
          ]
        ]
      }
    },
    {
      "type": "Feature",
      "properties": {
        "discharge_m3_s": 450.55,
        "drainage_km2": 103068.73
      },
      "geometry": {
        "type": "LineString",
        "coordinates": [
          [
            70.90678891922192,
            -54.01971454946697
          ],
          [
            73.67515050035078,
            -53.014248856141904
          ]
        ]
      }
    },
    {
      "type": "Feature",
      "properties": {
        "discharge_m3_s": 587.85,
        "drainage_km2": 101748.53
      },
      "geometry": {
        "type": "LineString",
        "coordinates": [
          [
            71.81143610932064,
            -52.735622107866995
          ],
          [
            74.45107966999329,
            -51.70003079925984
          ]
        ]
      }
    },
    {
      "type": "Feature",
      "properties": {
        "discharge_m3_s": 761.85,
        "drainage_km2": 100365.96
      },
      "geometry": {
        "type": "LineString",
        "coordinates": [
          [
            72.66522805600187,
            -51.443400983777295
          ],
          [
            75.1838583744956,
            -50.3796281086743
          ]
        ]
      }
    },
    {
      "type": "Feature",
      "properties": {
        "discharge_m3_s": 17573.29,
        "drainage_km2": 871115.66
      },
      "geometry": {
        "type": "LineString",
        "coordinates": [
          [
            -73.40199347847427,
            -47.30273116208544
          ],
          [
            -74.23878519704756,
            -48.83687450603587
          ]
        ]
      }
    },
    {
      "type": "Feature",
      "properties": {
        "discharge_m3_s": 1158.68,
        "drainage_km2": 716131.95
      },
      "geometry": {
        "type": "LineString",
        "coordinates": [
          [
            -70.89311714555988,
            -51.15872685449744
          ],
          [
            -71.81143610932062,
            -52.73562210786701
          ]
        ]
      }
    },
    {
      "type": "Feature",
      "properties": {
        "discharge_m3_s": 21245.93,
        "drainage_km2": 2883696.95
      },
      "geometry": {
        "type": "LineString",
        "coordinates": [
          [
            -68.98476373489898,
            -53.685487534793225
          ],
          [
            -65.97489771020796,
            -54.5385646022685
          ]
        ]
      }
    },
    {
      "type": "Feature",
      "properties": {
        "discharge_m3_s": 4043.8,
        "drainage_km2": 91377.04
      },
      "geometry": {
        "type": "LineString",
        "coordinates": [
          [
            47.7329988898798,
            -68.6010394289124
          ],
          [
            53.143351774858246,
            -68.3999260676286
          ]
        ]
      }
    },
    {
      "type": "Feature",
      "properties": {
        "discharge_m3_s": 3960.56,
        "drainage_km2": 90925.31
      },
      "geometry": {
        "type": "LineString",
        "coordinates": [
          [
            50.24026131681895,
            -67.60321145194791
          ],
          [
            55.382044433179686,
            -67.31353149120909
          ]
        ]
      }
    },
    {
      "type": "Feature",
      "properties": {
        "discharge_m3_s": 6690.82,
        "drainage_km2": 157892.28
      },
      "geometry": {
        "type": "LineString",
        "coordinates": [
          [
            52.54281100907989,
            -66.56892860152135
          ],
          [
            57.42563747809881,
            -66.19781705568187
          ]
        ]
      }
    },
    {
      "type": "Feature",
      "properties": {
        "discharge_m3_s": 3172.85,
        "drainage_km2": 218687.3
      },
      "geometry": {
        "type": "LineString",
        "coordinates": [
          [
            60.082272467897575,
            -62.14560037429141
          ],
          [
            61.01314033747886,
            -63.892664456718336
          ]
        ]
      }
    },
    {
      "type": "Feature",
      "properties": {
        "discharge_m3_s": 17550.33,
        "drainage_km2": 727666.31
      },
      "geometry": {
        "type": "LineString",
        "coordinates": [
          [
            -72.66300388749009,
            -45.77918139560206
          ],
          [
            -73.40199347847427,
            -47.30273116208544
          ]
        ]
      }
    },
    {
      "type": "Feature",
      "properties": {
        "discharge_m3_s": 52.51,
        "drainage_km2": 128999.31
      },
      "geometry": {
        "type": "LineString",
        "coordinates": [
          [
            -70.08268334040167,
            -49.59345820957299
          ],
          [
            -70.89311714555988,
            -51.15872685449744
          ]
        ]
      }
    },
    {
      "type": "Feature",
      "properties": {
        "discharge_m3_s": 979.04,
        "drainage_km2": 509055.27
      },
      "geometry": {
        "type": "LineString",
        "coordinates": [
          [
            -69.13582898544657,
            -50.84614039201043
          ],
          [
            -70.89311714555988,
            -51.15872685449744
          ]
        ]
      }
    },
    {
      "type": "Feature",
      "properties": {
        "discharge_m3_s": 21802.03,
        "drainage_km2": 3042743.35
      },
      "geometry": {
        "type": "LineString",
        "coordinates": [
          [
            -65.97489771020796,
            -54.5385646022685
          ],
          [
            -64.79684678355636,
            -55.744675566878875
          ]
        ]
      }
    },
    {
      "type": "Feature",
      "properties": {
        "discharge_m3_s": 17458.47,
        "drainage_km2": 583855.47
      },
      "geometry": {
        "type": "LineString",
        "coordinates": [
          [
            -72.01289277967481,
            -44.26776671650081
          ],
          [
            -72.66300388749009,
            -45.77918139560206
          ]
        ]
      }
    },
    {
      "type": "Feature",
      "properties": {
        "discharge_m3_s": 925.14,
        "drainage_km2": 489540.24
      },
      "geometry": {
        "type": "LineString",
        "coordinates": [
          [
            -68.40499159048814,
            -49.279325132816666
          ],
          [
            -69.13582898544657,
            -50.84614039201043
          ]
        ]
      }
    },
    {
      "type": "Feature",
      "properties": {
        "discharge_m3_s": 859.0,
        "drainage_km2": 470325.17
      },
      "geometry": {
        "type": "LineString",
        "coordinates": [
          [
            -67.7624731691328,
            -47.72798834510016
          ],
          [
            -68.40499159048814,
            -49.279325132816666
          ]
        ]
      }
    },
    {
      "type": "Feature",
      "properties": {
        "discharge_m3_s": 22.09,
        "drainage_km2": 93016.09
      },
      "geometry": {
        "type": "LineString",
        "coordinates": [
          [
            -25.065764163546692,
            -69.20370024046544
          ],
          [
            -26.60575311608672,
            -67.42574863563529
          ]
        ]
      }
    },
    {
      "type": "Feature",
      "properties": {
        "discharge_m3_s": 27.07,
        "drainage_km2": 93202.79
      },
      "geometry": {
        "type": "LineString",
        "coordinates": [
          [
            -21.543552759006975,
            -69.70250087905315
          ],
          [
            -23.406218360011138,
            -67.95005420306167
          ]
        ]
      }
    },
    {
      "type": "Feature",
      "properties": {
        "discharge_m3_s": 451.51,
        "drainage_km2": 335123.37
      },
      "geometry": {
        "type": "LineString",
        "coordinates": [
          [
            -67.19942275903357,
            -46.193266849664035
          ],
          [
            -67.7624731691328,
            -47.72798834510016
          ]
        ]
      }
    },
    {
      "type": "Feature",
      "properties": {
        "discharge_m3_s": 27.07,
        "drainage_km2": 115934.0
      },
      "geometry": {
        "type": "LineString",
        "coordinates": [
          [
            -23.406218360011138,
            -67.95005420306167
          ],
          [
            -24.965290662294834,
            -66.19650854125783
          ]
        ]
      }
    },
    {
      "type": "Feature",
      "properties": {
        "discharge_m3_s": 24.16,
        "drainage_km2": 92502.05
      },
      "geometry": {
        "type": "LineString",
        "coordinates": [
          [
            -20.07139108989489,
            -68.40902800378367
          ],
          [
            -21.917178913159823,
            -66.68088537125267
          ]
        ]
      }
    },
    {
      "type": "Feature",
      "properties": {
        "discharge_m3_s": 27.36,
        "drainage_km2": 92636.82
      },
      "geometry": {
        "type": "LineString",
        "coordinates": [
          [
            -16.61220481379431,
            -68.79869000938992
          ],
          [
            -18.758444814301768,
            -67.1036320011489
          ]
        ]
      }
    },
    {
      "type": "Feature",
      "properties": {
        "discharge_m3_s": 30.7,
        "drainage_km2": 92731.96
      },
      "geometry": {
        "type": "LineString",
        "coordinates": [
          [
            -13.04370992817564,
            -69.1153839327366
          ],
          [
            -15.499142255686923,
            -67.46155502153027
          ]
        ]
      }
    },
    {
      "type": "Feature",
      "properties": {
        "discharge_m3_s": 71.99,
        "drainage_km2": 162701.03
      },
      "geometry": {
        "type": "LineString",
        "coordinates": [
          [
            -5.6588732546146865,
            -69.5177918567699
          ],
          [
            -5.262186721629556,
            -68.11956759223156
          ]
        ]
      }
    },
    {
      "type": "Feature",
      "properties": {
        "discharge_m3_s": 368.58,
        "drainage_km2": 221286.43
      },
      "geometry": {
        "type": "LineString",
        "coordinates": [
          [
            -66.70842605009484,
            -44.67597836985765
          ],
          [
            -67.19942275903357,
            -46.193266849664035
          ]
        ]
      }
    },
    {
      "type": "Feature",
      "properties": {
        "discharge_m3_s": 27.36,
        "drainage_km2": 115216.74
      },
      "geometry": {
        "type": "LineString",
        "coordinates": [
          [
            -18.758444814301768,
            -67.1036320011489
          ],
          [
            -20.573848546356263,
            -65.39847641699676
          ]
        ]
      }
    },
    {
      "type": "Feature",
      "properties": {
        "discharge_m3_s": 30.7,
        "drainage_km2": 115352.36
      },
      "geometry": {
        "type": "LineString",
        "coordinates": [
          [
            -15.499142255686923,
            -67.46155502153027
          ],
          [
            -17.580044619377592,
            -65.78815355091179
          ]
        ]
      }
    },
    {
      "type": "Feature",
      "properties": {
        "discharge_m3_s": 71.99,
        "drainage_km2": 277616.58
      },
      "geometry": {
        "type": "LineString",
        "coordinates": [
          [
            -5.262186721629556,
            -68.11956759223156
          ],
          [
            -4.910961983825381,
            -66.72047030474911
          ]
        ]
      }
    },
    {
      "type": "Feature",
      "properties": {
        "discharge_m3_s": 368.58,
        "drainage_km2": 109553.48
      },
      "geometry": {
        "type": "LineString",
        "coordinates": [
          [
            -66.28328062429661,
            -43.17666768071574
          ],
          [
            -66.70842605009484,
            -44.67597836985765
          ]
        ]
      }
    },
    {
      "type": "Feature",
      "properties": {
        "discharge_m3_s": 30.7,
        "drainage_km2": 137714.46
      },
      "geometry": {
        "type": "LineString",
        "coordinates": [
          [
            -17.580044619377592,
            -65.78815355091179
          ],
          [
            -19.35572153883017,
            -64.10467546040248
          ]
        ]
      }
    },
    {
      "type": "Feature",
      "properties": {
        "discharge_m3_s": 71.99,
        "drainage_km2": 414760.82
      },
      "geometry": {
        "type": "LineString",
        "coordinates": [
          [
            -4.910961983825381,
            -66.72047030474911
          ],
          [
            -7.639523217485464,
            -65.19666220170714
          ]
        ]
      }
    },
    {
      "type": "Feature",
      "properties": {
        "discharge_m3_s": 158.47,
        "drainage_km2": 90750.89
      },
      "geometry": {
        "type": "LineString",
        "coordinates": [
          [
            11.358996803387003,
            -66.38363719500373
          ],
          [
            7.639523217485464,
            -65.19666220170714
          ]
        ]
      }
    },
    {
      "type": "Feature",
      "properties": {
        "discharge_m3_s": 312.13,
        "drainage_km2": 90560.65
      },
      "geometry": {
        "type": "LineString",
        "coordinates": [
          [
            14.504707539151632,
            -66.1173039022847
          ],
          [
            10.647873663780056,
            -65.01172218691426
          ]
        ]
      }
    },
    {
      "type": "Feature",
      "properties": {
        "discharge_m3_s": 71.99,
        "drainage_km2": 481847.39
      },
      "geometry": {
        "type": "LineString",
        "coordinates": [
          [
            -7.639523217485464,
            -65.19666220170714
          ],
          [
            -7.174432987230239,
            -63.806425992143815
          ]
        ]
      }
    },
    {
      "type": "Feature",
      "properties": {
        "discharge_m3_s": 158.47,
        "drainage_km2": 112959.93
      },
      "geometry": {
        "type": "LineString",
        "coordinates": [
          [
            7.639523217485464,
            -65.19666220170714
          ],
          [
            4.315641520902645,
            -63.920192694410304
          ]
        ]
      }
    },
    {
      "type": "Feature",
      "properties": {
        "discharge_m3_s": 312.13,
        "drainage_km2": 112750.31
      },
      "geometry": {
        "type": "LineString",
        "coordinates": [
          [
            10.647873663780056,
            -65.01172218691426
          ],
          [
            7.174432987230239,
            -63.806425992143815
          ]
        ]
      }
    },
    {
      "type": "Feature",
      "properties": {
        "discharge_m3_s": 71.99,
        "drainage_km2": 640440.6
      },
      "geometry": {
        "type": "LineString",
        "coordinates": [
          [
            -7.174432987230239,
            -63.806425992143815
          ],
          [
            -9.423885450030614,
            -62.25862621276609
          ]
        ]
      }
    },
    {
      "type": "Feature",
      "properties": {
        "discharge_m3_s": 158.47,
        "drainage_km2": 134926.25
      },
      "geometry": {
        "type": "LineString",
        "coordinates": [
          [
            4.315641520902645,
            -63.920192694410304
          ],
          [
            6.753066314578655,
            -62.41473376938588
          ]
        ]
      }
    },
    {
      "type": "Feature",
      "properties": {
        "discharge_m3_s": 312.13,
        "drainage_km2": 134705.4
      },
      "geometry": {
        "type": "LineString",
        "coordinates": [
          [
            7.174432987230239,
            -63.806425992143815
          ],
          [
            6.753066314578655,
            -62.41473376938588
          ]
        ]
      }
    },
    {
      "type": "Feature",
      "properties": {
        "discharge_m3_s": 253.43,
        "drainage_km2": 240440.29
      },
      "geometry": {
        "type": "LineString",
        "coordinates": [
          [
            32.986953979802806,
            -59.80611693056742
          ],
          [
            35.17859024457191,
            -59.15731293282547
          ]
        ]
      }
    },
    {
      "type": "Feature",
      "properties": {
        "discharge_m3_s": 473.8,
        "drainage_km2": 349106.79
      },
      "geometry": {
        "type": "LineString",
        "coordinates": [
          [
            35.17859024457191,
            -59.15731293282547
          ],
          [
            37.29261230936843,
            -58.470920848907845
          ]
        ]
      }
    },
    {
      "type": "Feature",
      "properties": {
        "discharge_m3_s": 1454.56,
        "drainage_km2": 500848.09
      },
      "geometry": {
        "type": "LineString",
        "coordinates": [
          [
            37.29261230936843,
            -58.470920848907845
          ],
          [
            39.33002947611193,
            -57.748785517100636
          ]
        ]
      }
    },
    {
      "type": "Feature",
      "properties": {
        "discharge_m3_s": 2160.49,
        "drainage_km2": 651948.69
      },
      "geometry": {
        "type": "LineString",
        "coordinates": [
          [
            39.33002947611193,
            -57.748785517100636
          ],
          [
            41.292376348798186,
            -56.99267623149825
          ]
        ]
      }
    },
    {
      "type": "Feature",
      "properties": {
        "discharge_m3_s": 4864.17,
        "drainage_km2": 823156.05
      },
      "geometry": {
        "type": "LineString",
        "coordinates": [
          [
            41.292376348798186,
            -56.99267623149825
          ],
          [
            43.18160713442306,
            -56.204277594005575
          ]
        ]
      }
    },
    {
      "type": "Feature",
      "properties": {
        "discharge_m3_s": 6615.03,
        "drainage_km2": 993545.71
      },
      "geometry": {
        "type": "LineString",
        "coordinates": [
          [
            43.18160713442306,
            -56.204277594005575
          ],
          [
            45.0,
            -55.38518376243741
          ]
        ]
      }
    },
    {
      "type": "Feature",
      "properties": {
        "discharge_m3_s": 9501.36,
        "drainage_km2": 1163047.67
      },
      "geometry": {
        "type": "LineString",
        "coordinates": [
          [
            45.0,
            -55.38518376243741
          ],
          [
            46.75007261655802,
            -54.536895566275376
          ]
        ]
      }
    },
    {
      "type": "Feature",
      "properties": {
        "discharge_m3_s": 12236.6,
        "drainage_km2": 1352071.17
      },
      "geometry": {
        "type": "LineString",
        "coordinates": [
          [
            46.75007261655802,
            -54.536895566275376
          ],
          [
            46.69062187466139,
            -52.896556683852474
          ]
        ]
      }
    },
    {
      "type": "Feature",
      "properties": {
        "discharge_m3_s": 2085.86,
        "drainage_km2": 105701.28
      },
      "geometry": {
        "type": "LineString",
        "coordinates": [
          [
            48.43450918372293,
            -53.660819976447456
          ],
          [
            48.323908596657134,
            -52.03512964189872
          ]
        ]
      }
    },
    {
      "type": "Feature",
      "properties": {
        "discharge_m3_s": 470.61,
        "drainage_km2": 402983.56
      },
      "geometry": {
        "type": "LineString",
        "coordinates": [
          [
            6.753066314578655,
            -62.41473376938588
          ],
          [
            6.369132411308079,
            -61.021777549298776
          ]
        ]
      }
    },
    {
      "type": "Feature",
      "properties": {
        "discharge_m3_s": 12884.5,
        "drainage_km2": 1516152.42
      },
      "geometry": {
        "type": "LineString",
        "coordinates": [
          [
            46.69062187466139,
            -52.896556683852474
          ],
          [
            48.323908596657134,
            -52.03512964189872
          ]
        ]
      }
    },
    {
      "type": "Feature",
      "properties": {
        "discharge_m3_s": 5349.14,
        "drainage_km2": 106382.93
      },
      "geometry": {
        "type": "LineString",
        "coordinates": [
          [
            12.430144424605437,
            -57.74920355467618
          ],
          [
            10.202637563116406,
            -57.95006368007751
          ]
        ]
      }
    },
    {
      "type": "Feature",
      "properties": {
        "discharge_m3_s": 11808.63,
        "drainage_km2": 209912.7
      },
      "geometry": {
        "type": "LineString",
        "coordinates": [
          [
            11.791969511361057,
            -56.39210735988027
          ],
          [
            10.202637563116406,
            -57.95006368007751
          ]
        ]
      }
    },
    {
      "type": "Feature",
      "properties": {
        "discharge_m3_s": 5659.35,
        "drainage_km2": 104884.69
      },
      "geometry": {
        "type": "LineString",
        "coordinates": [
          [
            13.891802807506416,
            -56.171059539295314
          ],
          [
            11.791969511361057,
            -56.39210735988027
          ]
        ]
      }
    },
    {
      "type": "Feature",
      "properties": {
        "discharge_m3_s": 6238.7,
        "drainage_km2": 103500.7
      },
      "geometry": {
        "type": "LineString",
        "coordinates": [
          [
            13.198689068275595,
            -54.827948415938295
          ],
          [
            10.641969656203292,
            -53.66742489011092
          ]
        ]
      }
    },
    {
      "type": "Feature",
      "properties": {
        "discharge_m3_s": 6294.74,
        "drainage_km2": 103374.82
      },
      "geometry": {
        "type": "LineString",
        "coordinates": [
          [
            15.1830745124427,
            -54.59130191984641
          ],
          [
            12.54990448608664,
            -53.48035800428151
          ]
        ]
      }
    },
    {
      "type": "Feature",
      "properties": {
        "discharge_m3_s": 6857.72,
        "drainage_km2": 123320.82
      },
      "geometry": {
        "type": "LineString",
        "coordinates": [
          [
            10.641969656203292,
            -53.66742489011092
          ],
          [
            8.292786244342656,
            -52.44375996388283
          ]
        ]
      }
    },
    {
      "type": "Feature",
      "properties": {
        "discharge_m3_s": 6870.33,
        "drainage_km2": 123195.99
      },
      "geometry": {
        "type": "LineString",
        "coordinates": [
          [
            12.54990448608664,
            -53.48035800428151
          ],
          [
            10.121061869566836,
            -52.300455305900016
          ]
        ]
      }
    },
    {
      "type": "Feature",
      "properties": {
        "discharge_m3_s": 38527.54,
        "drainage_km2": 524085.52
      },
      "geometry": {
        "type": "LineString",
        "coordinates": [
          [
            14.444766783129614,
            -53.262566799829045
          ],
          [
            11.94076878950691,
            -52.128668232899685
          ]
        ]
      }
    },
    {
      "type": "Feature",
      "properties": {
        "discharge_m3_s": 29991.37,
        "drainage_km2": 383455.66
      },
      "geometry": {
        "type": "LineString",
        "coordinates": [
          [
            16.324849499649215,
            -53.014248856141904
          ],
          [
            14.444766783129614,
            -53.262566799829045
          ]
        ]
      }
    },
    {
      "type": "Feature",
      "properties": {
        "discharge_m3_s": 21927.42,
        "drainage_km2": 262089.08
      },
      "geometry": {
        "type": "LineString",
        "coordinates": [
          [
            18.18856389067937,
            -52.735622107866995
          ],
          [
            16.324849499649215,
            -53.014248856141904
          ]
        ]
      }
    },
    {
      "type": "Feature",
      "properties": {
        "discharge_m3_s": 7392.44,
        "drainage_km2": 142671.11
      },
      "geometry": {
        "type": "LineString",
        "coordinates": [
          [
            10.121061869566836,
            -52.300455305900016
          ],
          [
            7.888818272048823,
            -51.0620636764722
          ]
        ]
      }
    },
    {
      "type": "Feature",
      "properties": {
        "discharge_m3_s": 39178.33,
        "drainage_km2": 543566.63
      },
      "geometry": {
        "type": "LineString",
        "coordinates": [
          [
            11.94076878950691,
            -52.128668232899685
          ],
          [
            9.631175444053238,
            -50.93074064885593
          ]
        ]
      }
    },
    {
      "type": "Feature",
      "properties": {
        "discharge_m3_s": 7839.7,
        "drainage_km2": 100283.23
      },
      "geometry": {
        "type": "LineString",
        "coordinates": [
          [
            19.106882854440126,
            -51.15872685449744
          ],
          [
            18.18856389067937,
            -52.735622107866995
          ]
        ]
      }
    },
    {
      "type": "Feature",
      "properties": {
        "discharge_m3_s": 19199.47,
        "drainage_km2": 199889.31
      },
      "geometry": {
        "type": "LineString",
        "coordinates": [
          [
            24.330423727626087,
            -50.13778570595432
          ],
          [
            24.911921844234403,
            -48.57314437032626
          ]
        ]
      }
    },
    {
      "type": "Feature",
      "properties": {
        "discharge_m3_s": 7759.46,
        "drainage_km2": 170942.27
      },
      "geometry": {
        "type": "LineString",
        "coordinates": [
          [
            11.367210810991898,
            -50.773208043077084
          ],
          [
            9.169144668276314,
            -49.558494176452406
          ]
        ]
      }
    },
    {
      "type": "Feature",
      "properties": {
        "discharge_m3_s": 32638.75,
        "drainage_km2": 337721.04
      },
      "geometry": {
        "type": "LineString",
        "coordinates": [
          [
            24.911921844234403,
            -48.57314437032626
          ],
          [
            23.834045067685924,
            -47.389888255730874
          ]
        ]
      }
    },
    {
      "type": "Feature",
      "properties": {
        "discharge_m3_s": 40749.54,
        "drainage_km2": 568307.59
      },
      "geometry": {
        "type": "LineString",
        "coordinates": [
          [
            23.834045067685924,
            -47.389888255730874
          ],
          [
            22.800577240966437,
            -46.193266849664035
          ]
        ]
      }
    },
    {
      "type": "Feature",
      "properties": {
        "discharge_m3_s": 51850.58,
        "drainage_km2": 847400.92
      },
      "geometry": {
        "type": "LineString",
        "coordinates": [
          [
            25.420545362671124,
            -47.02730729924538
          ],
          [
            22.800577240966437,
            -46.193266849664035
          ]
        ]
      }
    },
    {
      "type": "Feature",
      "properties": {
        "discharge_m3_s": 44011.26,
        "drainage_km2": 658689.63
      },
      "geometry": {
        "type": "LineString",
        "coordinates": [
          [
            26.99660541715674,
            -46.640168981636506
          ],
          [
            25.420545362671124,
            -47.02730729924538
          ]
        ]
      }
    },
    {
      "type": "Feature",
      "properties": {
        "discharge_m3_s": 95358.84,
        "drainage_km2": 1675404.19
      },
      "geometry": {
        "type": "LineString",
        "coordinates": [
          [
            22.800577240966437,
            -46.193266849664035
          ],
          [
            20.321299771846203,
            -45.27032788418837
          ]
        ]
      }
    },
    {
      "type": "Feature",
      "properties": {
        "discharge_m3_s": 1394.82,
        "drainage_km2": 130006.02
      },
      "geometry": {
        "type": "LineString",
        "coordinates": [
          [
            24.33545369764771,
            -45.85868414716465
          ],
          [
            22.800577240966437,
            -46.193266849664035
          ]
        ]
      }
    },
    {
      "type": "Feature",
      "properties": {
        "discharge_m3_s": 908.33,
        "drainage_km2": 111215.37
      },
      "geometry": {
        "type": "LineString",
        "coordinates": [
          [
            25.863369751041635,
            -45.50090684069607
          ],
          [
            25.420545362671124,
            -47.02730729924538
          ]
        ]
      }
    },
    {
      "type": "Feature",
      "properties": {
        "discharge_m3_s": 32920.79,
        "drainage_km2": 543085.02
      },
      "geometry": {
        "type": "LineString",
        "coordinates": [
          [
            27.38404270072623,
            -45.11976231468865
          ],
          [
            26.99660541715674,
            -46.640168981636506
          ]
        ]
      }
    },
    {
      "type": "Feature",
      "properties": {
        "discharge_m3_s": 97447.6,
        "drainage_km2": 1912707.15
      },
      "geometry": {
        "type": "LineString",
        "coordinates": [
          [
            20.321299771846203,
            -45.27032788418837
          ],
          [
            17.98710722032519,
            -44.26776671650081
          ]
        ]
      }
    },
    {
      "type": "Feature",
      "properties": {
        "discharge_m3_s": 1265.13,
        "drainage_km2": 111051.68
      },
      "geometry": {
        "type": "LineString",
        "coordinates": [
          [
            23.29157394990517,
            -44.67597836985767
          ],
          [
            22.800577240966437,
            -46.193266849664035
          ]
        ]
      }
    },
    {
      "type": "Feature",
      "properties": {
        "discharge_m3_s": 1320.5,
        "drainage_km2": 111330.12
      },
      "geometry": {
        "type": "LineString",
        "coordinates": [
          [
            24.770961564035666,
            -44.346189549704164
          ],
          [
            24.33545369764771,
            -45.85868414716465
          ]
        ]
      }
    },
    {
      "type": "Feature",
      "properties": {
        "discharge_m3_s": 869.32,
        "drainage_km2": 92501.36
      },
      "geometry": {
        "type": "LineString",
        "coordinates": [
          [
            26.24627994476569,
            -43.99433388715869
          ],
          [
            25.863369751041635,
            -45.50090684069607
          ]
        ]
      }
    },
    {
      "type": "Feature",
      "properties": {
        "discharge_m3_s": 22702.18,
        "drainage_km2": 428856.09
      },
      "geometry": {
        "type": "LineString",
        "coordinates": [
          [
            27.717367757454504,
            -43.62015073638451
          ],
          [
            27.38404270072623,
            -45.11976231468865
          ]
        ]
      }
    },
    {
      "type": "Feature",
      "properties": {
        "discharge_m3_s": 429.03,
        "drainage_km2": 456678.83
      },
      "geometry": {
        "type": "LineString",
        "coordinates": [
          [
            43.587373921889366,
            -37.944293116395315
          ],
          [
            43.5787971986333,
            -39.32659262274935
          ]
        ]
      }
    },
    {
      "type": "Feature",
      "properties": {
        "discharge_m3_s": 1832.59,
        "drainage_km2": 127975.04
      },
      "geometry": {
        "type": "LineString",
        "coordinates": [
          [
            15.115947907513712,
            -44.694432737961954
          ],
          [
            13.359375000000005,
            -43.51157942641988
          ]
        ]
      }
    },
    {
      "type": "Feature",
      "properties": {
        "discharge_m3_s": 98008.61,
        "drainage_km2": 1966799.34
      },
      "geometry": {
        "type": "LineString",
        "coordinates": [
          [
            17.98710722032519,
            -44.26776671650081
          ],
          [
            16.171874999999993,
            -43.14148990041424
          ]
        ]
      }
    },
    {
      "type": "Feature",
      "properties": {
        "discharge_m3_s": 1208.77,
        "drainage_km2": 92688.01
      },
      "geometry": {
        "type": "LineString",
        "coordinates": [
          [
            23.716719375703395,
            -43.17666768071574
          ],
          [
            23.29157394990517,
            -44.67597836985767
          ]
        ]
      }
    },
    {
      "type": "Feature",
      "properties": {
        "discharge_m3_s": 1282.08,
        "drainage_km2": 92915.57
      },
      "geometry": {
        "type": "LineString",
        "coordinates": [
          [
            25.146101041151418,
            -42.852757767904194
          ],
          [
            24.770961564035666,
            -44.346189549704164
          ]
        ]
      }
    },
    {
      "type": "Feature",
      "properties": {
        "discharge_m3_s": 12888.95,
        "drainage_km2": 315914.92
      },
      "geometry": {
        "type": "LineString",
        "coordinates": [
          [
            28.000839918601436,
            -42.1413685672415
          ],
          [
            27.717367757454504,
            -43.62015073638451
          ]
        ]
      }
    },
    {
      "type": "Feature",
      "properties": {
        "discharge_m3_s": 429.03,
        "drainage_km2": 381273.49
      },
      "geometry": {
        "type": "LineString",
        "coordinates": [
          [
            43.59247862586954,
            -36.585029624776965
          ],
          [
            43.587373921889366,
            -37.944293116395315
          ]
        ]
      }
    }
  ]
}
