{
  "type": "FeatureCollection",
  "name": "settlement-sites-v2",
  "schema_version": "2.1",
  "features": [
    {
      "type": "Feature",
      "properties": {
        "rank": 1,
        "h_pre": 0.8793,
        "h_ind": 0.9245,
        "h_ac": 0.9245,
        "settle_ind": 0.9722,
        "settle_ac": 0.9722,
        "settle_no_incentive": 0.8637,
        "mechanism": "environment_led",
        "dominant_incentive": "resource",
        "ac_kwh_pc_yr": 0.0,
        "ac_water_l_pc_day": 0.0,
        "lon": 62.57812500000001,
        "lat": -19.543557747903236
      },
      "geometry": {
        "type": "Polygon",
        "coordinates": [
          [
            [
              63.33296308272302,
              -19.53464193117792
            ],
            [
              62.78195903681407,
              -19.307256543348384
            ],
            [
              62.478614436743186,
              -19.24720112609988
            ],
            [
              62.131011243553516,
              -19.434047117402436
            ],
            [
              62.09371073359138,
              -19.788617378406588
            ],
            [
              62.51540843507728,
              -20.09079055542294
            ],
            [
              63.05440489135777,
              -20.058642319986454
            ],
            [
              63.33296308272302,
              -19.53464193117792
            ]
          ]
        ]
      }
    },
    {
      "type": "Feature",
      "properties": {
        "rank": 2,
        "h_pre": 0.8825,
        "h_ind": 0.9277,
        "h_ac": 0.9277,
        "settle_ind": 0.9353,
        "settle_ac": 0.9353,
        "settle_no_incentive": 0.8521,
        "mechanism": "environment_led",
        "dominant_incentive": "resource",
        "ac_kwh_pc_yr": 0.0,
        "ac_water_l_pc_day": 0.0,
        "lon": 146.953125,
        "lat": 17.30582562683614
      },
      "geometry": {
        "type": "Polygon",
        "coordinates": [
          [
            [
              147.6422670972023,
              17.470357618060373
            ],
            [
              147.09672676601318,
              17.589697685074213
            ],
            [
              147.014197224589,
              17.911502302278123
            ],
            [
              146.4610313465269,
              17.487087339433355
            ],
            [
              146.6519462072279,
              17.23711946947104
            ],
            [
              146.92911020351366,
              16.817357922050142
            ],
            [
              147.13062713702675,
              17.01449751725286
            ],
            [
              147.6422670972023,
              17.470357618060373
            ]
          ]
        ]
      }
    },
    {
      "type": "Feature",
      "properties": {
        "rank": 3,
        "h_pre": 0.8975,
        "h_ind": 0.9251,
        "h_ac": 0.9251,
        "settle_ind": 0.9127,
        "settle_ac": 0.9127,
        "settle_no_incentive": 0.8708,
        "mechanism": "environment_led",
        "dominant_incentive": "trade",
        "ac_kwh_pc_yr": 0.0,
        "ac_water_l_pc_day": 0.0,
        "lon": -118.828125,
        "lat": 1.8481544539294943
      },
      "geometry": {
        "type": "Polygon",
        "coordinates": [
          [
            [
              -118.38880914023923,
              1.924669163350202
            ],
            [
              -118.43165962537807,
              2.195034670730963
            ],
            [
              -119.01110855059322,
              2.205822345969297
            ],
            [
              -119.14844433883327,
              2.055195113736565
            ],
            [
              -119.2814324206861,
              1.6546320797990661
            ],
            [
              -118.9651979746695,
              1.2020318165806096
            ],
            [
              -118.5787390655657,
              1.5705746022976532
            ],
            [
              -118.38880914023923,
              1.924669163350202
            ]
          ]
        ]
      }
    },
    {
      "type": "Feature",
      "properties": {
        "rank": 4,
        "h_pre": 0.7387,
        "h_ind": 0.8526,
        "h_ac": 0.8526,
        "settle_ind": 0.9072,
        "settle_ac": 0.9072,
        "settle_no_incentive": 0.6928,
        "mechanism": "environment_led",
        "dominant_incentive": "resource",
        "ac_kwh_pc_yr": 0.0,
        "ac_water_l_pc_day": 0.0,
        "lon": -135.0,
        "lat": 48.9306879605734
      },
      "geometry": {
        "type": "Polygon",
        "coordinates": [
          [
            [
              -134.4558851460194,
              49.03242471961654
            ],
            [
              -134.41528627622412,
              49.485282613989554
            ],
            [
              -135.33663506666957,
              49.48108659119768
            ],
            [
              -136.11476142388602,
              49.099763897355736
            ],
            [
              -135.90746421483306,
              48.83481268296228
            ],
            [
              -135.23558119199188,
              48.25467453822516
            ],
            [
              -134.61823328680958,
              48.6754500590193
            ],
            [
              -134.4558851460194,
              49.03242471961654
            ]
          ]
        ]
      }
    },
    {
      "type": "Feature",
      "properties": {
        "rank": 5,
        "h_pre": 0.7076,
        "h_ind": 0.8023,
        "h_ac": 0.8023,
        "settle_ind": 0.9042,
        "settle_ac": 0.9042,
        "settle_no_incentive": 0.6411,
        "mechanism": "environment_led",
        "dominant_incentive": "resource",
        "ac_kwh_pc_yr": 0.0,
        "ac_water_l_pc_day": 0.0,
        "lon": 34.453125,
        "lat": -37.45226907439324
      },
      "geometry": {
        "type": "Polygon",
        "coordinates": [
          [
            [
              35.22335137445715,
              -37.38495809703
            ],
            [
              34.6414779566153,
              -37.15219639799935
            ],
            [
              34.25869740716209,
              -36.695615714333464
            ],
            [
              34.09614153249062,
              -37.3782599688885
            ],
            [
              33.67662324753689,
              -37.74987725228726
            ],
            [
              34.42211555384651,
              -37.819594840437986
            ],
            [
              34.655525707238525,
              -37.775606895546424
            ],
            [
              35.22335137445715,
              -37.38495809703
            ]
          ]
        ]
      }
    },
    {
      "type": "Feature",
      "properties": {
        "rank": 6,
        "h_pre": 0.8643,
        "h_ind": 0.9252,
        "h_ac": 0.9252,
        "settle_ind": 0.9042,
        "settle_ac": 0.9042,
        "settle_no_incentive": 0.8646,
        "mechanism": "environment_led",
        "dominant_incentive": "trade",
        "ac_kwh_pc_yr": 0.0,
        "ac_water_l_pc_day": 0.0,
        "lon": 7.734374999999997,
        "lat": 34.20925956074186
      },
      "geometry": {
        "type": "Polygon",
        "coordinates": [
          [
            [
              8.182784794581421,
              34.0827935461407
            ],
            [
              8.115734342837786,
              34.46568899666329
            ],
            [
              7.73015440574621,
              34.772981634058006
            ],
            [
              7.286882454213449,
              34.3968155497769
            ],
            [
              6.914560118995284,
              33.81029300479785
            ],
            [
              7.659253503016254,
              33.49996787488814
            ],
            [
              8.234970002096508,
              33.83133753682003
            ],
            [
              8.182784794581421,
              34.0827935461407
            ]
          ]
        ]
      }
    },
    {
      "type": "Feature",
      "properties": {
        "rank": 7,
        "h_pre": 0.9072,
        "h_ind": 0.933,
        "h_ac": 0.933,
        "settle_ind": 0.9024,
        "settle_ac": 0.9024,
        "settle_no_incentive": 0.8799,
        "mechanism": "environment_led",
        "dominant_incentive": "trade",
        "ac_kwh_pc_yr": 0.0,
        "ac_water_l_pc_day": 0.0,
        "lon": -104.765625,
        "lat": -6.120761014455373
      },
      "geometry": {
        "type": "Polygon",
        "coordinates": [
          [
            [
              -104.12425390706836,
              -5.888595865523467
            ],
            [
              -104.16674813373777,
              -5.706592320684529
            ],
            [
              -104.89721693064762,
              -5.708841811417932
            ],
            [
              -105.1611207085168,
              -6.076209920489277
            ],
            [
              -105.13449615567868,
              -6.441261545348667
            ],
            [
              -104.80322902809175,
              -6.765471067346269
            ],
            [
              -104.46001248111992,
              -6.564802781076077
            ],
            [
              -104.12425390706836,
              -5.888595865523467
            ]
          ]
        ]
      }
    },
    {
      "type": "Feature",
      "properties": {
        "rank": 8,
        "h_pre": 0.5562,
        "h_ind": 0.7581,
        "h_ac": 0.7581,
        "settle_ind": 0.9001,
        "settle_ac": 0.9001,
        "settle_no_incentive": 0.5695,
        "mechanism": "environment_led",
        "dominant_incentive": "resource",
        "ac_kwh_pc_yr": 0.0,
        "ac_water_l_pc_day": 0.0,
        "lon": -139.29610634645243,
        "lat": -62.18742407406851
      },
      "geometry": {
        "type": "Polygon",
        "coordinates": [
          [
            [
              -138.0057342867247,
              -62.40307825112923
            ],
            [
              -138.7477737443609,
              -61.88170454352762
            ],
            [
              -139.61035762324664,
              -61.802963838502436
            ],
            [
              -140.0865226327773,
              -61.934046874345945
            ],
            [
              -140.36446265554537,
              -62.27733872262809
            ],
            [
              -139.2951547206211,
              -62.98329043347251
            ],
            [
              -138.69364585601244,
              -62.54346924470432
            ],
            [
              -138.0057342867247,
              -62.40307825112923
            ]
          ]
        ]
      }
    },
    {
      "type": "Feature",
      "properties": {
        "rank": 9,
        "h_pre": 0.873,
        "h_ind": 0.9257,
        "h_ac": 0.9257,
        "settle_ind": 0.8942,
        "settle_ac": 0.8942,
        "settle_no_incentive": 0.8633,
        "mechanism": "environment_led",
        "dominant_incentive": "trade",
        "ac_kwh_pc_yr": 0.0,
        "ac_water_l_pc_day": 0.0,
        "lon": -144.140625,
        "lat": 24.040256009939668
      },
      "geometry": {
        "type": "Polygon",
        "coordinates": [
          [
            [
              -143.4466655824391,
              24.05398020989748
            ],
            [
              -143.80511335814327,
              24.353167796570855
            ],
            [
              -144.25286886022505,
              24.820238226239788
            ],
            [
              -144.59816720872075,
              24.189778479522374
            ],
            [
              -144.63128928035238,
              23.847374591637152
            ],
            [
              -144.15482053114633,
              23.680764447743808
            ],
            [
              -143.82587761144353,
              23.774274078619193
            ],
            [
              -143.4466655824391,
              24.05398020989748
            ]
          ]
        ]
      }
    },
    {
      "type": "Feature",
      "properties": {
        "rank": 10,
        "h_pre": 0.8858,
        "h_ind": 0.9296,
        "h_ac": 0.9296,
        "settle_ind": 0.8941,
        "settle_ac": 0.8941,
        "settle_no_incentive": 0.8695,
        "mechanism": "environment_led",
        "dominant_incentive": "trade",
        "ac_kwh_pc_yr": 0.0,
        "ac_water_l_pc_day": 0.0,
        "lon": -99.140625,
        "lat": -18.76026135933841
      },
      "geometry": {
        "type": "Polygon",
        "coordinates": [
          [
            [
              -98.28277866423383,
              -18.627265082787236
            ],
            [
              -98.75131601565501,
              -18.068461185435247
            ],
            [
              -99.277894653795,
              -18.179283229811144
            ],
            [
              -99.41850814375908,
              -18.595776496670883
            ],
            [
              -99.61062209865788,
              -18.932504083841497
            ],
            [
              -99.1481472675498,
              -19.211384589050546
            ],
            [
              -98.48977568444963,
              -19.183351708104592
            ],
            [
              -98.28277866423383,
              -18.627265082787236
            ]
          ]
        ]
      }
    },
    {
      "type": "Feature",
      "properties": {
        "rank": 11,
        "h_pre": 0.8543,
        "h_ind": 0.9054,
        "h_ac": 0.9054,
        "settle_ind": 0.8886,
        "settle_ac": 0.8886,
        "settle_no_incentive": 0.8332,
        "mechanism": "environment_led",
        "dominant_incentive": "trade",
        "ac_kwh_pc_yr": 0.0,
        "ac_water_l_pc_day": 0.0,
        "lon": 58.35937500000001,
        "lat": -26.389898926703257
      },
      "geometry": {
        "type": "Polygon",
        "coordinates": [
          [
            [
              58.937262529273724,
              -26.523541989922535
            ],
            [
              58.76911154190331,
              -26.031097860679914
            ],
            [
              58.195635808199924,
              -25.902841274139032
            ],
            [
              57.68403507596356,
              -26.32880494842137
            ],
            [
              57.885024597710846,
              -26.765643585114198
            ],
            [
              58.37121024642208,
              -26.83214948092287
            ],
            [
              59.07200978810873,
              -26.86474858423022
            ],
            [
              58.937262529273724,
              -26.523541989922535
            ]
          ]
        ]
      }
    },
    {
      "type": "Feature",
      "properties": {
        "rank": 12,
        "h_pre": 0.8518,
        "h_ind": 0.9194,
        "h_ac": 0.9194,
        "settle_ind": 0.8852,
        "settle_ac": 0.8852,
        "settle_no_incentive": 0.8493,
        "mechanism": "environment_led",
        "dominant_incentive": "trade",
        "ac_kwh_pc_yr": 0.0,
        "ac_water_l_pc_day": 0.0,
        "lon": 173.67187500000003,
        "lat": 39.90570741997243
      },
      "geometry": {
        "type": "Polygon",
        "coordinates": [
          [
            [
              174.0772576115374,
              39.98553855156166
            ],
            [
              174.14451482963813,
              40.29510501195791
            ],
            [
              173.717583683213,
              40.44752117368174
            ],
            [
              173.01677798782373,
              40.09013356651313
            ],
            [
              172.60557123639202,
              39.60710212751006
            ],
            [
              173.6495008419035,
              39.143594643104244
            ],
            [
              174.55240345191248,
              39.386619070147155
            ],
            [
              174.0772576115374,
              39.98553855156166
            ]
          ]
        ]
      }
    },
    {
      "type": "Feature",
      "properties": {
        "rank": 13,
        "h_pre": 0.8595,
        "h_ind": 0.9129,
        "h_ac": 0.9129,
        "settle_ind": 0.8827,
        "settle_ac": 0.8827,
        "settle_no_incentive": 0.8373,
        "mechanism": "environment_led",
        "dominant_incentive": "trade",
        "ac_kwh_pc_yr": 0.0,
        "ac_water_l_pc_day": 0.0,
        "lon": -117.42187500000001,
        "lat": 34.03347722245971
      },
      "geometry": {
        "type": "Polygon",
        "coordinates": [
          [
            [
              -116.99215280008349,
              33.93709905285498
            ],
            [
              -116.96859719827049,
              34.3257979977858
            ],
            [
              -117.52408526765029,
              34.31290965556128
            ],
            [
              -117.96203311225685,
              34.48440932249616
            ],
            [
              -117.92703068352604,
              33.70112457898105
            ],
            [
              -117.6851234027034,
              33.335760717711054
            ],
            [
              -116.95745828207835,
              33.43272949569443
            ],
            [
              -116.99215280008349,
              33.93709905285498
            ]
          ]
        ]
      }
    },
    {
      "type": "Feature",
      "properties": {
        "rank": 14,
        "h_pre": 0.8932,
        "h_ind": 0.9364,
        "h_ac": 0.9364,
        "settle_ind": 0.8774,
        "settle_ac": 0.8774,
        "settle_no_incentive": 0.872,
        "mechanism": "environment_led",
        "dominant_incentive": "trade",
        "ac_kwh_pc_yr": 0.0,
        "ac_water_l_pc_day": 0.0,
        "lon": -78.046875,
        "lat": 24.137261430242724
      },
      "geometry": {
        "type": "Polygon",
        "coordinates": [
          [
            [
              -77.39663564459367,
              24.062395198893086
            ],
            [
              -77.89691823985811,
              24.40029117401438
            ],
            [
              -77.99059743708361,
              24.79353889799855
            ],
            [
              -78.32767136261896,
              24.400393544787267
            ],
            [
              -78.70165473929683,
              23.56139062802617
            ],
            [
              -78.1546169091586,
              23.796617392930596
            ],
            [
              -77.7801239582447,
              23.90159173085857
            ],
            [
              -77.39663564459367,
              24.062395198893086
            ]
          ]
        ]
      }
    },
    {
      "type": "Feature",
      "properties": {
        "rank": 15,
        "h_pre": 0.8836,
        "h_ind": 0.918,
        "h_ac": 0.918,
        "settle_ind": 0.8747,
        "settle_ac": 0.8747,
        "settle_no_incentive": 0.8493,
        "mechanism": "environment_led",
        "dominant_incentive": "trade",
        "ac_kwh_pc_yr": 0.0,
        "ac_water_l_pc_day": 0.0,
        "lon": -125.859375,
        "lat": 6.281446935919767
      },
      "geometry": {
        "type": "Polygon",
        "coordinates": [
          [
            [
              -125.2890391272835,
              6.355945271837795
            ],
            [
              -125.47203941573213,
              6.888260069566007
            ],
            [
              -125.89661601816627,
              7.140449001348446
            ],
            [
              -126.37757576077891,
              6.697753654439384
            ],
            [
              -126.44239769078672,
              6.10557276858064
            ],
            [
              -126.05952963308974,
              5.717735792676343
            ],
            [
              -125.56713531934342,
              5.954687186384721
            ],
            [
              -125.2890391272835,
              6.355945271837795
            ]
          ]
        ]
      }
    },
    {
      "type": "Feature",
      "properties": {
        "rank": 16,
        "h_pre": 0.8672,
        "h_ind": 0.922,
        "h_ac": 0.922,
        "settle_ind": 0.8733,
        "settle_ac": 0.8733,
        "settle_no_incentive": 0.846,
        "mechanism": "environment_led",
        "dominant_incentive": "resource",
        "ac_kwh_pc_yr": 0.0,
        "ac_water_l_pc_day": 0.0,
        "lon": 38.67187499999999,
        "lat": -25.69109853063456
      },
      "geometry": {
        "type": "Polygon",
        "coordinates": [
          [
            [
              39.25912187465445,
              -25.87643363998086
            ],
            [
              38.83056070015869,
              -25.363199045633355
            ],
            [
              38.44175279275177,
              -25.12702278474609
            ],
            [
              38.31291180452812,
              -25.53764091831973
            ],
            [
              37.98849739258806,
              -25.95160136862711
            ],
            [
              38.68567440837317,
              -26.032996672185124
            ],
            [
              39.309489589584864,
              -26.176722202627293
            ],
            [
              39.25912187465445,
              -25.87643363998086
            ]
          ]
        ]
      }
    },
    {
      "type": "Feature",
      "properties": {
        "rank": 17,
        "h_pre": 0.8996,
        "h_ind": 0.9345,
        "h_ac": 0.9345,
        "settle_ind": 0.8731,
        "settle_ac": 0.8731,
        "settle_no_incentive": 0.8725,
        "mechanism": "environment_led",
        "dominant_incentive": "trade",
        "ac_kwh_pc_yr": 0.0,
        "ac_water_l_pc_day": 0.0,
        "lon": -107.578125,
        "lat": -3.3518499611153247
      },
      "geometry": {
        "type": "Polygon",
        "coordinates": [
          [
            [
              -107.18244917799396,
              -3.2272973219164824
            ],
            [
              -107.32310052450971,
              -2.836342695942946
            ],
            [
              -107.76568080208197,
              -2.739282033846854
            ],
            [
              -108.02398209175459,
              -3.292688750421979
            ],
            [
              -108.3473598474694,
              -3.6853308652345174
            ],
            [
              -107.7184008418234,
              -4.204402345104403
            ],
            [
              -107.34719167660039,
              -3.7224591882830556
            ],
            [
              -107.18244917799396,
              -3.2272973219164824
            ]
          ]
        ]
      }
    },
    {
      "type": "Feature",
      "properties": {
        "rank": 18,
        "h_pre": 0.8545,
        "h_ind": 0.923,
        "h_ac": 0.923,
        "settle_ind": 0.8726,
        "settle_ac": 0.8726,
        "settle_no_incentive": 0.8487,
        "mechanism": "environment_led",
        "dominant_incentive": "trade",
        "ac_kwh_pc_yr": 0.0,
        "ac_water_l_pc_day": 0.0,
        "lon": 37.265625,
        "lat": -37.83076774688346
      },
      "geometry": {
        "type": "Polygon",
        "coordinates": [
          [
            [
              38.296340069336665,
              -37.80194591372812
            ],
            [
              37.57118938371139,
              -37.62130206685218
            ],
            [
              37.2675339496149,
              -37.386482216684534
            ],
            [
              36.79885615097557,
              -37.78099205202241
            ],
            [
              36.71210554978795,
              -38.04289723195927
            ],
            [
              37.125061756831435,
              -38.54080437090696
            ],
            [
              37.60258423786564,
              -38.27991072119528
            ],
            [
              38.296340069336665,
              -37.80194591372812
            ]
          ]
        ]
      }
    },
    {
      "type": "Feature",
      "properties": {
        "rank": 19,
        "h_pre": 0.8729,
        "h_ind": 0.9131,
        "h_ac": 0.9131,
        "settle_ind": 0.8722,
        "settle_ac": 0.8722,
        "settle_no_incentive": 0.8404,
        "mechanism": "environment_led",
        "dominant_incentive": "trade",
        "ac_kwh_pc_yr": 0.0,
        "ac_water_l_pc_day": 0.0,
        "lon": -121.64062500000001,
        "lat": 1.7960506274824524
      },
      "geometry": {
        "type": "Polygon",
        "coordinates": [
          [
            [
              -121.22819224879633,
              1.7750666100333121
            ],
            [
              -121.13749939271943,
              2.336135185426441
            ],
            [
              -121.88717052807748,
              2.1772081202995506
            ],
            [
              -122.3362841575663,
              2.0766530692097978
            ],
            [
              -122.31864457768413,
              1.6725076695892709
            ],
            [
              -121.67044413602446,
              1.5026950946647901
            ],
            [
              -121.31645101276987,
              1.2905240784858956
            ],
            [
              -121.22819224879633,
              1.7750666100333121
            ]
          ]
        ]
      }
    },
    {
      "type": "Feature",
      "properties": {
        "rank": 20,
        "h_pre": 0.8893,
        "h_ind": 0.936,
        "h_ac": 0.936,
        "settle_ind": 0.8722,
        "settle_ac": 0.8722,
        "settle_no_incentive": 0.8709,
        "mechanism": "environment_led",
        "dominant_incentive": "trade",
        "ac_kwh_pc_yr": 0.0,
        "ac_water_l_pc_day": 0.0,
        "lon": 138.515625,
        "lat": 20.083987073077363
      },
      "geometry": {
        "type": "Polygon",
        "coordinates": [
          [
            [
              139.08081958045906,
              20.246494227646753
            ],
            [
              139.06324305397263,
              20.40114168618695
            ],
            [
              138.44391356521342,
              20.74183947312059
            ],
            [
              137.9505992070121,
              20.137311658640918
            ],
            [
              137.88278929237453,
              19.981454163430687
            ],
            [
              138.42055457313023,
              19.42028518418442
            ],
            [
              139.20012828810755,
              19.629316556193064
            ],
            [
              139.08081958045906,
              20.246494227646753
            ]
          ]
        ]
      }
    },
    {
      "type": "Feature",
      "properties": {
        "rank": 21,
        "h_pre": 0.859,
        "h_ind": 0.9244,
        "h_ac": 0.9244,
        "settle_ind": 0.8721,
        "settle_ac": 0.8721,
        "settle_no_incentive": 0.8525,
        "mechanism": "environment_led",
        "dominant_incentive": "trade",
        "ac_kwh_pc_yr": 0.0,
        "ac_water_l_pc_day": 0.0,
        "lon": 7.734374999999999,
        "lat": 37.01360640938303
      },
      "geometry": {
        "type": "Polygon",
        "coordinates": [
          [
            [
              8.201299399011544,
              37.034332105689515
            ],
            [
              8.58333158431302,
              37.551288818911765
            ],
            [
              7.5758982622966915,
              37.34686391467556
            ],
            [
              7.103806463202569,
              37.38392767763542
            ],
            [
              7.083228016488802,
              36.93794250864069
            ],
            [
              7.727243345352861,
              36.16384361171778
            ],
            [
              7.934798245253213,
              36.76003441997827
            ],
            [
              8.201299399011544,
              37.034332105689515
            ]
          ]
        ]
      }
    },
    {
      "type": "Feature",
      "properties": {
        "rank": 22,
        "h_pre": 0.8714,
        "h_ind": 0.9236,
        "h_ac": 0.9236,
        "settle_ind": 0.8715,
        "settle_ac": 0.8715,
        "settle_no_incentive": 0.8525,
        "mechanism": "environment_led",
        "dominant_incentive": "trade",
        "ac_kwh_pc_yr": 0.0,
        "ac_water_l_pc_day": 0.0,
        "lon": 9.140625,
        "lat": 31.314545096275193
      },
      "geometry": {
        "type": "Polygon",
        "coordinates": [
          [
            [
              9.916152284628746,
              31.078061410990085
            ],
            [
              9.608297930244046,
              31.780831060331526
            ],
            [
              9.201995975808156,
              31.884391775916875
            ],
            [
              8.635366478954534,
              31.58529040674302
            ],
            [
              8.47012844362841,
              31.22186357329636
            ],
            [
              9.123370387100056,
              31.022101629860593
            ],
            [
              9.756835984357691,
              30.883296202758313
            ],
            [
              9.916152284628746,
              31.078061410990085
            ]
          ]
        ]
      }
    },
    {
      "type": "Feature",
      "properties": {
        "rank": 23,
        "h_pre": 0.8576,
        "h_ind": 0.8988,
        "h_ac": 0.8988,
        "settle_ind": 0.8709,
        "settle_ac": 0.8709,
        "settle_no_incentive": 0.7929,
        "mechanism": "environment_led",
        "dominant_incentive": "resource",
        "ac_kwh_pc_yr": 0.0,
        "ac_water_l_pc_day": 0.0,
        "lon": 59.765625,
        "lat": -17.80430272846531
      },
      "geometry": {
        "type": "Polygon",
        "coordinates": [
          [
            [
              60.066498559398255,
              -17.782391650635965
            ],
            [
              60.18180597529742,
              -17.422257089636037
            ],
            [
              59.75895113008199,
              -17.403370211054035
            ],
            [
              59.17763444904625,
              -17.4562636989978
            ],
            [
              59.38156270872476,
              -18.110402803034393
            ],
            [
              59.70959288503069,
              -18.240311618441115
            ],
            [
              60.14155616850365,
              -18.530308376797027
            ],
            [
              60.066498559398255,
              -17.782391650635965
            ]
          ]
        ]
      }
    },
    {
      "type": "Feature",
      "properties": {
        "rank": 24,
        "h_pre": 0.8769,
        "h_ind": 0.9357,
        "h_ac": 0.9357,
        "settle_ind": 0.8692,
        "settle_ac": 0.8692,
        "settle_no_incentive": 0.8692,
        "mechanism": "environment_led",
        "dominant_incentive": "resource",
        "ac_kwh_pc_yr": 0.0,
        "ac_water_l_pc_day": 0.0,
        "lon": -40.07812500000001,
        "lat": -31.483225147040407
      },
      "geometry": {
        "type": "Polygon",
        "coordinates": [
          [
            [
              -39.2216832062352,
              -31.30114526381976
            ],
            [
              -39.4989541252061,
              -30.77387411241549
            ],
            [
              -40.087147349146576,
              -30.88805549110768
            ],
            [
              -40.546489928950955,
              -31.44253368370804
            ],
            [
              -40.741334688985525,
              -31.575200860945582
            ],
            [
              -40.14504793458231,
              -32.24934693447965
            ],
            [
              -39.71779828998864,
              -31.72118971704914
            ],
            [
              -39.2216832062352,
              -31.30114526381976
            ]
          ]
        ]
      }
    },
    {
      "type": "Feature",
      "properties": {
        "rank": 25,
        "h_pre": 0.882,
        "h_ind": 0.9341,
        "h_ac": 0.9341,
        "settle_ind": 0.8684,
        "settle_ac": 0.8684,
        "settle_no_incentive": 0.8672,
        "mechanism": "environment_led",
        "dominant_incentive": "trade",
        "ac_kwh_pc_yr": 0.0,
        "ac_water_l_pc_day": 0.0,
        "lon": 137.109375,
        "lat": 25.484517935911438
      },
      "geometry": {
        "type": "Polygon",
        "coordinates": [
          [
            [
              137.59780502106688,
              25.44488408975967
            ],
            [
              137.3347461924105,
              26.01053699531978
            ],
            [
              137.03189512434784,
              25.93662493912754
            ],
            [
              136.4743006050179,
              25.66837635756832
            ],
            [
              136.2307840546656,
              25.211837871280864
            ],
            [
              136.96738774312962,
              25.221229886637445
            ],
            [
              137.4475154971246,
              25.203588207997658
            ],
            [
              137.59780502106688,
              25.44488408975967
            ]
          ]
        ]
      }
    },
    {
      "type": "Feature",
      "properties": {
        "rank": 26,
        "h_pre": 0.6909,
        "h_ind": 0.7999,
        "h_ac": 0.8038,
        "settle_ind": 0.8654,
        "settle_ac": 0.8683,
        "settle_no_incentive": 0.6421,
        "mechanism": "environment_led",
        "dominant_incentive": "trade",
        "ac_kwh_pc_yr": 0.0,
        "ac_water_l_pc_day": 0.0,
        "lon": 169.453125,
        "lat": 39.59790652125546
      },
      "geometry": {
        "type": "Polygon",
        "coordinates": [
          [
            [
              169.83201250070954,
              39.61894488963819
            ],
            [
              170.05636504246783,
              39.95387721183921
            ],
            [
              169.3813744970821,
              39.87611372735851
            ],
            [
              168.4174543548501,
              39.84237314255189
            ],
            [
              168.4807481598208,
              39.37127131429924
            ],
            [
              169.1928324026109,
              39.13454054350092
            ],
            [
              169.70907846290677,
              39.34476245202295
            ],
            [
              169.83201250070954,
              39.61894488963819
            ]
          ]
        ]
      }
    },
    {
      "type": "Feature",
      "properties": {
        "rank": 27,
        "h_pre": 0.8869,
        "h_ind": 0.9341,
        "h_ac": 0.9341,
        "settle_ind": 0.8682,
        "settle_ac": 0.8682,
        "settle_no_incentive": 0.8682,
        "mechanism": "environment_led",
        "dominant_incentive": "resource",
        "ac_kwh_pc_yr": 0.0,
        "ac_water_l_pc_day": 0.0,
        "lon": -137.10937500000003,
        "lat": 19.676375845412274
      },
      "geometry": {
        "type": "Polygon",
        "coordinates": [
          [
            [
              -136.76766856367695,
              19.62313825756311
            ],
            [
              -136.91982952350287,
              20.034815383687928
            ],
            [
              -137.07401538593052,
              20.533545940610523
            ],
            [
              -137.6110779525484,
              20.127189344583776
            ],
            [
              -137.71958337236848,
              19.25293178571069
            ],
            [
              -137.1070928249968,
              19.083744172981774
            ],
            [
              -136.87374893410882,
              19.445109887572016
            ],
            [
              -136.76766856367695,
              19.62313825756311
            ]
          ]
        ]
      }
    },
    {
      "type": "Feature",
      "properties": {
        "rank": 28,
        "h_pre": 0.8363,
        "h_ind": 0.9154,
        "h_ac": 0.9154,
        "settle_ind": 0.8676,
        "settle_ac": 0.8676,
        "settle_no_incentive": 0.8373,
        "mechanism": "environment_led",
        "dominant_incentive": "trade",
        "ac_kwh_pc_yr": 0.0,
        "ac_water_l_pc_day": 0.0,
        "lon": -42.041823275622605,
        "lat": -44.3067716498136
      },
      "geometry": {
        "type": "Polygon",
        "coordinates": [
          [
            [
              -41.60753750455901,
              -44.2440642899947
            ],
            [
              -41.81801969060698,
              -44.03351012540662
            ],
            [
              -42.55941156320608,
              -43.645344801264564
            ],
            [
              -42.84546207641588,
              -43.99079444394348
            ],
            [
              -43.191197683504654,
              -44.486539725773575
            ],
            [
              -42.468698235207384,
              -45.06264717189713
            ],
            [
              -41.63148742599169,
              -44.99172282920776
            ],
            [
              -41.60753750455901,
              -44.2440642899947
            ]
          ]
        ]
      }
    },
    {
      "type": "Feature",
      "properties": {
        "rank": 29,
        "h_pre": 0.8825,
        "h_ind": 0.9288,
        "h_ac": 0.9288,
        "settle_ind": 0.8667,
        "settle_ac": 0.8667,
        "settle_no_incentive": 0.8549,
        "mechanism": "environment_led",
        "dominant_incentive": "trade",
        "ac_kwh_pc_yr": 0.0,
        "ac_water_l_pc_day": 0.0,
        "lon": -97.734375,
        "lat": -25.809806582189495
      },
      "geometry": {
        "type": "Polygon",
        "coordinates": [
          [
            [
              -96.95693325041687,
              -25.753880550486958
            ],
            [
              -97.40699363481679,
              -25.297497601042842
            ],
            [
              -97.70079023900003,
              -25.219021296964744
            ],
            [
              -98.24292201901851,
              -25.406180947009137
            ],
            [
              -98.2664073638241,
              -26.016571414905425
            ],
            [
              -98.16877868738112,
              -26.430297190555102
            ],
            [
              -97.44316688578476,
              -26.4437561519606
            ],
            [
              -96.95693325041687,
              -25.753880550486958
            ]
          ]
        ]
      }
    },
    {
      "type": "Feature",
      "properties": {
        "rank": 30,
        "h_pre": 0.88,
        "h_ind": 0.9301,
        "h_ac": 0.9301,
        "settle_ind": 0.8647,
        "settle_ac": 0.8647,
        "settle_no_incentive": 0.8601,
        "mechanism": "environment_led",
        "dominant_incentive": "trade",
        "ac_kwh_pc_yr": 0.0,
        "ac_water_l_pc_day": 0.0,
        "lon": -113.203125,
        "lat": 32.23483136612071
      },
      "geometry": {
        "type": "Polygon",
        "coordinates": [
          [
            [
              -112.37517040679583,
              32.022004226249834
            ],
            [
              -113.02788390457297,
              32.58238249817029
            ],
            [
              -113.34291390612566,
              32.63504244379034
            ],
            [
              -113.7156347884797,
              32.49280373165213
            ],
            [
              -113.8853631685546,
              31.9902466447502
            ],
            [
              -113.30061448951915,
              31.63822656461851
            ],
            [
              -112.80864773324936,
              31.780841278742816
            ],
            [
              -112.37517040679583,
              32.022004226249834
            ]
          ]
        ]
      }
    },
    {
      "type": "Feature",
      "properties": {
        "rank": 31,
        "h_pre": 0.8595,
        "h_ind": 0.9244,
        "h_ac": 0.9244,
        "settle_ind": 0.8609,
        "settle_ac": 0.8609,
        "settle_no_incentive": 0.8493,
        "mechanism": "environment_led",
        "dominant_incentive": "trade",
        "ac_kwh_pc_yr": 0.0,
        "ac_water_l_pc_day": 0.0,
        "lon": -41.484375,
        "lat": -34.83452413891565
      },
      "geometry": {
        "type": "Polygon",
        "coordinates": [
          [
            [
              -40.703960073178514,
              -34.995752876323856
            ],
            [
              -40.69843248562419,
              -34.39763428982624
            ],
            [
              -41.68870056690077,
              -34.56985110217428
            ],
            [
              -41.81940025776447,
              -34.6623525522286
            ],
            [
              -42.22470571413142,
              -35.10550640064664
            ],
            [
              -41.485567932789195,
              -35.17841357221869
            ],
            [
              -41.27589997838527,
              -35.240156015848754
            ],
            [
              -40.703960073178514,
              -34.995752876323856
            ]
          ]
        ]
      }
    },
    {
      "type": "Feature",
      "properties": {
        "rank": 32,
        "h_pre": 0.6232,
        "h_ind": 0.7509,
        "h_ac": 0.7701,
        "settle_ind": 0.8422,
        "settle_ac": 0.8557,
        "settle_no_incentive": 0.5709,
        "mechanism": "environment_led",
        "dominant_incentive": "trade",
        "ac_kwh_pc_yr": 92.7,
        "ac_water_l_pc_day": 0.18,
        "lon": 4.921875000000003,
        "lat": 34.35445113168246
      },
      "geometry": {
        "type": "Polygon",
        "coordinates": [
          [
            [
              5.749588819267343,
              34.343953304759594
            ],
            [
              5.28792585603001,
              34.89313375665262
            ],
            [
              4.707418542962867,
              35.00750715105636
            ],
            [
              4.27809469914653,
              34.62860437986112
            ],
            [
              4.510776945627253,
              34.119033884695575
            ],
            [
              4.779789348085139,
              33.5950273998998
            ],
            [
              5.274184988033042,
              34.0617217184842
            ],
            [
              5.749588819267343,
              34.343953304759594
            ]
          ]
        ]
      }
    },
    {
      "type": "Feature",
      "properties": {
        "rank": 33,
        "h_pre": 0.8508,
        "h_ind": 0.8874,
        "h_ac": 0.8874,
        "settle_ind": 0.8541,
        "settle_ac": 0.8541,
        "settle_no_incentive": 0.7933,
        "mechanism": "environment_led",
        "dominant_incentive": "trade",
        "ac_kwh_pc_yr": 0.0,
        "ac_water_l_pc_day": 0.0,
        "lon": -118.828125,
        "lat": -0.6159939743568233
      },
      "geometry": {
        "type": "Polygon",
        "coordinates": [
          [
            [
              -118.31596047582359,
              -0.6212455807610565
            ],
            [
              -118.69935113995597,
              -0.3175454578040297
            ],
            [
              -119.1576268413443,
              0.16415338758499853
            ],
            [
              -119.42991788566772,
              -0.43727820665988426
            ],
            [
              -119.20624352838846,
              -0.9424963065446261
            ],
            [
              -118.83940947452355,
              -1.0603642863259606
            ],
            [
              -118.55174503376051,
              -1.0975046425361672
            ],
            [
              -118.31596047582359,
              -0.6212455807610565
            ]
          ]
        ]
      }
    },
    {
      "type": "Feature",
      "properties": {
        "rank": 34,
        "h_pre": 0.7728,
        "h_ind": 0.8067,
        "h_ac": 0.8067,
        "settle_ind": 0.8539,
        "settle_ac": 0.8539,
        "settle_no_incentive": 0.5858,
        "mechanism": "environment_led",
        "dominant_incentive": "resource",
        "ac_kwh_pc_yr": 0.0,
        "ac_water_l_pc_day": 0.0,
        "lon": 142.734375,
        "lat": -2.7991516017223677
      },
      "geometry": {
        "type": "Polygon",
        "coordinates": [
          [
            [
              143.18110751483135,
              -2.9455533439858232
            ],
            [
              143.09229407721492,
              -2.491999572319658
            ],
            [
              142.6831990724525,
              -1.9834145346649674
            ],
            [
              141.93996266120914,
              -2.611516088700792
            ],
            [
              142.26847454139772,
              -3.233682077882891
            ],
            [
              142.71573655492548,
              -3.2119966833722238
            ],
            [
              143.39107060845367,
              -3.354784551313486
            ],
            [
              143.18110751483135,
              -2.9455533439858232
            ]
          ]
        ]
      }
    },
    {
      "type": "Feature",
      "properties": {
        "rank": 35,
        "h_pre": 0.866,
        "h_ind": 0.9135,
        "h_ac": 0.9135,
        "settle_ind": 0.8527,
        "settle_ac": 0.8527,
        "settle_no_incentive": 0.8331,
        "mechanism": "environment_led",
        "dominant_incentive": "trade",
        "ac_kwh_pc_yr": 0.0,
        "ac_water_l_pc_day": 0.0,
        "lon": -31.640624999999993,
        "lat": -18.80185626727112
      },
      "geometry": {
        "type": "Polygon",
        "coordinates": [
          [
            [
              -30.991117001418683,
              -18.885163673230522
            ],
            [
              -31.38698022289151,
              -18.61699809262921
            ],
            [
              -31.78222568889554,
              -18.35683074252588
            ],
            [
              -32.17100095391173,
              -18.711079126029016
            ],
            [
              -32.146499154979004,
              -19.096745073904323
            ],
            [
              -31.693466442951713,
              -19.647927862724767
            ],
            [
              -31.39777627847922,
              -19.12745199150407
            ],
            [
              -30.991117001418683,
              -18.885163673230522
            ]
          ]
        ]
      }
    },
    {
      "type": "Feature",
      "properties": {
        "rank": 36,
        "h_pre": 0.7808,
        "h_ind": 0.8876,
        "h_ac": 0.8876,
        "settle_ind": 0.8488,
        "settle_ac": 0.8488,
        "settle_no_incentive": 0.7703,
        "mechanism": "environment_led",
        "dominant_incentive": "resource",
        "ac_kwh_pc_yr": 0.0,
        "ac_water_l_pc_day": 0.0,
        "lon": -131.9277556829243,
        "lat": 47.318941264512766
      },
      "geometry": {
        "type": "Polygon",
        "coordinates": [
          [
            [
              -130.77947883931387,
              47.583799435930494
            ],
            [
              -131.30780714114553,
              47.6903287649909
            ],
            [
              -132.2297610066859,
              48.13637115067199
            ],
            [
              -132.4384779864175,
              47.42442029491402
            ],
            [
              -132.33232409711948,
              47.14743577587912
            ],
            [
              -131.8685158173173,
              46.5522702256097
            ],
            [
              -131.5691583608548,
              47.06109908964862
            ],
            [
              -130.77947883931387,
              47.583799435930494
            ]
          ]
        ]
      }
    },
    {
      "type": "Feature",
      "properties": {
        "rank": 37,
        "h_pre": 0.7458,
        "h_ind": 0.8296,
        "h_ac": 0.8299,
        "settle_ind": 0.8484,
        "settle_ac": 0.8487,
        "settle_no_incentive": 0.6935,
        "mechanism": "environment_led",
        "dominant_incentive": "trade",
        "ac_kwh_pc_yr": 0.0,
        "ac_water_l_pc_day": 0.0,
        "lon": -28.828125000000004,
        "lat": -19.307787517027315
      },
      "geometry": {
        "type": "Polygon",
        "coordinates": [
          [
            [
              -28.403486101266793,
              -19.23205099241638
            ],
            [
              -28.580787212247525,
              -18.892477319842698
            ],
            [
              -28.820647078432902,
              -18.557537107288685
            ],
            [
              -29.547752183053575,
              -19.017558302898095
            ],
            [
              -29.666510950498008,
              -19.392305405450163
            ],
            [
              -28.952242549801664,
              -19.601796383221433
            ],
            [
              -28.178180763292463,
              -19.82304135773496
            ],
            [
              -28.403486101266793,
              -19.23205099241638
            ]
          ]
        ]
      }
    },
    {
      "type": "Feature",
      "properties": {
        "rank": 38,
        "h_pre": 0.7135,
        "h_ind": 0.8109,
        "h_ac": 0.8109,
        "settle_ind": 0.8486,
        "settle_ac": 0.8486,
        "settle_no_incentive": 0.6447,
        "mechanism": "environment_led",
        "dominant_incentive": "trade",
        "ac_kwh_pc_yr": 0.0,
        "ac_water_l_pc_day": 0.0,
        "lon": 33.69289662829542,
        "lat": -40.45418056384538
      },
      "geometry": {
        "type": "Polygon",
        "coordinates": [
          [
            [
              34.34736451373588,
              -40.374503918161416
            ],
            [
              33.96558377148904,
              -39.92957726860803
            ],
            [
              33.69419530112866,
              -39.66714956063862
            ],
            [
              32.89316047942099,
              -40.18572000557286
            ],
            [
              33.30444908066522,
              -40.575082760992636
            ],
            [
              33.64787300125897,
              -41.02034343145932
            ],
            [
              34.306651433112386,
              -41.13982855925234
            ],
            [
              34.34736451373588,
              -40.374503918161416
            ]
          ]
        ]
      }
    },
    {
      "type": "Feature",
      "properties": {
        "rank": 39,
        "h_pre": 0.6383,
        "h_ind": 0.7551,
        "h_ac": 0.7568,
        "settle_ind": 0.8449,
        "settle_ac": 0.8461,
        "settle_no_incentive": 0.5534,
        "mechanism": "environment_led",
        "dominant_incentive": "trade",
        "ac_kwh_pc_yr": 0.0,
        "ac_water_l_pc_day": 0.0,
        "lon": -24.609375,
        "lat": -21.292284883067637
      },
      "geometry": {
        "type": "Polygon",
        "coordinates": [
          [
            [
              -23.86439687580898,
              -21.45455997811365
            ],
            [
              -24.077945226625786,
              -20.97572706583167
            ],
            [
              -24.506300654402267,
              -20.425905518434384
            ],
            [
              -25.121691864819162,
              -20.843303346783475
            ],
            [
              -25.128677205294995,
              -21.771491227651786
            ],
            [
              -24.582614543367832,
              -21.588924883815903
            ],
            [
              -24.36400749822502,
              -21.91628882429367
            ],
            [
              -23.86439687580898,
              -21.45455997811365
            ]
          ]
        ]
      }
    },
    {
      "type": "Feature",
      "properties": {
        "rank": 40,
        "h_pre": 0.8289,
        "h_ind": 0.8981,
        "h_ac": 0.8981,
        "settle_ind": 0.8459,
        "settle_ac": 0.8459,
        "settle_no_incentive": 0.805,
        "mechanism": "environment_led",
        "dominant_incentive": "trade",
        "ac_kwh_pc_yr": 0.0,
        "ac_water_l_pc_day": 0.0,
        "lon": 41.48437499999999,
        "lat": -25.983061585234783
      },
      "geometry": {
        "type": "Polygon",
        "coordinates": [
          [
            [
              42.106523571759624,
              -26.184003769865395
            ],
            [
              41.748499779215905,
              -25.31663937349988
            ],
            [
              41.53624177793153,
              -25.28566964939096
            ],
            [
              41.00867499156184,
              -25.64515673488698
            ],
            [
              41.08513444541091,
              -26.152497141234697
            ],
            [
              41.08911933544771,
              -26.59118897352386
            ],
            [
              41.999500122604545,
              -26.40020303423469
            ],
            [
              42.106523571759624,
              -26.184003769865395
            ]
          ]
        ]
      }
    },
    {
      "type": "Feature",
      "properties": {
        "rank": 41,
        "h_pre": 0.877,
        "h_ind": 0.9111,
        "h_ac": 0.9111,
        "settle_ind": 0.8444,
        "settle_ac": 0.8444,
        "settle_no_incentive": 0.8238,
        "mechanism": "environment_led",
        "dominant_incentive": "trade",
        "ac_kwh_pc_yr": 0.0,
        "ac_water_l_pc_day": 0.0,
        "lon": -107.578125,
        "lat": -6.034873109093681
      },
      "geometry": {
        "type": "Polygon",
        "coordinates": [
          [
            [
              -107.26261511065053,
              -5.981360627240834
            ],
            [
              -107.37706779267354,
              -5.544126870352391
            ],
            [
              -107.69674442446998,
              -5.29962297768423
            ],
            [
              -107.85646026740137,
              -5.802708988452082
            ],
            [
              -108.08941074222638,
              -6.553555016308685
            ],
            [
              -107.53172888838779,
              -6.412072944773713
            ],
            [
              -107.35625312221858,
              -6.246005192639105
            ],
            [
              -107.26261511065053,
              -5.981360627240834
            ]
          ]
        ]
      }
    },
    {
      "type": "Feature",
      "properties": {
        "rank": 42,
        "h_pre": 0.8675,
        "h_ind": 0.9143,
        "h_ac": 0.9143,
        "settle_ind": 0.8416,
        "settle_ac": 0.8416,
        "settle_no_incentive": 0.8326,
        "mechanism": "environment_led",
        "dominant_incentive": "trade",
        "ac_kwh_pc_yr": 0.0,
        "ac_water_l_pc_day": 0.0,
        "lon": -124.45312500000001,
        "lat": 2.9001111263329
      },
      "geometry": {
        "type": "Polygon",
        "coordinates": [
          [
            [
              -123.89673802172287,
              2.877680453613286
            ],
            [
              -124.07745660674466,
              3.1489855127049773
            ],
            [
              -124.68647735263677,
              3.4596594230397186
            ],
            [
              -125.0545282333565,
              3.212855996164552
            ],
            [
              -124.84195817265528,
              2.760288498917731
            ],
            [
              -124.7070977175399,
              2.228857306143051
            ],
            [
              -123.94962217404952,
              2.4593460130211224
            ],
            [
              -123.89673802172287,
              2.877680453613286
            ]
          ]
        ]
      }
    },
    {
      "type": "Feature",
      "properties": {
        "rank": 43,
        "h_pre": 0.8678,
        "h_ind": 0.922,
        "h_ac": 0.922,
        "settle_ind": 0.8414,
        "settle_ac": 0.8414,
        "settle_no_incentive": 0.8414,
        "mechanism": "environment_led",
        "dominant_incentive": "resource",
        "ac_kwh_pc_yr": 0.0,
        "ac_water_l_pc_day": 0.0,
        "lon": -111.796875,
        "lat": 29.775110763691217
      },
      "geometry": {
        "type": "Polygon",
        "coordinates": [
          [
            [
              -111.21658518949896,
              29.78492929306438
            ],
            [
              -111.59072712258948,
              30.146843218619594
            ],
            [
              -111.85683774071968,
              30.41211929334253
            ],
            [
              -112.65064133539323,
              30.17166026759371
            ],
            [
              -112.43154347296993,
              29.306131926810497
            ],
            [
              -112.13337611435735,
              29.132811462159804
            ],
            [
              -111.51069797934672,
              29.37893552676294
            ],
            [
              -111.21658518949896,
              29.78492929306438
            ]
          ]
        ]
      }
    },
    {
      "type": "Feature",
      "properties": {
        "rank": 44,
        "h_pre": 0.6968,
        "h_ind": 0.7948,
        "h_ac": 0.7948,
        "settle_ind": 0.8407,
        "settle_ac": 0.8407,
        "settle_no_incentive": 0.6236,
        "mechanism": "environment_led",
        "dominant_incentive": "trade",
        "ac_kwh_pc_yr": 0.0,
        "ac_water_l_pc_day": 0.0,
        "lon": -44.296875,
        "lat": -34.929533592634456
      },
      "geometry": {
        "type": "Polygon",
        "coordinates": [
          [
            [
              -43.530397686005,
              -35.04700428199713
            ],
            [
              -44.08829330707082,
              -34.59408973732442
            ],
            [
              -44.38397954615903,
              -34.3106072014367
            ],
            [
              -44.7604867340509,
              -34.57924913925003
            ],
            [
              -45.21397192092889,
              -35.31474229031712
            ],
            [
              -44.494743360600175,
              -35.2519491195879
            ],
            [
              -43.87028897357102,
              -35.4719133977504
            ],
            [
              -43.530397686005,
              -35.04700428199713
            ]
          ]
        ]
      }
    },
    {
      "type": "Feature",
      "properties": {
        "rank": 45,
        "h_pre": 0.8576,
        "h_ind": 0.9078,
        "h_ac": 0.9078,
        "settle_ind": 0.8393,
        "settle_ac": 0.8393,
        "settle_no_incentive": 0.8207,
        "mechanism": "environment_led",
        "dominant_incentive": "trade",
        "ac_kwh_pc_yr": 0.0,
        "ac_water_l_pc_day": 0.0,
        "lon": -101.953125,
        "lat": -18.601343565283173
      },
      "geometry": {
        "type": "Polygon",
        "coordinates": [
          [
            [
              -101.5901658650082,
              -18.496037131969025
            ],
            [
              -101.69869575354754,
              -18.390313176859827
            ],
            [
              -102.22310640921614,
              -18.001389277205085
            ],
            [
              -102.56852975798556,
              -18.013353389391803
            ],
            [
              -102.5568906375615,
              -19.014202312354094
            ],
            [
              -101.94007128510304,
              -19.340363698274643
            ],
            [
              -101.49784885053658,
              -18.896935433153143
            ],
            [
              -101.5901658650082,
              -18.496037131969025
            ]
          ]
        ]
      }
    },
    {
      "type": "Feature",
      "properties": {
        "rank": 46,
        "h_pre": 0.7711,
        "h_ind": 0.8872,
        "h_ac": 0.8872,
        "settle_ind": 0.8374,
        "settle_ac": 0.8374,
        "settle_no_incentive": 0.7845,
        "mechanism": "environment_led",
        "dominant_incentive": "trade",
        "ac_kwh_pc_yr": 0.0,
        "ac_water_l_pc_day": 0.0,
        "lon": -39.76696593034278,
        "lat": -54.39541965708053
      },
      "geometry": {
        "type": "Polygon",
        "coordinates": [
          [
            [
              -38.5594601383892,
              -54.64336158442999
            ],
            [
              -38.86955634024175,
              -53.811355350115434
            ],
            [
              -39.626511050297204,
              -53.69149225722856
            ],
            [
              -40.412053344971866,
              -54.306573209505736
            ],
            [
              -40.304986932687505,
              -54.51548927352326
            ],
            [
              -40.020109501657174,
              -54.93295969113784
            ],
            [
              -39.09374760820951,
              -54.8691727493722
            ],
            [
              -38.5594601383892,
              -54.64336158442999
            ]
          ]
        ]
      }
    },
    {
      "type": "Feature",
      "properties": {
        "rank": 47,
        "h_pre": 0.8755,
        "h_ind": 0.9179,
        "h_ac": 0.9179,
        "settle_ind": 0.8367,
        "settle_ac": 0.8367,
        "settle_no_incentive": 0.8367,
        "mechanism": "environment_led",
        "dominant_incentive": "resource",
        "ac_kwh_pc_yr": 0.0,
        "ac_water_l_pc_day": 0.0,
        "lon": -132.890625,
        "lat": 15.234209262365354
      },
      "geometry": {
        "type": "Polygon",
        "coordinates": [
          [
            [
              -132.503945069427,
              15.227913767653572
            ],
            [
              -132.51255121716167,
              15.711626534309193
            ],
            [
              -132.98572096982696,
              15.533224442024066
            ],
            [
              -133.47236566274464,
              15.421293140631363
            ],
            [
              -133.55697420058908,
              15.166831685735694
            ],
            [
              -132.94911070861477,
              14.446145946996868
            ],
            [
              -132.48684243003655,
              14.843329826606563
            ],
            [
              -132.503945069427,
              15.227913767653572
            ]
          ]
        ]
      }
    },
    {
      "type": "Feature",
      "properties": {
        "rank": 48,
        "h_pre": 0.8702,
        "h_ind": 0.9114,
        "h_ac": 0.9114,
        "settle_ind": 0.8355,
        "settle_ac": 0.8355,
        "settle_no_incentive": 0.8278,
        "mechanism": "environment_led",
        "dominant_incentive": "trade",
        "ac_kwh_pc_yr": 0.0,
        "ac_water_l_pc_day": 0.0,
        "lon": -101.953125,
        "lat": -8.94567203404487
      },
      "geometry": {
        "type": "Polygon",
        "coordinates": [
          [
            [
              -101.09763566118419,
              -8.783329163453983
            ],
            [
              -101.46823593914331,
              -8.608836650382514
            ],
            [
              -101.99164470176413,
              -8.631137377931397
            ],
            [
              -102.34228546990344,
              -8.685338859516788
            ],
            [
              -102.31024286361826,
              -9.186654408647154
            ],
            [
              -101.88962463545549,
              -9.78164216024228
            ],
            [
              -101.39117398802334,
              -9.58731355344635
            ],
            [
              -101.09763566118419,
              -8.783329163453983
            ]
          ]
        ]
      }
    },
    {
      "type": "Feature",
      "properties": {
        "rank": 49,
        "h_pre": 0.7161,
        "h_ind": 0.8095,
        "h_ac": 0.8095,
        "settle_ind": 0.8336,
        "settle_ac": 0.8336,
        "settle_no_incentive": 0.6584,
        "mechanism": "environment_led",
        "dominant_incentive": "trade",
        "ac_kwh_pc_yr": 0.0,
        "ac_water_l_pc_day": 0.0,
        "lon": -117.42187500000001,
        "lat": 31.34096286598441
      },
      "geometry": {
        "type": "Polygon",
        "coordinates": [
          [
            [
              -117.0384502652126,
              31.32827420565637
            ],
            [
              -116.65952589646498,
              31.74125060546958
            ],
            [
              -117.67446624564113,
              31.719149688712957
            ],
            [
              -117.77838044891097,
              31.414034823504448
            ],
            [
              -118.2647087119622,
              31.116535506808997
            ],
            [
              -117.3909091669168,
              30.722456640654055
            ],
            [
              -117.045768530224,
              30.884373956449714
            ],
            [
              -117.0384502652126,
              31.32827420565637
            ]
          ]
        ]
      }
    },
    {
      "type": "Feature",
      "properties": {
        "rank": 50,
        "h_pre": 0.8572,
        "h_ind": 0.9197,
        "h_ac": 0.9197,
        "settle_ind": 0.8329,
        "settle_ac": 0.8329,
        "settle_no_incentive": 0.8329,
        "mechanism": "environment_led",
        "dominant_incentive": "resource",
        "ac_kwh_pc_yr": 0.0,
        "ac_water_l_pc_day": 0.0,
        "lon": 141.328125,
        "lat": 34.619587632358694
      },
      "geometry": {
        "type": "Polygon",
        "coordinates": [
          [
            [
              142.31969296932579,
              34.74674885268977
            ],
            [
              141.97360995740266,
              35.15488584441928
            ],
            [
              141.16619990036924,
              34.87987401701265
            ],
            [
              140.7786718087141,
              35.044222738069095
            ],
            [
              140.70226511293785,
              34.41831312538752
            ],
            [
              141.22592355264302,
              34.22054091194353
            ],
            [
              141.72918010643534,
              34.274143939153674
            ],
            [
              142.31969296932579,
              34.74674885268977
            ]
          ]
        ]
      }
    },
    {
      "type": "Feature",
      "properties": {
        "rank": 51,
        "h_pre": 0.8304,
        "h_ind": 0.9054,
        "h_ac": 0.9054,
        "settle_ind": 0.8319,
        "settle_ac": 0.8319,
        "settle_no_incentive": 0.8098,
        "mechanism": "environment_led",
        "dominant_incentive": "trade",
        "ac_kwh_pc_yr": 0.0,
        "ac_water_l_pc_day": 0.0,
        "lon": 37.265625,
        "lat": -35.134441992360244
      },
      "geometry": {
        "type": "Polygon",
        "coordinates": [
          [
            [
              38.24417202999904,
              -35.13627980826886
            ],
            [
              37.71065723331483,
              -34.828720935709086
            ],
            [
              37.33898901786209,
              -34.42489837121002
            ],
            [
              36.600345531920155,
              -34.92597906054746
            ],
            [
              36.692643081812435,
              -35.34861513453942
            ],
            [
              36.918730217538716,
              -35.66634450993749
            ],
            [
              37.75621080392267,
              -35.55361369929969
            ],
            [
              38.24417202999904,
              -35.13627980826886
            ]
          ]
        ]
      }
    },
    {
      "type": "Feature",
      "properties": {
        "rank": 52,
        "h_pre": 0.7314,
        "h_ind": 0.8102,
        "h_ac": 0.8102,
        "settle_ind": 0.8306,
        "settle_ac": 0.8306,
        "settle_no_incentive": 0.6326,
        "mechanism": "environment_led",
        "dominant_incentive": "resource",
        "ac_kwh_pc_yr": 0.0,
        "ac_water_l_pc_day": 0.0,
        "lon": 58.35937500000001,
        "lat": -11.43018193627162
      },
      "geometry": {
        "type": "Polygon",
        "coordinates": [
          [
            [
              58.77252693471023,
              -11.347601400598737
            ],
            [
              58.64579135982996,
              -10.840073935149258
            ],
            [
              58.400381842579414,
              -10.791611883240106
            ],
            [
              58.02357824588268,
              -11.320463856538856
            ],
            [
              57.928545353738286,
              -11.53938512087868
            ],
            [
              58.34054629838957,
              -11.845016628269738
            ],
            [
              58.782842283033936,
              -12.140208757916458
            ],
            [
              58.77252693471023,
              -11.347601400598737
            ]
          ]
        ]
      }
    },
    {
      "type": "Feature",
      "properties": {
        "rank": 53,
        "h_pre": 0.8726,
        "h_ind": 0.9146,
        "h_ac": 0.9146,
        "settle_ind": 0.8305,
        "settle_ac": 0.8305,
        "settle_no_incentive": 0.8297,
        "mechanism": "environment_led",
        "dominant_incentive": "trade",
        "ac_kwh_pc_yr": 0.0,
        "ac_water_l_pc_day": 0.0,
        "lon": -100.546875,
        "lat": -11.756849920025385
      },
      "geometry": {
        "type": "Polygon",
        "coordinates": [
          [
            [
              -100.02521393728911,
              -11.675811935083269
            ],
            [
              -100.21437179638461,
              -11.463551670344847
            ],
            [
              -100.7347287046147,
              -11.382671416514876
            ],
            [
              -101.2476333317055,
              -11.239446950342158
            ],
            [
              -101.13606930138181,
              -12.328382003731887
            ],
            [
              -100.85897514597575,
              -12.397141327662583
            ],
            [
              -99.89884578585908,
              -12.20093954369153
            ],
            [
              -100.02521393728911,
              -11.675811935083269
            ]
          ]
        ]
      }
    },
    {
      "type": "Feature",
      "properties": {
        "rank": 54,
        "h_pre": 0.8642,
        "h_ind": 0.9155,
        "h_ac": 0.9155,
        "settle_ind": 0.83,
        "settle_ac": 0.83,
        "settle_no_incentive": 0.83,
        "mechanism": "environment_led",
        "dominant_incentive": "resource",
        "ac_kwh_pc_yr": 0.0,
        "ac_water_l_pc_day": 0.0,
        "lon": -134.296875,
        "lat": 17.056475999732
      },
      "geometry": {
        "type": "Polygon",
        "coordinates": [
          [
            [
              -133.90230814578177,
              17.052581491005064
            ],
            [
              -133.8456449917136,
              17.467752670613265
            ],
            [
              -134.2243835816515,
              17.842108493248745
            ],
            [
              -134.64229069228819,
              17.123170234165805
            ],
            [
              -135.04033657209672,
              16.726426226381708
            ],
            [
              -134.31714988200983,
              16.395996850677655
            ],
            [
              -134.14031285916687,
              16.65021853812675
            ],
            [
              -133.90230814578177,
              17.052581491005064
            ]
          ]
        ]
      }
    },
    {
      "type": "Feature",
      "properties": {
        "rank": 55,
        "h_pre": 0.8338,
        "h_ind": 0.9116,
        "h_ac": 0.9116,
        "settle_ind": 0.8276,
        "settle_ac": 0.8276,
        "settle_no_incentive": 0.8196,
        "mechanism": "environment_led",
        "dominant_incentive": "trade",
        "ac_kwh_pc_yr": 0.0,
        "ac_water_l_pc_day": 0.0,
        "lon": 173.67187500000003,
        "lat": 37.0970193504085
      },
      "geometry": {
        "type": "Polygon",
        "coordinates": [
          [
            [
              174.63989850980397,
              37.21496159583505
            ],
            [
              174.0607425890359,
              37.357685034101976
            ],
            [
              173.4712307234715,
              37.63760446107382
            ],
            [
              173.22677520508861,
              37.14301529325001
            ],
            [
              173.34022859157255,
              36.95586683824813
            ],
            [
              173.72564142936912,
              36.5283661259297
            ],
            [
              173.85383494065044,
              36.735464744452116
            ],
            [
              174.63989850980397,
              37.21496159583505
            ]
          ]
        ]
      }
    },
    {
      "type": "Feature",
      "properties": {
        "rank": 56,
        "h_pre": 0.8537,
        "h_ind": 0.9152,
        "h_ac": 0.9152,
        "settle_ind": 0.8263,
        "settle_ac": 0.8263,
        "settle_no_incentive": 0.8263,
        "mechanism": "environment_led",
        "dominant_incentive": "resource",
        "ac_kwh_pc_yr": 0.0,
        "ac_water_l_pc_day": 0.0,
        "lon": -75.234375,
        "lat": 33.56110637817428
      },
      "geometry": {
        "type": "Polygon",
        "coordinates": [
          [
            [
              -74.34302582072739,
              33.781354417033135
            ],
            [
              -74.64319856970555,
              33.96984810664575
            ],
            [
              -75.36683370580475,
              33.9283938022426
            ],
            [
              -75.5513564648089,
              33.73757066554156
            ],
            [
              -76.1839502519639,
              33.28552481789624
            ],
            [
              -75.30412529330896,
              32.942140424260515
            ],
            [
              -75.08754211258868,
              33.246901303763956
            ],
            [
              -74.34302582072739,
              33.781354417033135
            ]
          ]
        ]
      }
    },
    {
      "type": "Feature",
      "properties": {
        "rank": 57,
        "h_pre": 0.8296,
        "h_ind": 0.9126,
        "h_ac": 0.9126,
        "settle_ind": 0.8261,
        "settle_ac": 0.8261,
        "settle_no_incentive": 0.8199,
        "mechanism": "environment_led",
        "dominant_incentive": "trade",
        "ac_kwh_pc_yr": 0.0,
        "ac_water_l_pc_day": 0.0,
        "lon": 39.31880812800397,
        "lat": -39.78755530511462
      },
      "geometry": {
        "type": "Polygon",
        "coordinates": [
          [
            [
              39.717256630770535,
              -39.71587760717536
            ],
            [
              39.6849576493229,
              -39.36521718030424
            ],
            [
              39.28686593292014,
              -39.4670520835793
            ],
            [
              38.55680053694751,
              -39.556496518127595
            ],
            [
              38.229807591995026,
              -39.99666376222972
            ],
            [
              39.07220268476345,
              -40.571831237602495
            ],
            [
              39.781114183806444,
              -40.037714967623636
            ],
            [
              39.717256630770535,
              -39.71587760717536
            ]
          ]
        ]
      }
    },
    {
      "type": "Feature",
      "properties": {
        "rank": 58,
        "h_pre": 0.8501,
        "h_ind": 0.9153,
        "h_ac": 0.9153,
        "settle_ind": 0.826,
        "settle_ac": 0.826,
        "settle_no_incentive": 0.826,
        "mechanism": "environment_led",
        "dominant_incentive": "resource",
        "ac_kwh_pc_yr": 0.0,
        "ac_water_l_pc_day": 0.0,
        "lon": 142.734375,
        "lat": 37.83076774688346
      },
      "geometry": {
        "type": "Polygon",
        "coordinates": [
          [
            [
              143.8060629376595,
              37.860529842501116
            ],
            [
              142.9282645718636,
              38.27050107252084
            ],
            [
              142.82267011010893,
              38.66781353081283
            ],
            [
              142.33123278752012,
              37.95130265833756
            ],
            [
              142.22718408126522,
              37.72742811264453
            ],
            [
              142.4782576589984,
              37.36643869365373
            ],
            [
              142.951725690033,
              37.52850299058293
            ],
            [
              143.8060629376595,
              37.860529842501116
            ]
          ]
        ]
      }
    },
    {
      "type": "Feature",
      "properties": {
        "rank": 59,
        "h_pre": 0.6726,
        "h_ind": 0.7736,
        "h_ac": 0.7736,
        "settle_ind": 0.8257,
        "settle_ac": 0.8257,
        "settle_no_incentive": 0.5843,
        "mechanism": "environment_led",
        "dominant_incentive": "trade",
        "ac_kwh_pc_yr": 0.0,
        "ac_water_l_pc_day": 0.0,
        "lon": 38.57260675972009,
        "lat": -50.23528964128674
      },
      "geometry": {
        "type": "Polygon",
        "coordinates": [
          [
            [
              39.38193802442922,
              -50.21650324514088
            ],
            [
              39.270156912695676,
              -49.931607169452235
            ],
            [
              38.452517673186584,
              -49.67918221027805
            ],
            [
              37.85820814302125,
              -49.9030214546462
            ],
            [
              37.85525494891035,
              -50.49514444255624
            ],
            [
              38.67206089850851,
              -51.03975987276377
            ],
            [
              39.24277559157937,
              -50.688790478440154
            ],
            [
              39.38193802442922,
              -50.21650324514088
            ]
          ]
        ]
      }
    },
    {
      "type": "Feature",
      "properties": {
        "rank": 60,
        "h_pre": 0.6947,
        "h_ind": 0.7666,
        "h_ac": 0.7666,
        "settle_ind": 0.8256,
        "settle_ac": 0.8256,
        "settle_no_incentive": 0.5354,
        "mechanism": "environment_led",
        "dominant_incentive": "resource",
        "ac_kwh_pc_yr": 0.0,
        "ac_water_l_pc_day": 0.0,
        "lon": -116.01562499999999,
        "lat": -8.227824299110932
      },
      "geometry": {
        "type": "Polygon",
        "coordinates": [
          [
            [
              -115.3531258536133,
              -8.070619152243939
            ],
            [
              -115.85866021193728,
              -7.930185814253785
            ],
            [
              -116.02363640819016,
              -7.714566210917756
            ],
            [
              -116.34006624660827,
              -8.155521708999524
            ],
            [
              -116.67407091536573,
              -8.62026320601642
            ],
            [
              -116.09219562106858,
              -8.636925120992208
            ],
            [
              -115.46899900490236,
              -8.861152157555956
            ],
            [
              -115.3531258536133,
              -8.070619152243939
            ]
          ]
        ]
      }
    },
    {
      "type": "Feature",
      "properties": {
        "rank": 61,
        "h_pre": 0.8036,
        "h_ind": 0.8839,
        "h_ac": 0.8839,
        "settle_ind": 0.8233,
        "settle_ac": 0.8233,
        "settle_no_incentive": 0.7798,
        "mechanism": "environment_led",
        "dominant_incentive": "trade",
        "ac_kwh_pc_yr": 0.0,
        "ac_water_l_pc_day": 0.0,
        "lon": 132.890625,
        "lat": -35.56057253711163
      },
      "geometry": {
        "type": "Polygon",
        "coordinates": [
          [
            [
              133.45828227414233,
              -35.4294654438295
            ],
            [
              133.53199603499024,
              -35.18873532723845
            ],
            [
              132.78526674296035,
              -35.265780404801276
            ],
            [
              132.0307490080983,
              -35.20208925493438
            ],
            [
              131.95559104959793,
              -35.72711048076348
            ],
            [
              132.6018443988015,
              -36.102290522535185
            ],
            [
              133.3218682641059,
              -36.03042481818172
            ],
            [
              133.45828227414233,
              -35.4294654438295
            ]
          ]
        ]
      }
    },
    {
      "type": "Feature",
      "properties": {
        "rank": 62,
        "h_pre": 0.6852,
        "h_ind": 0.7872,
        "h_ac": 0.7872,
        "settle_ind": 0.8218,
        "settle_ac": 0.8218,
        "settle_no_incentive": 0.6051,
        "mechanism": "environment_led",
        "dominant_incentive": "trade",
        "ac_kwh_pc_yr": 0.0,
        "ac_water_l_pc_day": 0.0,
        "lon": -44.296875,
        "lat": -32.32878953457269
      },
      "geometry": {
        "type": "Polygon",
        "coordinates": [
          [
            [
              -43.348593959933964,
              -32.62054645866811
            ],
            [
              -43.9562569183013,
              -32.08021213849463
            ],
            [
              -44.55351150736224,
              -31.72284306428945
            ],
            [
              -44.63338628867841,
              -32.25995552651261
            ],
            [
              -44.777358666940145,
              -32.42787404650291
            ],
            [
              -44.296049468502105,
              -32.90534966357101
            ],
            [
              -44.10433511962431,
              -32.75925232683528
            ],
            [
              -43.348593959933964,
              -32.62054645866811
            ]
          ]
        ]
      }
    },
    {
      "type": "Feature",
      "properties": {
        "rank": 63,
        "h_pre": 0.6831,
        "h_ind": 0.7849,
        "h_ac": 0.7849,
        "settle_ind": 0.8196,
        "settle_ac": 0.8196,
        "settle_no_incentive": 0.6068,
        "mechanism": "environment_led",
        "dominant_incentive": "trade",
        "ac_kwh_pc_yr": 0.0,
        "ac_water_l_pc_day": 0.0,
        "lon": -90.703125,
        "lat": 11.952250837598605
      },
      "geometry": {
        "type": "Polygon",
        "coordinates": [
          [
            [
              -90.35057452259527,
              12.044959554708237
            ],
            [
              -90.11165091194786,
              12.326343347176202
            ],
            [
              -90.94929228461596,
              12.52767640800405
            ],
            [
              -91.23468182140758,
              12.131335826215377
            ],
            [
              -91.19372678262505,
              11.783464893128544
            ],
            [
              -90.72031187078571,
              11.62362521575579
            ],
            [
              -90.43593900608141,
              11.598564513144924
            ],
            [
              -90.35057452259527,
              12.044959554708237
            ]
          ]
        ]
      }
    },
    {
      "type": "Feature",
      "properties": {
        "rank": 64,
        "h_pre": 0.697,
        "h_ind": 0.8003,
        "h_ac": 0.8003,
        "settle_ind": 0.8192,
        "settle_ac": 0.8192,
        "settle_no_incentive": 0.624,
        "mechanism": "environment_led",
        "dominant_incentive": "trade",
        "ac_kwh_pc_yr": 0.0,
        "ac_water_l_pc_day": 0.0,
        "lon": -44.296875,
        "lat": -29.805457899753847
      },
      "geometry": {
        "type": "Polygon",
        "coordinates": [
          [
            [
              -43.61690152846307,
              -29.77740105461473
            ],
            [
              -43.70188191172043,
              -29.36682459782341
            ],
            [
              -44.57116826477103,
              -29.251666167658822
            ],
            [
              -44.80465382285973,
              -29.67988515869061
            ],
            [
              -45.140220039197,
              -30.18882859063202
            ],
            [
              -44.45449350559408,
              -30.371420684594135
            ],
            [
              -43.60463341825183,
              -30.281070611237983
            ],
            [
              -43.61690152846307,
              -29.77740105461473
            ]
          ]
        ]
      }
    },
    {
      "type": "Feature",
      "properties": {
        "rank": 65,
        "h_pre": 0.7151,
        "h_ind": 0.7973,
        "h_ac": 0.7973,
        "settle_ind": 0.8188,
        "settle_ac": 0.8188,
        "settle_no_incentive": 0.6137,
        "mechanism": "environment_led",
        "dominant_incentive": "resource",
        "ac_kwh_pc_yr": 0.0,
        "ac_water_l_pc_day": 0.0,
        "lon": 58.35937500000001,
        "lat": -9.00701264175803
      },
      "geometry": {
        "type": "Polygon",
        "coordinates": [
          [
            [
              59.009769205004,
              -9.213705575096697
            ],
            [
              58.78415538905318,
              -8.687051388896784
            ],
            [
              58.01049296415383,
              -8.389924032327503
            ],
            [
              57.58867157703277,
              -8.752351293070975
            ],
            [
              57.59810385926264,
              -9.354555311144011
            ],
            [
              58.208445951482624,
              -9.41872982642358
            ],
            [
              58.91840344787157,
              -9.346559187075488
            ],
            [
              59.009769205004,
              -9.213705575096697
            ]
          ]
        ]
      }
    },
    {
      "type": "Feature",
      "properties": {
        "rank": 66,
        "h_pre": 0.8653,
        "h_ind": 0.9078,
        "h_ac": 0.9078,
        "settle_ind": 0.817,
        "settle_ac": 0.817,
        "settle_no_incentive": 0.817,
        "mechanism": "environment_led",
        "dominant_incentive": "resource",
        "ac_kwh_pc_yr": 0.0,
        "ac_water_l_pc_day": 0.0,
        "lon": -108.984375,
        "lat": -0.6648836827225253
      },
      "geometry": {
        "type": "Polygon",
        "coordinates": [
          [
            [
              -108.17479890745024,
              -0.8803461395990738
            ],
            [
              -108.7818752712899,
              -0.061061773970294
            ],
            [
              -109.03149567300285,
              -0.3048689641558831
            ],
            [
              -109.29071180627211,
              -0.6311775577018502
            ],
            [
              -109.51971995209912,
              -0.7476006858499398
            ],
            [
              -109.11965971796972,
              -0.9872053652652502
            ],
            [
              -108.35183053901746,
              -1.16963857004275
            ],
            [
              -108.17479890745024,
              -0.8803461395990738
            ]
          ]
        ]
      }
    },
    {
      "type": "Feature",
      "properties": {
        "rank": 67,
        "h_pre": 0.8212,
        "h_ind": 0.9092,
        "h_ac": 0.9092,
        "settle_ind": 0.8138,
        "settle_ac": 0.8138,
        "settle_no_incentive": 0.8113,
        "mechanism": "environment_led",
        "dominant_incentive": "trade",
        "ac_kwh_pc_yr": 0.0,
        "ac_water_l_pc_day": 0.0,
        "lon": -40.746771212525076,
        "lat": -39.19876351518387
      },
      "geometry": {
        "type": "Polygon",
        "coordinates": [
          [
            [
              -40.158821370452976,
              -39.049466231964466
            ],
            [
              -40.35440949520651,
              -38.71491262859291
            ],
            [
              -40.670574489718256,
              -38.61945054060585
            ],
            [
              -41.316327289739114,
              -39.079009156974784
            ],
            [
              -41.293370973311745,
              -39.565592160764815
            ],
            [
              -40.84436312453056,
              -39.52904848125897
            ],
            [
              -40.133308230413526,
              -39.78472276957715
            ],
            [
              -40.158821370452976,
              -39.049466231964466
            ]
          ]
        ]
      }
    },
    {
      "type": "Feature",
      "properties": {
        "rank": 68,
        "h_pre": 0.8493,
        "h_ind": 0.8989,
        "h_ac": 0.8989,
        "settle_ind": 0.8125,
        "settle_ac": 0.8125,
        "settle_no_incentive": 0.8007,
        "mechanism": "environment_led",
        "dominant_incentive": "trade",
        "ac_kwh_pc_yr": 0.0,
        "ac_water_l_pc_day": 0.0,
        "lon": -131.484375,
        "lat": 11.169358291602911
      },
      "geometry": {
        "type": "Polygon",
        "coordinates": [
          [
            [
              -130.82313570675214,
              10.957776983445518
            ],
            [
              -131.0969989268134,
              11.682073457277873
            ],
            [
              -131.66425253473048,
              11.571397836354164
            ],
            [
              -132.03932667447984,
              11.380872944248358
            ],
            [
              -132.11644765232407,
              10.638804666092987
            ],
            [
              -131.5687938978369,
              10.765089224319077
            ],
            [
              -131.1156045680503,
              10.569644895392573
            ],
            [
              -130.82313570675214,
              10.957776983445518
            ]
          ]
        ]
      }
    },
    {
      "type": "Feature",
      "properties": {
        "rank": 69,
        "h_pre": 0.8197,
        "h_ind": 0.8653,
        "h_ac": 0.8653,
        "settle_ind": 0.8123,
        "settle_ac": 0.8123,
        "settle_no_incentive": 0.7544,
        "mechanism": "environment_led",
        "dominant_incentive": "trade",
        "ac_kwh_pc_yr": 0.0,
        "ac_water_l_pc_day": 0.0,
        "lon": -117.42187500000001,
        "lat": -3.1214384474366446
      },
      "geometry": {
        "type": "Polygon",
        "coordinates": [
          [
            [
              -116.5706258140214,
              -3.027087001792594
            ],
            [
              -117.1599834411097,
              -2.857474263385601
            ],
            [
              -117.37869194396691,
              -2.688245823881449
            ],
            [
              -118.03151084892899,
              -2.647872032307695
            ],
            [
              -118.12494706415434,
              -3.327103536759899
            ],
            [
              -117.56654154995283,
              -3.969748033321536
            ],
            [
              -117.07250338711248,
              -3.7856646989101153
            ],
            [
              -116.5706258140214,
              -3.027087001792594
            ]
          ]
        ]
      }
    },
    {
      "type": "Feature",
      "properties": {
        "rank": 70,
        "h_pre": 0.8278,
        "h_ind": 0.8733,
        "h_ac": 0.8733,
        "settle_ind": 0.811,
        "settle_ac": 0.811,
        "settle_no_incentive": 0.7573,
        "mechanism": "environment_led",
        "dominant_incentive": "trade",
        "ac_kwh_pc_yr": 0.0,
        "ac_water_l_pc_day": 0.0,
        "lon": -86.484375,
        "lat": 14.739048579426544
      },
      "geometry": {
        "type": "Polygon",
        "coordinates": [
          [
            [
              -85.9656109043304,
              14.908991970209057
            ],
            [
              -86.31096471053003,
              15.099950430612983
            ],
            [
              -86.58910713384361,
              15.195478221805615
            ],
            [
              -86.85426882243549,
              15.02189203788833
            ],
            [
              -87.00352464877852,
              14.457255195663244
            ],
            [
              -86.69958400075505,
              13.982256002146876
            ],
            [
              -86.35397815716003,
              14.454119781186805
            ],
            [
              -85.9656109043304,
              14.908991970209057
            ]
          ]
        ]
      }
    },
    {
      "type": "Feature",
      "properties": {
        "rank": 71,
        "h_pre": 0.6429,
        "h_ind": 0.7689,
        "h_ac": 0.7689,
        "settle_ind": 0.8108,
        "settle_ac": 0.8108,
        "settle_no_incentive": 0.5727,
        "mechanism": "environment_led",
        "dominant_incentive": "trade",
        "ac_kwh_pc_yr": 0.0,
        "ac_water_l_pc_day": 0.0,
        "lon": 63.06931103798885,
        "lat": -59.80298619260823
      },
      "geometry": {
        "type": "Polygon",
        "coordinates": [
          [
            [
              64.43825322222314,
              -59.947790750370025
            ],
            [
              63.720988836800025,
              -59.46100014532158
            ],
            [
              62.67911153254808,
              -58.96068185210246
            ],
            [
              62.350730093655855,
              -59.692632198460814
            ],
            [
              61.92328325120758,
              -60.378073131673
            ],
            [
              62.9620712081641,
              -60.30057209715606
            ],
            [
              64.08597878395966,
              -60.148210992104296
            ],
            [
              64.43825322222314,
              -59.947790750370025
            ]
          ]
        ]
      }
    },
    {
      "type": "Feature",
      "properties": {
        "rank": 72,
        "h_pre": 0.6885,
        "h_ind": 0.7862,
        "h_ac": 0.7862,
        "settle_ind": 0.8101,
        "settle_ac": 0.8101,
        "settle_no_incentive": 0.621,
        "mechanism": "environment_led",
        "dominant_incentive": "trade",
        "ac_kwh_pc_yr": 0.0,
        "ac_water_l_pc_day": 0.0,
        "lon": -120.234375,
        "lat": 33.319005174525195
      },
      "geometry": {
        "type": "Polygon",
        "coordinates": [
          [
            [
              -119.57113356943442,
              33.33594416954261
            ],
            [
              -119.96586885426903,
              33.74558330753375
            ],
            [
              -120.28140524619765,
              33.74468327165968
            ],
            [
              -121.0248206677973,
              33.88159373052999
            ],
            [
              -120.92291128469869,
              32.97304379979922
            ],
            [
              -120.23734651602165,
              32.61178462645712
            ],
            [
              -119.62728701622557,
              32.70798641781409
            ],
            [
              -119.57113356943442,
              33.33594416954261
            ]
          ]
        ]
      }
    },
    {
      "type": "Feature",
      "properties": {
        "rank": 73,
        "h_pre": 0.7565,
        "h_ind": 0.8084,
        "h_ac": 0.8084,
        "settle_ind": 0.8071,
        "settle_ac": 0.8071,
        "settle_no_incentive": 0.5883,
        "mechanism": "environment_led",
        "dominant_incentive": "resource",
        "ac_kwh_pc_yr": 0.0,
        "ac_water_l_pc_day": 0.0,
        "lon": 51.328125,
        "lat": -24.466826935033062
      },
      "geometry": {
        "type": "Polygon",
        "coordinates": [
          [
            [
              51.96788725343232,
              -24.676938197030655
            ],
            [
              51.58829894697787,
              -24.280649995894155
            ],
            [
              51.22782922998478,
              -24.126338244493684
            ],
            [
              51.019005572114175,
              -24.391324671297482
            ],
            [
              50.660377930190066,
              -24.643540623989136
            ],
            [
              51.29803585625154,
              -25.29835727348061
            ],
            [
              51.7882353348852,
              -24.76418721298605
            ],
            [
              51.96788725343232,
              -24.676938197030655
            ]
          ]
        ]
      }
    },
    {
      "type": "Feature",
      "properties": {
        "rank": 74,
        "h_pre": 0.8266,
        "h_ind": 0.8721,
        "h_ac": 0.8721,
        "settle_ind": 0.8066,
        "settle_ac": 0.8066,
        "settle_no_incentive": 0.7619,
        "mechanism": "environment_led",
        "dominant_incentive": "trade",
        "ac_kwh_pc_yr": 0.0,
        "ac_water_l_pc_day": 0.0,
        "lon": -124.45312500000001,
        "lat": 0.5797986686625975
      },
      "geometry": {
        "type": "Polygon",
        "coordinates": [
          [
            [
              -124.10100627968409,
              0.5583461082400031
            ],
            [
              -124.10521414942453,
              1.3788628272019756
            ],
            [
              -124.68521205703026,
              1.1660589049874877
            ],
            [
              -124.82598001877238,
              0.8080326416509515
            ],
            [
              -124.87817051839576,
              0.36980028067927784
            ],
            [
              -124.53975273964559,
              0.048413936042204564
            ],
            [
              -123.81136792373432,
              -0.015009129579530933
            ],
            [
              -124.10100627968409,
              0.5583461082400031
            ]
          ]
        ]
      }
    },
    {
      "type": "Feature",
      "properties": {
        "rank": 75,
        "h_pre": 0.66,
        "h_ind": 0.7732,
        "h_ac": 0.7732,
        "settle_ind": 0.8045,
        "settle_ac": 0.8045,
        "settle_no_incentive": 0.5828,
        "mechanism": "environment_led",
        "dominant_incentive": "trade",
        "ac_kwh_pc_yr": 0.0,
        "ac_water_l_pc_day": 0.0,
        "lon": 4.921875000000003,
        "lat": 37.16367794686403
      },
      "geometry": {
        "type": "Polygon",
        "coordinates": [
          [
            [
              5.789133729914212,
              37.06965637697483
            ],
            [
              5.419876430249248,
              37.50016605096916
            ],
            [
              4.945868570508439,
              37.60630595031008
            ],
            [
              4.231779886064899,
              37.5903363746438
            ],
            [
              4.4701977906443195,
              37.107669635033474
            ],
            [
              4.688449456281783,
              36.800457901771814
            ],
            [
              5.578715699905403,
              36.843940523062635
            ],
            [
              5.789133729914212,
              37.06965637697483
            ]
          ]
        ]
      }
    },
    {
      "type": "Feature",
      "properties": {
        "rank": 76,
        "h_pre": 0.7084,
        "h_ind": 0.7541,
        "h_ac": 0.7541,
        "settle_ind": 0.8042,
        "settle_ac": 0.8042,
        "settle_no_incentive": 0.4841,
        "mechanism": "environment_led",
        "dominant_incentive": "resource",
        "ac_kwh_pc_yr": 0.0,
        "ac_water_l_pc_day": 0.0,
        "lon": 151.171875,
        "lat": -3.0808324000470084
      },
      "geometry": {
        "type": "Polygon",
        "coordinates": [
          [
            [
              151.81793418365842,
              -3.3076856971848705
            ],
            [
              151.44131983650584,
              -2.577145992566375
            ],
            [
              151.1862813430587,
              -2.25702660744912
            ],
            [
              150.45502027863904,
              -2.832275356793826
            ],
            [
              150.7896866160339,
              -3.2207505019963896
            ],
            [
              150.99883929813203,
              -3.5905252185808876
            ],
            [
              151.3264508970529,
              -3.3884389535534236
            ],
            [
              151.81793418365842,
              -3.3076856971848705
            ]
          ]
        ]
      }
    },
    {
      "type": "Feature",
      "properties": {
        "rank": 77,
        "h_pre": 0.8126,
        "h_ind": 0.8624,
        "h_ac": 0.8624,
        "settle_ind": 0.8026,
        "settle_ac": 0.8026,
        "settle_no_incentive": 0.7466,
        "mechanism": "environment_led",
        "dominant_incentive": "trade",
        "ac_kwh_pc_yr": 0.0,
        "ac_water_l_pc_day": 0.0,
        "lon": -121.64062500000001,
        "lat": -0.5986173896492011
      },
      "geometry": {
        "type": "Polygon",
        "coordinates": [
          [
            [
              -121.15715167865852,
              -0.6038446560531312
            ],
            [
              -121.1392023884586,
              -0.236171314318319
            ],
            [
              -121.60746809002862,
              0.10662723927368212
            ],
            [
              -122.1429050708313,
              -0.4756766750524869
            ],
            [
              -122.35094826798533,
              -0.8319441003833767
            ],
            [
              -121.71849479623486,
              -1.384466071679817
            ],
            [
              -121.27824968201952,
              -1.3150817084077242
            ],
            [
              -121.15715167865852,
              -0.6038446560531312
            ]
          ]
        ]
      }
    },
    {
      "type": "Feature",
      "properties": {
        "rank": 78,
        "h_pre": 0.6563,
        "h_ind": 0.7802,
        "h_ac": 0.7839,
        "settle_ind": 0.799,
        "settle_ac": 0.8024,
        "settle_no_incentive": 0.5936,
        "mechanism": "environment_led",
        "dominant_incentive": "trade",
        "ac_kwh_pc_yr": 0.0,
        "ac_water_l_pc_day": 0.0,
        "lon": -82.265625,
        "lat": 14.637089986498664
      },
      "geometry": {
        "type": "Polygon",
        "coordinates": [
          [
            [
              -81.65850442172518,
              14.62476708575013
            ],
            [
              -82.02457201581893,
              14.953307714519534
            ],
            [
              -82.55799708551622,
              15.148219949053674
            ],
            [
              -82.9882201902444,
              15.096806838604998
            ],
            [
              -83.01382962800963,
              14.210395371170655
            ],
            [
              -82.28256652083671,
              14.021264691083799
            ],
            [
              -82.12957194328271,
              14.256423117390106
            ],
            [
              -81.65850442172518,
              14.62476708575013
            ]
          ]
        ]
      }
    },
    {
      "type": "Feature",
      "properties": {
        "rank": 79,
        "h_pre": 0.8608,
        "h_ind": 0.9073,
        "h_ac": 0.9073,
        "settle_ind": 0.8018,
        "settle_ac": 0.8018,
        "settle_no_incentive": 0.7956,
        "mechanism": "environment_led",
        "dominant_incentive": "trade",
        "ac_kwh_pc_yr": 0.0,
        "ac_water_l_pc_day": 0.0,
        "lon": 173.67187500000003,
        "lat": 28.68044485635717
      },
      "geometry": {
        "type": "Polygon",
        "coordinates": [
          [
            [
              174.48280592459744,
              28.4424727818174
            ],
            [
              174.23060567406125,
              29.260277467087846
            ],
            [
              173.2893407000787,
              29.21742863366758
            ],
            [
              173.3820358469258,
              28.877679008841927
            ],
            [
              173.35142730755354,
              28.58405578625829
            ],
            [
              173.6768976854319,
              28.01046424048632
            ],
            [
              173.94181209440094,
              28.172150859078272
            ],
            [
              174.48280592459744,
              28.4424727818174
            ]
          ]
        ]
      }
    },
    {
      "type": "Feature",
      "properties": {
        "rank": 80,
        "h_pre": 0.8304,
        "h_ind": 0.8725,
        "h_ac": 0.8725,
        "settle_ind": 0.8011,
        "settle_ac": 0.8011,
        "settle_no_incentive": 0.7506,
        "mechanism": "environment_led",
        "dominant_incentive": "trade",
        "ac_kwh_pc_yr": 0.0,
        "ac_water_l_pc_day": 0.0,
        "lon": -108.984375,
        "lat": -8.651175071721473
      },
      "geometry": {
        "type": "Polygon",
        "coordinates": [
          [
            [
              -108.27510179250545,
              -8.580788023006033
            ],
            [
              -108.5268922215731,
              -8.028156430747494
            ],
            [
              -109.31061632312314,
              -8.138590292503084
            ],
            [
              -109.59698054420252,
              -8.456841867361524
            ],
            [
              -109.77283609536873,
              -9.022059600536267
            ],
            [
              -109.09817371786932,
              -9.070333840275097
            ],
            [
              -108.58835821015366,
              -9.03764925034763
            ],
            [
              -108.27510179250545,
              -8.580788023006033
            ]
          ]
        ]
      }
    },
    {
      "type": "Feature",
      "properties": {
        "rank": 81,
        "h_pre": 0.8418,
        "h_ind": 0.8802,
        "h_ac": 0.8802,
        "settle_ind": 0.801,
        "settle_ac": 0.801,
        "settle_no_incentive": 0.7596,
        "mechanism": "environment_led",
        "dominant_incentive": "trade",
        "ac_kwh_pc_yr": 0.0,
        "ac_water_l_pc_day": 0.0,
        "lon": -116.01562499999999,
        "lat": 1.895806197831941
      },
      "geometry": {
        "type": "Polygon",
        "coordinates": [
          [
            [
              -115.38118361260008,
              1.977930781031212
            ],
            [
              -115.76576090327923,
              2.372489224882507
            ],
            [
              -116.0076686519755,
              2.3965240674060455
            ],
            [
              -116.70093540620367,
              2.011837016811241
            ],
            [
              -116.45736453115303,
              1.807023133062823
            ],
            [
              -116.22695332787664,
              1.5104974552710364
            ],
            [
              -115.53961790568188,
              1.3747628817941124
            ],
            [
              -115.38118361260008,
              1.977930781031212
            ]
          ]
        ]
      }
    },
    {
      "type": "Feature",
      "properties": {
        "rank": 82,
        "h_pre": 0.8404,
        "h_ind": 0.8954,
        "h_ac": 0.8954,
        "settle_ind": 0.8003,
        "settle_ac": 0.8003,
        "settle_no_incentive": 0.7922,
        "mechanism": "environment_led",
        "dominant_incentive": "trade",
        "ac_kwh_pc_yr": 0.0,
        "ac_water_l_pc_day": 0.0,
        "lon": -121.64062500000001,
        "lat": 4.193099559123216
      },
      "geometry": {
        "type": "Polygon",
        "coordinates": [
          [
            [
              -120.77356540692173,
              4.280973750284786
            ],
            [
              -121.33632343832916,
              4.6848735291300825
            ],
            [
              -121.74548410994103,
              4.733800600999168
            ],
            [
              -122.20841053649225,
              4.490288517903959
            ],
            [
              -121.90363625072473,
              4.013199233509384
            ],
            [
              -121.96405254239204,
              3.608158569302679
            ],
            [
              -121.40106850217055,
              3.623880277602183
            ],
            [
              -120.77356540692173,
              4.280973750284786
            ]
          ]
        ]
      }
    },
    {
      "type": "Feature",
      "properties": {
        "rank": 83,
        "h_pre": 0.8188,
        "h_ind": 0.9027,
        "h_ac": 0.9027,
        "settle_ind": 0.7995,
        "settle_ac": 0.7995,
        "settle_no_incentive": 0.7977,
        "mechanism": "environment_led",
        "dominant_incentive": "trade",
        "ac_kwh_pc_yr": 0.0,
        "ac_water_l_pc_day": 0.0,
        "lon": 37.7103802294485,
        "lat": -43.23476199287573
      },
      "geometry": {
        "type": "Polygon",
        "coordinates": [
          [
            [
              38.3749182272988,
              -43.203775459865895
            ],
            [
              38.38189384196916,
              -42.606161452090035
            ],
            [
              37.75725806607348,
              -42.912665953182625
            ],
            [
              36.82960503207941,
              -42.69589327151318
            ],
            [
              36.89574496953009,
              -43.5772060837167
            ],
            [
              37.2350000429278,
              -43.900008559490914
            ],
            [
              38.481602425568234,
              -43.64524913237904
            ],
            [
              38.3749182272988,
              -43.203775459865895
            ]
          ]
        ]
      }
    },
    {
      "type": "Feature",
      "properties": {
        "rank": 84,
        "h_pre": 0.828,
        "h_ind": 0.8741,
        "h_ac": 0.8741,
        "settle_ind": 0.7968,
        "settle_ac": 0.7968,
        "settle_no_incentive": 0.7483,
        "mechanism": "environment_led",
        "dominant_incentive": "trade",
        "ac_kwh_pc_yr": 0.0,
        "ac_water_l_pc_day": 0.0,
        "lon": -128.671875,
        "lat": 6.05284449498432
      },
      "geometry": {
        "type": "Polygon",
        "coordinates": [
          [
            [
              -128.20145233326275,
              5.959680489073829
            ],
            [
              -128.17343413909583,
              6.55093158975142
            ],
            [
              -128.88384640528025,
              6.791495463208744
            ],
            [
              -129.1400041794534,
              6.284149151838101
            ],
            [
              -129.25960264954932,
              5.794246582321004
            ],
            [
              -128.73803986048748,
              5.525020595872628
            ],
            [
              -128.32182309440827,
              5.373052889775403
            ],
            [
              -128.20145233326275,
              5.959680489073829
            ]
          ]
        ]
      }
    },
    {
      "type": "Feature",
      "properties": {
        "rank": 85,
        "h_pre": 0.758,
        "h_ind": 0.8178,
        "h_ac": 0.8178,
        "settle_ind": 0.793,
        "settle_ac": 0.793,
        "settle_no_incentive": 0.6574,
        "mechanism": "environment_led",
        "dominant_incentive": "resource",
        "ac_kwh_pc_yr": 0.0,
        "ac_water_l_pc_day": 0.0,
        "lon": -116.01562500000001,
        "lat": -5.691368423206242
      },
      "geometry": {
        "type": "Polygon",
        "coordinates": [
          [
            [
              -115.29132032301081,
              -5.5380893034986896
            ],
            [
              -115.6030877554336,
              -5.15865282571516
            ],
            [
              -116.02148032843724,
              -5.260920446831068
            ],
            [
              -116.27202818702267,
              -5.434396018755048
            ],
            [
              -116.26123053162988,
              -5.940877332629641
            ],
            [
              -116.11536429280089,
              -6.2839859098857405
            ],
            [
              -115.30632193216351,
              -6.192306655294054
            ],
            [
              -115.29132032301081,
              -5.5380893034986896
            ]
          ]
        ]
      }
    },
    {
      "type": "Feature",
      "properties": {
        "rank": 86,
        "h_pre": 0.8086,
        "h_ind": 0.8818,
        "h_ac": 0.8818,
        "settle_ind": 0.7926,
        "settle_ac": 0.7926,
        "settle_no_incentive": 0.7661,
        "mechanism": "environment_led",
        "dominant_incentive": "trade",
        "ac_kwh_pc_yr": 0.0,
        "ac_water_l_pc_day": 0.0,
        "lon": -73.828125,
        "lat": 37.54862412257552
      },
      "geometry": {
        "type": "Polygon",
        "coordinates": [
          [
            [
              -73.40701235745905,
              37.427335601905085
            ],
            [
              -73.2162016772304,
              38.21696496985947
            ],
            [
              -73.95803276099277,
              37.90016917109209
            ],
            [
              -74.55953857199927,
              37.872733710994645
            ],
            [
              -74.2963414141219,
              37.47545535864294
            ],
            [
              -74.07189670859366,
              36.74084187256808
            ],
            [
              -73.4271285061905,
              37.09369441614724
            ],
            [
              -73.40701235745905,
              37.427335601905085
            ]
          ]
        ]
      }
    },
    {
      "type": "Feature",
      "properties": {
        "rank": 87,
        "h_pre": 0.7443,
        "h_ind": 0.8214,
        "h_ac": 0.8214,
        "settle_ind": 0.792,
        "settle_ac": 0.792,
        "settle_no_incentive": 0.6562,
        "mechanism": "environment_led",
        "dominant_incentive": "trade",
        "ac_kwh_pc_yr": 0.0,
        "ac_water_l_pc_day": 0.0,
        "lon": 155.390625,
        "lat": 34.67311271792062
      },
      "geometry": {
        "type": "Polygon",
        "coordinates": [
          [
            [
              156.4064006719166,
              34.92210312096674
            ],
            [
              155.6009260981378,
              34.90032634745378
            ],
            [
              155.08506315063178,
              35.15642309368448
            ],
            [
              154.64103711851897,
              34.89546212803174
            ],
            [
              154.4729882005963,
              34.41424929773551
            ],
            [
              155.01907512311357,
              33.85533040234639
            ],
            [
              155.75739305827554,
              33.89965061511757
            ],
            [
              156.4064006719166,
              34.92210312096674
            ]
          ]
        ]
      }
    },
    {
      "type": "Feature",
      "properties": {
        "rank": 88,
        "h_pre": 0.772,
        "h_ind": 0.8831,
        "h_ac": 0.8831,
        "settle_ind": 0.792,
        "settle_ac": 0.792,
        "settle_no_incentive": 0.7655,
        "mechanism": "environment_led",
        "dominant_incentive": "trade",
        "ac_kwh_pc_yr": 0.0,
        "ac_water_l_pc_day": 0.0,
        "lon": -37.097833694881565,
        "lat": -49.29888339864551
      },
      "geometry": {
        "type": "Polygon",
        "coordinates": [
          [
            [
              -36.17176730001336,
              -49.12962952818647
            ],
            [
              -36.691670684247605,
              -48.60580940095991
            ],
            [
              -37.050607377607,
              -48.57252157136098
            ],
            [
              -38.285210148854816,
              -48.901192242248335
            ],
            [
              -37.54463221633154,
              -49.44757112089012
            ],
            [
              -37.18161213823047,
              -49.85773079502398
            ],
            [
              -36.35873826749671,
              -49.832672513139286
            ],
            [
              -36.17176730001336,
              -49.12962952818647
            ]
          ]
        ]
      }
    },
    {
      "type": "Feature",
      "properties": {
        "rank": 89,
        "h_pre": 0.8624,
        "h_ind": 0.8951,
        "h_ac": 0.8951,
        "settle_ind": 0.7906,
        "settle_ac": 0.7906,
        "settle_no_incentive": 0.7718,
        "mechanism": "environment_led",
        "dominant_incentive": "trade",
        "ac_kwh_pc_yr": 0.0,
        "ac_water_l_pc_day": 0.0,
        "lon": 26.015625,
        "lat": 17.179743273381224
      },
      "geometry": {
        "type": "Polygon",
        "coordinates": [
          [
            [
              26.563813868744877,
              17.28752022994026
            ],
            [
              26.520361537148904,
              17.492291659295827
            ],
            [
              25.94719426874065,
              17.66937604268775
            ],
            [
              25.573612133680104,
              17.439011305659044
            ],
            [
              25.193267516264743,
              16.87102443776148
            ],
            [
              25.89403354391571,
              16.816565207005958
            ],
            [
              26.390124162616413,
              16.48862586700164
            ],
            [
              26.563813868744877,
              17.28752022994026
            ]
          ]
        ]
      }
    },
    {
      "type": "Feature",
      "properties": {
        "rank": 90,
        "h_pre": 0.7213,
        "h_ind": 0.8085,
        "h_ac": 0.8085,
        "settle_ind": 0.7874,
        "settle_ac": 0.7874,
        "settle_no_incentive": 0.6382,
        "mechanism": "environment_led",
        "dominant_incentive": "trade",
        "ac_kwh_pc_yr": 0.0,
        "ac_water_l_pc_day": 0.0,
        "lon": 10.546875000000002,
        "lat": 28.417617044281506
      },
      "geometry": {
        "type": "Polygon",
        "coordinates": [
          [
            [
              11.396964488561908,
              28.447270547134075
            ],
            [
              11.307600234978347,
              28.85829542288673
            ],
            [
              10.403926438729796,
              29.022674364316085
            ],
            [
              9.812478508412116,
              28.727938549013263
            ],
            [
              9.991455884261509,
              28.140485317793452
            ],
            [
              10.374848814899833,
              27.906985912469516
            ],
            [
              11.181288691542822,
              27.812105437398692
            ],
            [
              11.396964488561908,
              28.447270547134075
            ]
          ]
        ]
      }
    },
    {
      "type": "Feature",
      "properties": {
        "rank": 91,
        "h_pre": 0.7545,
        "h_ind": 0.8719,
        "h_ac": 0.8719,
        "settle_ind": 0.7865,
        "settle_ac": 0.7865,
        "settle_no_incentive": 0.7462,
        "mechanism": "environment_led",
        "dominant_incentive": "trade",
        "ac_kwh_pc_yr": 0.0,
        "ac_water_l_pc_day": 0.0,
        "lon": 48.323908596657134,
        "lat": -52.03512964189872
      },
      "geometry": {
        "type": "Polygon",
        "coordinates": [
          [
            [
              49.68368498024935,
              -51.83225402312421
            ],
            [
              48.7985155579036,
              -51.799907374605866
            ],
            [
              48.277998913520186,
              -51.485606555849394
            ],
            [
              47.21313822140152,
              -51.761224080408994
            ],
            [
              47.83909834018891,
              -52.20034144487287
            ],
            [
              48.21266861443802,
              -52.58185720765864
            ],
            [
              49.021314128633925,
              -52.476480169069674
            ],
            [
              49.68368498024935,
              -51.83225402312421
            ]
          ]
        ]
      }
    },
    {
      "type": "Feature",
      "properties": {
        "rank": 92,
        "h_pre": 0.6569,
        "h_ind": 0.7643,
        "h_ac": 0.7643,
        "settle_ind": 0.7836,
        "settle_ac": 0.7836,
        "settle_no_incentive": 0.569,
        "mechanism": "environment_led",
        "dominant_incentive": "trade",
        "ac_kwh_pc_yr": 0.0,
        "ac_water_l_pc_day": 0.0,
        "lon": -94.92187500000001,
        "lat": -27.335441176415454
      },
      "geometry": {
        "type": "Polygon",
        "coordinates": [
          [
            [
              -94.11099879663247,
              -27.495349514341996
            ],
            [
              -94.71012850818596,
              -26.971247731485683
            ],
            [
              -95.17708488776623,
              -26.88953914166799
            ],
            [
              -95.2271551404026,
              -27.212437914618565
            ],
            [
              -95.2449278860149,
              -27.532734902913173
            ],
            [
              -95.01157518612217,
              -28.195753298495013
            ],
            [
              -94.40687770093209,
              -27.70950494247149
            ],
            [
              -94.11099879663247,
              -27.495349514341996
            ]
          ]
        ]
      }
    },
    {
      "type": "Feature",
      "properties": {
        "rank": 93,
        "h_pre": 0.7287,
        "h_ind": 0.862,
        "h_ac": 0.862,
        "settle_ind": 0.7827,
        "settle_ac": 0.7827,
        "settle_no_incentive": 0.7135,
        "mechanism": "environment_led",
        "dominant_incentive": "resource",
        "ac_kwh_pc_yr": 0.0,
        "ac_water_l_pc_day": 0.0,
        "lon": -133.36110712460953,
        "lat": 51.28331146144509
      },
      "geometry": {
        "type": "Polygon",
        "coordinates": [
          [
            [
              -132.08209984104045,
              51.13265994758388
            ],
            [
              -132.66012374954852,
              51.94196424069348
            ],
            [
              -133.90351271140207,
              51.89205798600833
            ],
            [
              -134.21699520853824,
              51.638115339606266
            ],
            [
              -133.8384649861079,
              51.152731942016636
            ],
            [
              -133.52861170958937,
              51.013008966761426
            ],
            [
              -132.49772183715666,
              50.644354089517776
            ],
            [
              -132.08209984104045,
              51.13265994758388
            ]
          ]
        ]
      }
    },
    {
      "type": "Feature",
      "properties": {
        "rank": 94,
        "h_pre": 0.7053,
        "h_ind": 0.844,
        "h_ac": 0.844,
        "settle_ind": 0.7826,
        "settle_ac": 0.7826,
        "settle_no_incentive": 0.7055,
        "mechanism": "environment_led",
        "dominant_incentive": "trade",
        "ac_kwh_pc_yr": 0.0,
        "ac_water_l_pc_day": 0.0,
        "lon": -40.097925600648395,
        "lat": -51.14769513826502
      },
      "geometry": {
        "type": "Polygon",
        "coordinates": [
          [
            [
              -38.968356542448525,
              -51.225465599340026
            ],
            [
              -39.55775696675391,
              -50.697910128869296
            ],
            [
              -40.1143668641547,
              -50.40309870617689
            ],
            [
              -40.61305056367887,
              -50.860854001656435
            ],
            [
              -41.037829819062196,
              -51.32397527906349
            ],
            [
              -40.315821836922666,
              -51.77482590605514
            ],
            [
              -39.187802898396995,
              -51.50307522712309
            ],
            [
              -38.968356542448525,
              -51.225465599340026
            ]
          ]
        ]
      }
    },
    {
      "type": "Feature",
      "properties": {
        "rank": 95,
        "h_pre": 0.7913,
        "h_ind": 0.8942,
        "h_ac": 0.8942,
        "settle_ind": 0.7814,
        "settle_ac": 0.7814,
        "settle_no_incentive": 0.7786,
        "mechanism": "environment_led",
        "dominant_incentive": "trade",
        "ac_kwh_pc_yr": 0.0,
        "ac_water_l_pc_day": 0.0,
        "lon": 38.88040113642976,
        "lat": -47.123251183222706
      },
      "geometry": {
        "type": "Polygon",
        "coordinates": [
          [
            [
              39.429322306281534,
              -47.10451360112584
            ],
            [
              39.309688563191216,
              -46.45665579202512
            ],
            [
              38.92220038671082,
              -46.59321339297585
            ],
            [
              37.904920444283974,
              -46.784648684346955
            ],
            [
              38.36112279397343,
              -47.35450838462761
            ],
            [
              38.569565023986044,
              -47.92666140388048
            ],
            [
              39.26057120551605,
              -47.70561868096858
            ],
            [
              39.429322306281534,
              -47.10451360112584
            ]
          ]
        ]
      }
    },
    {
      "type": "Feature",
      "properties": {
        "rank": 96,
        "h_pre": 0.6881,
        "h_ind": 0.7865,
        "h_ac": 0.7865,
        "settle_ind": 0.7813,
        "settle_ac": 0.7813,
        "settle_no_incentive": 0.6106,
        "mechanism": "environment_led",
        "dominant_incentive": "trade",
        "ac_kwh_pc_yr": 0.0,
        "ac_water_l_pc_day": 0.0,
        "lon": 61.17187499999999,
        "lat": -27.048350410069073
      },
      "geometry": {
        "type": "Polygon",
        "coordinates": [
          [
            [
              61.62608660065898,
              -27.123869337268406
            ],
            [
              61.559122201345104,
              -26.35842190394014
            ],
            [
              61.14771728052535,
              -26.373878351131722
            ],
            [
              60.6147169871926,
              -26.673866010759077
            ],
            [
              60.79197703571061,
              -27.197485945013273
            ],
            [
              61.103402533906234,
              -27.53115603769104
            ],
            [
              61.402579645947576,
              -27.482727735596075
            ],
            [
              61.62608660065898,
              -27.123869337268406
            ]
          ]
        ]
      }
    },
    {
      "type": "Feature",
      "properties": {
        "rank": 97,
        "h_pre": 0.6784,
        "h_ind": 0.7597,
        "h_ac": 0.7597,
        "settle_ind": 0.7798,
        "settle_ac": 0.7798,
        "settle_no_incentive": 0.5363,
        "mechanism": "environment_led",
        "dominant_incentive": "trade",
        "ac_kwh_pc_yr": 0.0,
        "ac_water_l_pc_day": 0.0,
        "lon": 156.73990471894066,
        "lat": 48.93921004972346
      },
      "geometry": {
        "type": "Polygon",
        "coordinates": [
          [
            [
              157.50434738163696,
              49.03248544107867
            ],
            [
              157.06736069110752,
              49.33614557059015
            ],
            [
              156.72500073717,
              49.689174957657805
            ],
            [
              156.19255769368678,
              49.144209453167676
            ],
            [
              155.90713859858934,
              48.498168474792
            ],
            [
              156.66108096436653,
              48.352465464182245
            ],
            [
              157.08578405778673,
              48.32546053339634
            ],
            [
              157.50434738163696,
              49.03248544107867
            ]
          ]
        ]
      }
    },
    {
      "type": "Feature",
      "properties": {
        "rank": 98,
        "h_pre": 0.7608,
        "h_ind": 0.8729,
        "h_ac": 0.8729,
        "settle_ind": 0.7787,
        "settle_ac": 0.7787,
        "settle_no_incentive": 0.7469,
        "mechanism": "environment_led",
        "dominant_incentive": "trade",
        "ac_kwh_pc_yr": 0.0,
        "ac_water_l_pc_day": 0.0,
        "lon": -40.34765333415935,
        "lat": -48.00614449159166
      },
      "geometry": {
        "type": "Polygon",
        "coordinates": [
          [
            [
              -39.18826598523131,
              -48.256117676247946
            ],
            [
              -39.35600452613277,
              -47.46531138258115
            ],
            [
              -40.528636709872245,
              -47.410181322853155
            ],
            [
              -41.334627335991954,
              -47.51971057027704
            ],
            [
              -40.84177280451018,
              -48.14151130946854
            ],
            [
              -40.44763525825657,
              -48.307789480460386
            ],
            [
              -39.643611349151826,
              -48.71955700497404
            ],
            [
              -39.18826598523131,
              -48.256117676247946
            ]
          ]
        ]
      }
    },
    {
      "type": "Feature",
      "properties": {
        "rank": 99,
        "h_pre": 0.7987,
        "h_ind": 0.8612,
        "h_ac": 0.8612,
        "settle_ind": 0.7786,
        "settle_ac": 0.7786,
        "settle_no_incentive": 0.7325,
        "mechanism": "environment_led",
        "dominant_incentive": "trade",
        "ac_kwh_pc_yr": 0.0,
        "ac_water_l_pc_day": 0.0,
        "lon": -161.015625,
        "lat": -27.495022991713988
      },
      "geometry": {
        "type": "Polygon",
        "coordinates": [
          [
            [
              -160.5927617586088,
              -27.617067076726254
            ],
            [
              -160.70775215588588,
              -26.822488322267873
            ],
            [
              -161.1812576898121,
              -26.972215324337057
            ],
            [
              -161.64596206177168,
              -27.080944163311315
            ],
            [
              -161.8357076023848,
              -27.804726382257165
            ],
            [
              -160.9598068920346,
              -28.049070443512758
            ],
            [
              -160.65107651843752,
              -27.857465379083113
            ],
            [
              -160.5927617586088,
              -27.617067076726254
            ]
          ]
        ]
      }
    },
    {
      "type": "Feature",
      "properties": {
        "rank": 100,
        "h_pre": 0.8309,
        "h_ind": 0.8919,
        "h_ac": 0.8919,
        "settle_ind": 0.7761,
        "settle_ac": 0.7761,
        "settle_no_incentive": 0.7732,
        "mechanism": "environment_led",
        "dominant_incentive": "trade",
        "ac_kwh_pc_yr": 0.0,
        "ac_water_l_pc_day": 0.0,
        "lon": 128.671875,
        "lat": -28.175545914374442
      },
      "geometry": {
        "type": "Polygon",
        "coordinates": [
          [
            [
              128.98983137523723,
              -28.205095378579568
            ],
            [
              129.26710692160512,
              -27.55862173127101
            ],
            [
              128.66886058194817,
              -27.86825465653093
            ],
            [
              128.1115789550242,
              -27.916202301794478
            ],
            [
              127.95283347103485,
              -28.460148174082207
            ],
            [
              128.69426795563285,
              -28.71565227089299
            ],
            [
              128.92062886977078,
              -28.514940704974272
            ],
            [
              128.98983137523723,
              -28.205095378579568
            ]
          ]
        ]
      }
    },
    {
      "type": "Feature",
      "properties": {
        "rank": 101,
        "h_pre": 0.8448,
        "h_ind": 0.8985,
        "h_ac": 0.8985,
        "settle_ind": 0.7758,
        "settle_ac": 0.7758,
        "settle_no_incentive": 0.7758,
        "mechanism": "environment_led",
        "dominant_incentive": "resource",
        "ac_kwh_pc_yr": 0.0,
        "ac_water_l_pc_day": 0.0,
        "lon": 138.515625,
        "lat": 30.94554919888427
      },
      "geometry": {
        "type": "Polygon",
        "coordinates": [
          [
            [
              139.18553473969632,
              31.106603712011733
            ],
            [
              139.02606605300338,
              31.292802481199715
            ],
            [
              138.19591318252424,
              31.472465026832314
            ],
            [
              137.94752253472834,
              31.221264231483303
            ],
            [
              137.50745826574416,
              30.847363262004126
            ],
            [
              138.319216634101,
              30.453529186382
            ],
            [
              138.71631934670964,
              30.512996668046352
            ],
            [
              139.18553473969632,
              31.106603712011733
            ]
          ]
        ]
      }
    },
    {
      "type": "Feature",
      "properties": {
        "rank": 102,
        "h_pre": 0.8135,
        "h_ind": 0.8419,
        "h_ac": 0.8419,
        "settle_ind": 0.7756,
        "settle_ac": 0.7756,
        "settle_no_incentive": 0.657,
        "mechanism": "environment_led",
        "dominant_incentive": "resource",
        "ac_kwh_pc_yr": 0.0,
        "ac_water_l_pc_day": 0.0,
        "lon": 139.921875,
        "lat": -2.691440824742567
      },
      "geometry": {
        "type": "Polygon",
        "coordinates": [
          [
            [
              140.25754874704805,
              -2.7020548408070297
            ],
            [
              140.3765110194332,
              -2.313728954831522
            ],
            [
              139.72000468685496,
              -2.2958401300468703
            ],
            [
              139.16451875445154,
              -2.544190291160092
            ],
            [
              139.56479646277626,
              -2.954593783626995
            ],
            [
              139.78393185305873,
              -2.953597493622369
            ],
            [
              140.25352921055418,
              -3.1311263198223713
            ],
            [
              140.25754874704805,
              -2.7020548408070297
            ]
          ]
        ]
      }
    },
    {
      "type": "Feature",
      "properties": {
        "rank": 103,
        "h_pre": 0.8463,
        "h_ind": 0.8896,
        "h_ac": 0.8896,
        "settle_ind": 0.7697,
        "settle_ac": 0.7697,
        "settle_no_incentive": 0.7578,
        "mechanism": "environment_led",
        "dominant_incentive": "trade",
        "ac_kwh_pc_yr": 0.0,
        "ac_water_l_pc_day": 0.0,
        "lon": -148.35937500000003,
        "lat": 21.30326491537911
      },
      "geometry": {
        "type": "Polygon",
        "coordinates": [
          [
            [
              -147.9801065079032,
              21.35363543818198
            ],
            [
              -148.14225643171588,
              21.731084417560616
            ],
            [
              -148.5437475079891,
              21.66098167865383
            ],
            [
              -148.74326991458167,
              21.580162034630114
            ],
            [
              -148.9513411626901,
              20.83833813299192
            ],
            [
              -148.49542226185082,
              20.716575207554754
            ],
            [
              -147.84044605686063,
              20.7686940348052
            ],
            [
              -147.9801065079032,
              21.35363543818198
            ]
          ]
        ]
      }
    },
    {
      "type": "Feature",
      "properties": {
        "rank": 104,
        "h_pre": 0.8442,
        "h_ind": 0.8921,
        "h_ac": 0.8921,
        "settle_ind": 0.7678,
        "settle_ac": 0.7678,
        "settle_no_incentive": 0.7588,
        "mechanism": "environment_led",
        "dominant_incentive": "trade",
        "ac_kwh_pc_yr": 0.0,
        "ac_water_l_pc_day": 0.0,
        "lon": -16.171875000000004,
        "lat": -26.487314347192555
      },
      "geometry": {
        "type": "Polygon",
        "coordinates": [
          [
            [
              -15.460192449227398,
              -26.33894015403515
            ],
            [
              -15.853317780052562,
              -26.229986326812547
            ],
            [
              -16.116702480756288,
              -25.95997665575395
            ],
            [
              -16.53883965194444,
              -26.3590941122885
            ],
            [
              -16.499643957377227,
              -26.559583613914878
            ],
            [
              -16.205422595447008,
              -26.901251741325453
            ],
            [
              -15.86519591380056,
              -26.786682752303076
            ],
            [
              -15.460192449227398,
              -26.33894015403515
            ]
          ]
        ]
      }
    },
    {
      "type": "Feature",
      "properties": {
        "rank": 105,
        "h_pre": 0.7781,
        "h_ind": 0.8668,
        "h_ac": 0.8668,
        "settle_ind": 0.7631,
        "settle_ac": 0.7631,
        "settle_no_incentive": 0.7374,
        "mechanism": "environment_led",
        "dominant_incentive": "trade",
        "ac_kwh_pc_yr": 0.0,
        "ac_water_l_pc_day": 0.0,
        "lon": 133.58737392188937,
        "lat": -37.944293116395315
      },
      "geometry": {
        "type": "Polygon",
        "coordinates": [
          [
            [
              134.48526246936225,
              -37.97727337799053
            ],
            [
              134.18649465226505,
              -37.65212803111025
            ],
            [
              133.18036908906967,
              -37.234098279853605
            ],
            [
              132.6647282870229,
              -37.868768048557875
            ],
            [
              132.745713034816,
              -38.21121286966177
            ],
            [
              133.35815083057935,
              -38.706429995428465
            ],
            [
              133.95085301423438,
              -38.42581364767607
            ],
            [
              134.48526246936225,
              -37.97727337799053
            ]
          ]
        ]
      }
    },
    {
      "type": "Feature",
      "properties": {
        "rank": 106,
        "h_pre": 0.7828,
        "h_ind": 0.8391,
        "h_ac": 0.8391,
        "settle_ind": 0.7609,
        "settle_ac": 0.7609,
        "settle_no_incentive": 0.6961,
        "mechanism": "environment_led",
        "dominant_incentive": "trade",
        "ac_kwh_pc_yr": 0.0,
        "ac_water_l_pc_day": 0.0,
        "lon": -130.078125,
        "lat": 3.7698989651003174
      },
      "geometry": {
        "type": "Polygon",
        "coordinates": [
          [
            [
              -129.27042909094342,
              3.905003201589829
            ],
            [
              -129.91889084174338,
              4.210875022715012
            ],
            [
              -130.24544579030527,
              4.253777383628463
            ],
            [
              -130.37943645434402,
              3.9542122878015524
            ],
            [
              -130.51498635214443,
              3.5728928910419286
            ],
            [
              -130.45567057588596,
              3.0262644492708195
            ],
            [
              -129.46084126912274,
              3.3151484792298542
            ],
            [
              -129.27042909094342,
              3.905003201589829
            ]
          ]
        ]
      }
    },
    {
      "type": "Feature",
      "properties": {
        "rank": 107,
        "h_pre": 0.7271,
        "h_ind": 0.8683,
        "h_ac": 0.8683,
        "settle_ind": 0.7601,
        "settle_ac": 0.7601,
        "settle_no_incentive": 0.7331,
        "mechanism": "environment_led",
        "dominant_incentive": "trade",
        "ac_kwh_pc_yr": 0.0,
        "ac_water_l_pc_day": 0.0,
        "lon": -41.292376348798186,
        "lat": -56.99267623149825
      },
      "geometry": {
        "type": "Polygon",
        "coordinates": [
          [
            [
              -40.50377060278354,
              -57.07104886861498
            ],
            [
              -40.86265551958099,
              -56.45349216449479
            ],
            [
              -41.36054458750898,
              -56.24964347033542
            ],
            [
              -42.146815445920915,
              -56.72718150711665
            ],
            [
              -41.89787093234585,
              -57.2203805802321
            ],
            [
              -41.168526919691914,
              -57.62277702442052
            ],
            [
              -40.59275788171585,
              -57.27385841191653
            ],
            [
              -40.50377060278354,
              -57.07104886861498
            ]
          ]
        ]
      }
    },
    {
      "type": "Feature",
      "properties": {
        "rank": 108,
        "h_pre": 0.8166,
        "h_ind": 0.8628,
        "h_ac": 0.8628,
        "settle_ind": 0.758,
        "settle_ac": 0.758,
        "settle_no_incentive": 0.7213,
        "mechanism": "environment_led",
        "dominant_incentive": "trade",
        "ac_kwh_pc_yr": 0.0,
        "ac_water_l_pc_day": 0.0,
        "lon": -106.17187500000001,
        "lat": -12.848638189894652
      },
      "geometry": {
        "type": "Polygon",
        "coordinates": [
          [
            [
              -105.41653891268037,
              -12.614236315272654
            ],
            [
              -105.64707165857283,
              -12.209441924653632
            ],
            [
              -106.42288542966904,
              -12.190130750920506
            ],
            [
              -106.53436264561313,
              -12.55573837187959
            ],
            [
              -106.92972602952983,
              -13.102351243549649
            ],
            [
              -106.34517454338754,
              -13.246475922741256
            ],
            [
              -105.9738881298654,
              -13.068707095295329
            ],
            [
              -105.41653891268037,
              -12.614236315272654
            ]
          ]
        ]
      }
    },
    {
      "type": "Feature",
      "properties": {
        "rank": 109,
        "h_pre": 0.734,
        "h_ind": 0.8567,
        "h_ac": 0.8567,
        "settle_ind": 0.7575,
        "settle_ac": 0.7575,
        "settle_no_incentive": 0.6859,
        "mechanism": "environment_led",
        "dominant_incentive": "resource",
        "ac_kwh_pc_yr": 0.0,
        "ac_water_l_pc_day": 0.0,
        "lon": -130.23176943560676,
        "lat": 49.5636906235781
      },
      "geometry": {
        "type": "Polygon",
        "coordinates": [
          [
            [
              -128.9819918179742,
              49.45908909809648
            ],
            [
              -129.58188793984812,
              49.91221826084746
            ],
            [
              -130.39948102525102,
              50.31858025793645
            ],
            [
              -131.2385675222762,
              49.89855082547281
            ],
            [
              -131.25936761415957,
              49.41053594590779
            ],
            [
              -130.32944290435506,
              48.8437009334417
            ],
            [
              -129.285180739576,
              49.17493119726974
            ],
            [
              -128.9819918179742,
              49.45908909809648
            ]
          ]
        ]
      }
    },
    {
      "type": "Feature",
      "properties": {
        "rank": 110,
        "h_pre": 0.792,
        "h_ind": 0.8426,
        "h_ac": 0.8426,
        "settle_ind": 0.7541,
        "settle_ac": 0.7541,
        "settle_no_incentive": 0.6664,
        "mechanism": "environment_led",
        "dominant_incentive": "trade",
        "ac_kwh_pc_yr": 0.0,
        "ac_water_l_pc_day": 0.0,
        "lon": 58.35937500000001,
        "lat": -23.83167425338014
      },
      "geometry": {
        "type": "Polygon",
        "coordinates": [
          [
            [
              58.720646573827054,
              -23.79889070459669
            ],
            [
              58.91385408220799,
              -23.50611360913129
            ],
            [
              58.24476958073199,
              -23.520054531956117
            ],
            [
              57.87056866090296,
              -23.644502520421216
            ],
            [
              57.93030505592794,
              -23.897049582702593
            ],
            [
              58.18546708405618,
              -24.423646361301966
            ],
            [
              59.02065963336464,
              -24.314406178965697
            ],
            [
              58.720646573827054,
              -23.79889070459669
            ]
          ]
        ]
      }
    },
    {
      "type": "Feature",
      "properties": {
        "rank": 111,
        "h_pre": 0.7011,
        "h_ind": 0.7913,
        "h_ac": 0.7913,
        "settle_ind": 0.7541,
        "settle_ac": 0.7541,
        "settle_no_incentive": 0.612,
        "mechanism": "environment_led",
        "dominant_incentive": "resource",
        "ac_kwh_pc_yr": 0.0,
        "ac_water_l_pc_day": 0.0,
        "lon": 63.984375,
        "lat": -17.179743273381224
      },
      "geometry": {
        "type": "Polygon",
        "coordinates": [
          [
            [
              64.64135026203047,
              -17.045583330877896
            ],
            [
              64.28904049803086,
              -16.772591954583305
            ],
            [
              63.94988105615024,
              -16.895942260071966
            ],
            [
              63.29525430479951,
              -16.93584023151552
            ],
            [
              63.477494200212384,
              -17.290185503755428
            ],
            [
              63.783720841572446,
              -17.999160396439112
            ],
            [
              64.63909584893939,
              -17.58887946254863
            ],
            [
              64.64135026203047,
              -17.045583330877896
            ]
          ]
        ]
      }
    },
    {
      "type": "Feature",
      "properties": {
        "rank": 112,
        "h_pre": 0.7966,
        "h_ind": 0.8883,
        "h_ac": 0.8883,
        "settle_ind": 0.7538,
        "settle_ac": 0.7538,
        "settle_no_incentive": 0.7538,
        "mechanism": "environment_led",
        "dominant_incentive": "resource",
        "ac_kwh_pc_yr": 0.0,
        "ac_water_l_pc_day": 0.0,
        "lon": 42.12104327144427,
        "lat": -41.39666102782497
      },
      "geometry": {
        "type": "Polygon",
        "coordinates": [
          [
            [
              42.95308624060192,
              -41.462937593563595
            ],
            [
              42.776159031375094,
              -40.9739518562694
            ],
            [
              42.07703242892199,
              -40.52790352179296
            ],
            [
              41.40984330237589,
              -41.28856037599678
            ],
            [
              41.235943083493886,
              -41.76153913450555
            ],
            [
              42.08662455080349,
              -41.995421973510304
            ],
            [
              42.38276233766065,
              -41.73508060453596
            ],
            [
              42.95308624060192,
              -41.462937593563595
            ]
          ]
        ]
      }
    },
    {
      "type": "Feature",
      "properties": {
        "rank": 113,
        "h_pre": 0.7985,
        "h_ind": 0.883,
        "h_ac": 0.883,
        "settle_ind": 0.7533,
        "settle_ac": 0.7533,
        "settle_no_incentive": 0.7398,
        "mechanism": "environment_led",
        "dominant_incentive": "trade",
        "ac_kwh_pc_yr": 0.0,
        "ac_water_l_pc_day": 0.0,
        "lon": -39.19291916794734,
        "lat": -42.64762658769188
      },
      "geometry": {
        "type": "Polygon",
        "coordinates": [
          [
            [
              -38.71723956423938,
              -42.77133455253523
            ],
            [
              -38.691243953624955,
              -42.411101381576785
            ],
            [
              -39.26380615952047,
              -41.82092418156077
            ],
            [
              -40.055137850351315,
              -42.18741844293676
            ],
            [
              -39.83215672079754,
              -42.85847358688659
            ],
            [
              -39.24387774367816,
              -43.10917204871185
            ],
            [
              -38.84791015619559,
              -43.345663899442485
            ],
            [
              -38.71723956423938,
              -42.77133455253523
            ]
          ]
        ]
      }
    },
    {
      "type": "Feature",
      "properties": {
        "rank": 114,
        "h_pre": 0.7734,
        "h_ind": 0.8772,
        "h_ac": 0.8772,
        "settle_ind": 0.752,
        "settle_ac": 0.752,
        "settle_no_incentive": 0.7448,
        "mechanism": "environment_led",
        "dominant_incentive": "trade",
        "ac_kwh_pc_yr": 0.0,
        "ac_water_l_pc_day": 0.0,
        "lon": 160.98365882231965,
        "lat": 48.33101793859999
      },
      "geometry": {
        "type": "Polygon",
        "coordinates": [
          [
            [
              161.79012859176274,
              48.32273930510569
            ],
            [
              161.90706255088975,
              48.92882634635505
            ],
            [
              160.9810333632649,
              48.71671698255796
            ],
            [
              160.33252222007383,
              48.49825982368703
            ],
            [
              160.2530617290927,
              47.833694254049966
            ],
            [
              160.8594907022663,
              47.67090583947283
            ],
            [
              161.47074024323422,
              47.66637341846055
            ],
            [
              161.79012859176274,
              48.32273930510569
            ]
          ]
        ]
      }
    },
    {
      "type": "Feature",
      "properties": {
        "rank": 115,
        "h_pre": 0.76,
        "h_ind": 0.8793,
        "h_ac": 0.8793,
        "settle_ind": 0.7514,
        "settle_ac": 0.7514,
        "settle_no_incentive": 0.7472,
        "mechanism": "environment_led",
        "dominant_incentive": "trade",
        "ac_kwh_pc_yr": 0.0,
        "ac_water_l_pc_day": 0.0,
        "lon": 51.42739324027992,
        "lat": -50.23528964128674
      },
      "geometry": {
        "type": "Polygon",
        "coordinates": [
          [
            [
              51.924220589277894,
              -50.13778018863188
            ],
            [
              52.113863916445155,
              -49.53290178452391
            ],
            [
              51.210249558736784,
              -49.9154876734644
            ],
            [
              50.593775239047595,
              -49.940783017262056
            ],
            [
              50.78944841972854,
              -50.38017865995835
            ],
            [
              51.09253448153588,
              -50.57936630190067
            ],
            [
              51.92894436345885,
              -51.018058300512855
            ],
            [
              51.924220589277894,
              -50.13778018863188
            ]
          ]
        ]
      }
    },
    {
      "type": "Feature",
      "properties": {
        "rank": 116,
        "h_pre": 0.6578,
        "h_ind": 0.772,
        "h_ac": 0.772,
        "settle_ind": 0.7508,
        "settle_ac": 0.7508,
        "settle_no_incentive": 0.56,
        "mechanism": "environment_led",
        "dominant_incentive": "resource",
        "ac_kwh_pc_yr": 0.0,
        "ac_water_l_pc_day": 0.0,
        "lon": -138.07224431707573,
        "lat": 47.318941264512766
      },
      "geometry": {
        "type": "Polygon",
        "coordinates": [
          [
            [
              -137.07160415365163,
              47.46535613965796
            ],
            [
              -137.743962215618,
              47.86740893056514
            ],
            [
              -138.2555033643831,
              47.62689246846671
            ],
            [
              -138.40177440688782,
              47.53077066213875
            ],
            [
              -138.99537989237697,
              47.167061651768535
            ],
            [
              -138.39983304605204,
              46.53893375603623
            ],
            [
              -137.89089459897457,
              46.96206065229841
            ],
            [
              -137.07160415365163,
              47.46535613965796
            ]
          ]
        ]
      }
    },
    {
      "type": "Feature",
      "properties": {
        "rank": 117,
        "h_pre": 0.7562,
        "h_ind": 0.8253,
        "h_ac": 0.8253,
        "settle_ind": 0.7507,
        "settle_ac": 0.7507,
        "settle_no_incentive": 0.6587,
        "mechanism": "environment_led",
        "dominant_incentive": "resource",
        "ac_kwh_pc_yr": 0.0,
        "ac_water_l_pc_day": 0.0,
        "lon": -113.203125,
        "lat": -8.412308679457253
      },
      "geometry": {
        "type": "Polygon",
        "coordinates": [
          [
            [
              -112.88006488391626,
              -8.462425600437271
            ],
            [
              -112.7245513014978,
              -7.7013331011509045
            ],
            [
              -113.3358688696674,
              -8.039969127483413
            ],
            [
              -113.8857052374114,
              -8.078162393518273
            ],
            [
              -113.73274706181044,
              -8.850453335031771
            ],
            [
              -113.4796892366349,
              -9.115226163951425
            ],
            [
              -112.94251973570978,
              -8.89378395936227
            ],
            [
              -112.88006488391626,
              -8.462425600437271
            ]
          ]
        ]
      }
    },
    {
      "type": "Feature",
      "properties": {
        "rank": 118,
        "h_pre": 0.7508,
        "h_ind": 0.8146,
        "h_ac": 0.8146,
        "settle_ind": 0.7478,
        "settle_ac": 0.7478,
        "settle_no_incentive": 0.6012,
        "mechanism": "environment_led",
        "dominant_incentive": "resource",
        "ac_kwh_pc_yr": 0.0,
        "ac_water_l_pc_day": 0.0,
        "lon": 166.64062500000003,
        "lat": 0.6841002372580206
      },
      "geometry": {
        "type": "Polygon",
        "coordinates": [
          [
            [
              167.26921372822093,
              0.6154724276278067
            ],
            [
              167.27200642449506,
              1.0963014559062199
            ],
            [
              166.46511360168373,
              1.2279064669667692
            ],
            [
              166.14410353805377,
              1.0078399969795124
            ],
            [
              166.13565241234022,
              0.33466017895028194
            ],
            [
              166.53911483697098,
              -0.013813579768963802
            ],
            [
              166.84587955134083,
              0.41690204355374916
            ],
            [
              167.26921372822093,
              0.6154724276278067
            ]
          ]
        ]
      }
    },
    {
      "type": "Feature",
      "properties": {
        "rank": 119,
        "h_pre": 0.8425,
        "h_ind": 0.8788,
        "h_ac": 0.8788,
        "settle_ind": 0.7459,
        "settle_ac": 0.7459,
        "settle_no_incentive": 0.7353,
        "mechanism": "environment_led",
        "dominant_incentive": "trade",
        "ac_kwh_pc_yr": 0.0,
        "ac_water_l_pc_day": 0.0,
        "lon": -111.796875,
        "lat": -1.9586894968854625
      },
      "geometry": {
        "type": "Polygon",
        "coordinates": [
          [
            [
              -111.06475201028876,
              -1.9780653451074386
            ],
            [
              -111.63468481286432,
              -1.6896908517996212
            ],
            [
              -111.81449554032126,
              -1.5277742801835283
            ],
            [
              -112.17132421820985,
              -1.7650997982806955
            ],
            [
              -112.28386306563961,
              -2.2684431445477973
            ],
            [
              -112.19840189538644,
              -2.635222035372908
            ],
            [
              -111.31234069048084,
              -2.4785909062921845
            ],
            [
              -111.06475201028876,
              -1.9780653451074386
            ]
          ]
        ]
      }
    },
    {
      "type": "Feature",
      "properties": {
        "rank": 120,
        "h_pre": 0.6595,
        "h_ind": 0.7664,
        "h_ac": 0.7664,
        "settle_ind": 0.7454,
        "settle_ac": 0.7454,
        "settle_no_incentive": 0.5571,
        "mechanism": "environment_led",
        "dominant_incentive": "trade",
        "ac_kwh_pc_yr": 0.0,
        "ac_water_l_pc_day": 0.0,
        "lon": 35.67130467469789,
        "lat": -48.33938386806555
      },
      "geometry": {
        "type": "Polygon",
        "coordinates": [
          [
            [
              36.41569918137386,
              -48.20889459244675
            ],
            [
              36.01985272667241,
              -48.01051103163847
            ],
            [
              35.26260835740673,
              -47.618661323223215
            ],
            [
              34.83571020740857,
              -48.027860943180634
            ],
            [
              34.85534738395014,
              -48.405783156808994
            ],
            [
              35.270611658516316,
              -49.16845613552543
            ],
            [
              35.97600690534376,
              -48.57574571300683
            ],
            [
              36.41569918137386,
              -48.20889459244675
            ]
          ]
        ]
      }
    }
  ]
}
