{
  "type": "FeatureCollection",
  "name": "settlement-sites-v2",
  "schema_version": "2.1",
  "features": [
    {
      "type": "Feature",
      "properties": {
        "rank": 1,
        "h_pre": 0.9257,
        "h_ind": 0.9597,
        "h_ac": 0.9597,
        "settle_ind": 0.9661,
        "settle_ac": 0.9661,
        "settle_no_incentive": 0.9233,
        "mechanism": "environment_led",
        "dominant_incentive": "resource",
        "ac_kwh_pc_yr": 0.0,
        "ac_water_l_pc_day": 0.0,
        "lon": 142.734375,
        "lat": -3.9205428720296784
      },
      "geometry": {
        "type": "Polygon",
        "coordinates": [
          [
            [
              143.19099136892805,
              -4.057083587745374
            ],
            [
              143.17651433820012,
              -3.616491442140188
            ],
            [
              142.29060299679674,
              -3.190537027847497
            ],
            [
              142.3431066437818,
              -3.5322263048632516
            ],
            [
              142.45348391866494,
              -4.106830357737629
            ],
            [
              142.47647820583413,
              -4.7285761943593405
            ],
            [
              143.02921596058394,
              -4.22641796823121
            ],
            [
              143.19099136892805,
              -4.057083587745374
            ]
          ]
        ]
      }
    },
    {
      "type": "Feature",
      "properties": {
        "rank": 2,
        "h_pre": 0.9034,
        "h_ind": 0.9349,
        "h_ac": 0.9349,
        "settle_ind": 0.96,
        "settle_ac": 0.96,
        "settle_no_incentive": 0.8696,
        "mechanism": "environment_led",
        "dominant_incentive": "resource",
        "ac_kwh_pc_yr": 0.0,
        "ac_water_l_pc_day": 0.0,
        "lon": -103.359375,
        "lat": -0.6841002372580206
      },
      "geometry": {
        "type": "Polygon",
        "coordinates": [
          [
            [
              -102.93869016672171,
              -0.7726609307273155
            ],
            [
              -103.04056440689716,
              -0.15296727572583557
            ],
            [
              -103.36363605493648,
              -0.26105407723183993
            ],
            [
              -103.91297722350403,
              -0.6039834104266154
            ],
            [
              -103.76591512701654,
              -1.0089953732817873
            ],
            [
              -103.67257078832286,
              -1.4212280486277795
            ],
            [
              -102.75275937480748,
              -1.193866189524269
            ],
            [
              -102.93869016672171,
              -0.7726609307273155
            ]
          ]
        ]
      }
    },
    {
      "type": "Feature",
      "properties": {
        "rank": 3,
        "h_pre": 0.8856,
        "h_ind": 0.9123,
        "h_ac": 0.9123,
        "settle_ind": 0.9574,
        "settle_ac": 0.9574,
        "settle_no_incentive": 0.8428,
        "mechanism": "environment_led",
        "dominant_incentive": "resource",
        "ac_kwh_pc_yr": 0.0,
        "ac_water_l_pc_day": 0.0,
        "lon": 96.328125,
        "lat": 9.085862679419483
      },
      "geometry": {
        "type": "Polygon",
        "coordinates": [
          [
            [
              97.1067740148645,
              9.073178048790822
            ],
            [
              96.66822811700332,
              9.439518167372109
            ],
            [
              96.05011493285502,
              9.7912204674079
            ],
            [
              96.06765121440726,
              9.288354992080507
            ],
            [
              95.81404351119039,
              8.661348454717437
            ],
            [
              96.26277655967583,
              8.748551795636024
            ],
            [
              96.80735919682755,
              8.583129453307672
            ],
            [
              97.1067740148645,
              9.073178048790822
            ]
          ]
        ]
      }
    },
    {
      "type": "Feature",
      "properties": {
        "rank": 4,
        "h_pre": 0.9255,
        "h_ind": 0.958,
        "h_ac": 0.958,
        "settle_ind": 0.9528,
        "settle_ac": 0.9528,
        "settle_no_incentive": 0.9244,
        "mechanism": "environment_led",
        "dominant_incentive": "resource",
        "ac_kwh_pc_yr": 0.0,
        "ac_water_l_pc_day": 0.0,
        "lon": 120.234375,
        "lat": -22.86415152662356
      },
      "geometry": {
        "type": "Polygon",
        "coordinates": [
          [
            [
              120.96221451313627,
              -22.96236368308083
            ],
            [
              120.6292666527103,
              -22.3690485501452
            ],
            [
              120.16479806955009,
              -22.537144321837474
            ],
            [
              119.82924022766198,
              -22.724469089808302
            ],
            [
              119.50357255313033,
              -23.319066316047067
            ],
            [
              120.20799625233938,
              -23.227663980796603
            ],
            [
              120.53331131179378,
              -23.062411685119542
            ],
            [
              120.96221451313627,
              -22.96236368308083
            ]
          ]
        ]
      }
    },
    {
      "type": "Feature",
      "properties": {
        "rank": 5,
        "h_pre": 0.9422,
        "h_ind": 0.9656,
        "h_ac": 0.9656,
        "settle_ind": 0.9513,
        "settle_ac": 0.9513,
        "settle_no_incentive": 0.9391,
        "mechanism": "environment_led",
        "dominant_incentive": "trade",
        "ac_kwh_pc_yr": 0.0,
        "ac_water_l_pc_day": 0.0,
        "lon": 132.89062499999997,
        "lat": 1.5457660675742366
      },
      "geometry": {
        "type": "Polygon",
        "coordinates": [
          [
            [
              133.24518638736177,
              1.6039455227297934
            ],
            [
              133.15578905456874,
              2.0027422046604655
            ],
            [
              132.6974631219729,
              1.851799207998309
            ],
            [
              132.6584140611333,
              1.7825145726163418
            ],
            [
              132.50688327582972,
              1.355172081936341
            ],
            [
              132.75078693002098,
              1.2493817288144906
            ],
            [
              133.26555429177196,
              0.7768823504880955
            ],
            [
              133.24518638736177,
              1.6039455227297934
            ]
          ]
        ]
      }
    },
    {
      "type": "Feature",
      "properties": {
        "rank": 6,
        "h_pre": 0.9294,
        "h_ind": 0.9629,
        "h_ac": 0.9629,
        "settle_ind": 0.9463,
        "settle_ac": 0.9463,
        "settle_no_incentive": 0.9288,
        "mechanism": "environment_led",
        "dominant_incentive": "resource",
        "ac_kwh_pc_yr": 0.0,
        "ac_water_l_pc_day": 0.0,
        "lon": 142.734375,
        "lat": -6.169014026355201
      },
      "geometry": {
        "type": "Polygon",
        "coordinates": [
          [
            [
              143.55303603098494,
              -5.95419149963033
            ],
            [
              143.38416058289366,
              -5.696023650984335
            ],
            [
              142.78021843585657,
              -5.442129429959913
            ],
            [
              142.44913327203577,
              -5.919047857758238
            ],
            [
              142.37664784061477,
              -6.494752844016543
            ],
            [
              142.52878795964733,
              -6.596927088564913
            ],
            [
              143.10243746982587,
              -6.525965396448644
            ],
            [
              143.55303603098494,
              -5.95419149963033
            ]
          ]
        ]
      }
    },
    {
      "type": "Feature",
      "properties": {
        "rank": 7,
        "h_pre": 0.9284,
        "h_ind": 0.9611,
        "h_ac": 0.9611,
        "settle_ind": 0.9455,
        "settle_ac": 0.9455,
        "settle_no_incentive": 0.9247,
        "mechanism": "environment_led",
        "dominant_incentive": "resource",
        "ac_kwh_pc_yr": 0.0,
        "ac_water_l_pc_day": 0.0,
        "lon": 144.14062500000003,
        "lat": 7.4296550178445715
      },
      "geometry": {
        "type": "Polygon",
        "coordinates": [
          [
            [
              144.45712112674713,
              7.4845824102722425
            ],
            [
              144.35941765117698,
              7.782991857941353
            ],
            [
              144.16550695531348,
              7.934315437665925
            ],
            [
              143.8486079769987,
              7.620008285899025
            ],
            [
              143.60468050683755,
              7.34880748201776
            ],
            [
              144.12143129095196,
              6.921445737247082
            ],
            [
              144.83439320146618,
              6.91979700859711
            ],
            [
              144.45712112674713,
              7.4845824102722425
            ]
          ]
        ]
      }
    },
    {
      "type": "Feature",
      "properties": {
        "rank": 8,
        "h_pre": 0.9334,
        "h_ind": 0.9595,
        "h_ac": 0.9595,
        "settle_ind": 0.9429,
        "settle_ac": 0.9429,
        "settle_no_incentive": 0.9278,
        "mechanism": "environment_led",
        "dominant_incentive": "trade",
        "ac_kwh_pc_yr": 0.0,
        "ac_water_l_pc_day": 0.0,
        "lon": 134.296875,
        "lat": -3.5269667776797418
      },
      "geometry": {
        "type": "Polygon",
        "coordinates": [
          [
            [
              135.16331669443792,
              -3.405191193148637
            ],
            [
              134.5514914844159,
              -3.304431368634825
            ],
            [
              134.2791217129731,
              -3.141487221354737
            ],
            [
              133.80745438684957,
              -3.214463596596248
            ],
            [
              133.89698464211344,
              -3.8704586743069007
            ],
            [
              134.18348921765272,
              -4.237088643609425
            ],
            [
              134.50613092513564,
              -4.09968831517318
            ],
            [
              135.16331669443792,
              -3.405191193148637
            ]
          ]
        ]
      }
    },
    {
      "type": "Feature",
      "properties": {
        "rank": 9,
        "h_pre": 0.6521,
        "h_ind": 0.7818,
        "h_ac": 0.792,
        "settle_ind": 0.9381,
        "settle_ac": 0.9415,
        "settle_no_incentive": 0.6099,
        "mechanism": "environment_led",
        "dominant_incentive": "resource",
        "ac_kwh_pc_yr": 16.5,
        "ac_water_l_pc_day": 0.03,
        "lon": 148.359375,
        "lat": -0.5986173896492011
      },
      "geometry": {
        "type": "Polygon",
        "coordinates": [
          [
            [
              148.9171022084026,
              -0.4745637287241025
            ],
            [
              148.49621295663906,
              -0.24500344289629034
            ],
            [
              148.38246777729168,
              -0.09515200087284337
            ],
            [
              148.04210953931627,
              -0.36461480502977967
            ],
            [
              147.96194691203237,
              -0.9746368892094819
            ],
            [
              148.20858686977328,
              -0.95437584180928
            ],
            [
              148.6180378862157,
              -1.3205986541653165
            ],
            [
              148.9171022084026,
              -0.4745637287241025
            ]
          ]
        ]
      }
    },
    {
      "type": "Feature",
      "properties": {
        "rank": 10,
        "h_pre": 0.9171,
        "h_ind": 0.9526,
        "h_ac": 0.9526,
        "settle_ind": 0.9397,
        "settle_ac": 0.9397,
        "settle_no_incentive": 0.9097,
        "mechanism": "environment_led",
        "dominant_incentive": "resource",
        "ac_kwh_pc_yr": 0.0,
        "ac_water_l_pc_day": 0.0,
        "lon": -103.359375,
        "lat": 2.052344702480777
      },
      "geometry": {
        "type": "Polygon",
        "coordinates": [
          [
            [
              -102.76634196234875,
              1.8799309645551052
            ],
            [
              -103.07433152692701,
              2.273955117837984
            ],
            [
              -103.38600440910683,
              2.8120090884569633
            ],
            [
              -104.1746720518707,
              2.248938995106643
            ],
            [
              -103.8645432076826,
              1.8253858124138072
            ],
            [
              -103.33544576074671,
              1.7017545409436787
            ],
            [
              -102.89832507343051,
              1.6196493330451942
            ],
            [
              -102.76634196234875,
              1.8799309645551052
            ]
          ]
        ]
      }
    },
    {
      "type": "Feature",
      "properties": {
        "rank": 11,
        "h_pre": 0.8853,
        "h_ind": 0.92,
        "h_ac": 0.92,
        "settle_ind": 0.9396,
        "settle_ac": 0.9396,
        "settle_no_incentive": 0.8433,
        "mechanism": "environment_led",
        "dominant_incentive": "resource",
        "ac_kwh_pc_yr": 0.0,
        "ac_water_l_pc_day": 0.0,
        "lon": 131.484375,
        "lat": 10.087843960016205
      },
      "geometry": {
        "type": "Polygon",
        "coordinates": [
          [
            [
              131.90899420216843,
              9.955502370696086
            ],
            [
              131.8239989258266,
              10.673502019742692
            ],
            [
              131.3114314392749,
              10.912556540513515
            ],
            [
              131.22074804323634,
              10.332036537204555
            ],
            [
              131.18119642040895,
              9.82086440163976
            ],
            [
              131.21828350810787,
              9.413446104518197
            ],
            [
              131.67752611539103,
              9.761423283878585
            ],
            [
              131.90899420216843,
              9.955502370696086
            ]
          ]
        ]
      }
    },
    {
      "type": "Feature",
      "properties": {
        "rank": 12,
        "h_pre": 0.9289,
        "h_ind": 0.9564,
        "h_ac": 0.9564,
        "settle_ind": 0.938,
        "settle_ac": 0.938,
        "settle_no_incentive": 0.9219,
        "mechanism": "environment_led",
        "dominant_incentive": "trade",
        "ac_kwh_pc_yr": 0.0,
        "ac_water_l_pc_day": 0.0,
        "lon": 132.890625,
        "lat": -0.5151595137663713
      },
      "geometry": {
        "type": "Polygon",
        "coordinates": [
          [
            [
              133.31173265839934,
              -0.5043222624980858
            ],
            [
              133.35329610379932,
              -0.13747438904074444
            ],
            [
              132.61938257941154,
              -0.0017830589464894464
            ],
            [
              132.49234683859063,
              -0.22502246913458868
            ],
            [
              132.36820734044883,
              -0.7573565323811473
            ],
            [
              132.80608301180655,
              -1.1178110208790502
            ],
            [
              133.37215193818193,
              -0.8598087052869475
            ],
            [
              133.31173265839934,
              -0.5043222624980858
            ]
          ]
        ]
      }
    },
    {
      "type": "Feature",
      "properties": {
        "rank": 13,
        "h_pre": 0.8881,
        "h_ind": 0.9132,
        "h_ac": 0.9132,
        "settle_ind": 0.9321,
        "settle_ac": 0.9321,
        "settle_no_incentive": 0.8587,
        "mechanism": "environment_led",
        "dominant_incentive": "trade",
        "ac_kwh_pc_yr": 0.0,
        "ac_water_l_pc_day": 0.0,
        "lon": 99.140625,
        "lat": 7.63732598523329
      },
      "geometry": {
        "type": "Polygon",
        "coordinates": [
          [
            [
              99.50166072328629,
              7.623491165042819
            ],
            [
              99.50611107811764,
              8.02742367389995
            ],
            [
              99.03254890036715,
              7.937390581102499
            ],
            [
              98.53978024041814,
              8.037185998840199
            ],
            [
              98.67712779832068,
              7.378985371172327
            ],
            [
              98.8560713705377,
              7.189524577387117
            ],
            [
              99.38717183024445,
              7.414305240382335
            ],
            [
              99.50166072328629,
              7.623491165042819
            ]
          ]
        ]
      }
    },
    {
      "type": "Feature",
      "properties": {
        "rank": 14,
        "h_pre": 0.9239,
        "h_ind": 0.9587,
        "h_ac": 0.9587,
        "settle_ind": 0.9306,
        "settle_ac": 0.9306,
        "settle_no_incentive": 0.9201,
        "mechanism": "environment_led",
        "dominant_incentive": "resource",
        "ac_kwh_pc_yr": 0.0,
        "ac_water_l_pc_day": 0.0,
        "lon": 144.140625,
        "lat": 5.135831171569976
      },
      "geometry": {
        "type": "Polygon",
        "coordinates": [
          [
            [
              144.4553489855102,
              5.045137503355161
            ],
            [
              144.59602939238007,
              5.58443274209531
            ],
            [
              143.76493089351962,
              5.847947134270665
            ],
            [
              143.4940072607137,
              5.340858689709509
            ],
            [
              143.45650861221202,
              4.61364355025911
            ],
            [
              144.01965809154925,
              4.2706841840168694
            ],
            [
              144.39386080988288,
              4.6318685234876895
            ],
            [
              144.4553489855102,
              5.045137503355161
            ]
          ]
        ]
      }
    },
    {
      "type": "Feature",
      "properties": {
        "rank": 15,
        "h_pre": 0.8569,
        "h_ind": 0.9185,
        "h_ac": 0.9185,
        "settle_ind": 0.9285,
        "settle_ac": 0.9285,
        "settle_no_incentive": 0.84,
        "mechanism": "environment_led",
        "dominant_incentive": "resource",
        "ac_kwh_pc_yr": 0.0,
        "ac_water_l_pc_day": 0.0,
        "lon": 145.54687500000003,
        "lat": -4.061720379305512
      },
      "geometry": {
        "type": "Polygon",
        "coordinates": [
          [
            [
              146.3052338440405,
              -3.8005275811487174
            ],
            [
              145.686047244748,
              -3.802871225991872
            ],
            [
              145.10958547618975,
              -3.3377521920053512
            ],
            [
              145.3474539950991,
              -3.857582124749328
            ],
            [
              144.92747629812473,
              -4.139044719932742
            ],
            [
              145.1486421264935,
              -4.740743179186704
            ],
            [
              145.72859802838016,
              -4.360718852344515
            ],
            [
              146.3052338440405,
              -3.8005275811487174
            ]
          ]
        ]
      }
    },
    {
      "type": "Feature",
      "properties": {
        "rank": 16,
        "h_pre": 0.9267,
        "h_ind": 0.9564,
        "h_ac": 0.9564,
        "settle_ind": 0.927,
        "settle_ac": 0.927,
        "settle_no_incentive": 0.9183,
        "mechanism": "environment_led",
        "dominant_incentive": "trade",
        "ac_kwh_pc_yr": 0.0,
        "ac_water_l_pc_day": 0.0,
        "lon": -45.70312500000001,
        "lat": 15.97253164059579
      },
      "geometry": {
        "type": "Polygon",
        "coordinates": [
          [
            [
              -45.20031435255566,
              16.119453072232282
            ],
            [
              -45.28872431442951,
              16.277540940204748
            ],
            [
              -45.80307370407872,
              16.431952656192607
            ],
            [
              -46.08863116526198,
              16.207164481098598
            ],
            [
              -46.1625829868979,
              15.69340260264319
            ],
            [
              -46.16337534178318,
              15.263188038598763
            ],
            [
              -45.515372899470066,
              15.680795951490014
            ],
            [
              -45.20031435255566,
              16.119453072232282
            ]
          ]
        ]
      }
    },
    {
      "type": "Feature",
      "properties": {
        "rank": 17,
        "h_pre": 0.9278,
        "h_ind": 0.9621,
        "h_ac": 0.9621,
        "settle_ind": 0.9257,
        "settle_ac": 0.9257,
        "settle_no_incentive": 0.9257,
        "mechanism": "environment_led",
        "dominant_incentive": "resource",
        "ac_kwh_pc_yr": 0.0,
        "ac_water_l_pc_day": 0.0,
        "lon": 142.734375,
        "lat": 1.6789965538988851
      },
      "geometry": {
        "type": "Polygon",
        "coordinates": [
          [
            [
              143.44582133403173,
              1.5102458595334964
            ],
            [
              142.94020156009188,
              1.9459789424714722
            ],
            [
              142.6749160470273,
              2.276222223461111
            ],
            [
              142.25343381425756,
              2.0058033496050656
            ],
            [
              142.1052958506177,
              1.404956370287931
            ],
            [
              142.36657451247058,
              0.9386342802121029
            ],
            [
              143.30139484827086,
              1.2083536632437457
            ],
            [
              143.44582133403173,
              1.5102458595334964
            ]
          ]
        ]
      }
    },
    {
      "type": "Feature",
      "properties": {
        "rank": 18,
        "h_pre": 0.9151,
        "h_ind": 0.9468,
        "h_ac": 0.9468,
        "settle_ind": 0.9253,
        "settle_ac": 0.9253,
        "settle_no_incentive": 0.9048,
        "mechanism": "environment_led",
        "dominant_incentive": "trade",
        "ac_kwh_pc_yr": 0.0,
        "ac_water_l_pc_day": 0.0,
        "lon": -110.390625,
        "lat": 7.255064767408375
      },
      "geometry": {
        "type": "Polygon",
        "coordinates": [
          [
            [
              -109.97990549233795,
              7.288534664570445
            ],
            [
              -110.16014775952564,
              7.789253212428052
            ],
            [
              -110.65007793820882,
              7.827726290500152
            ],
            [
              -110.8586559522856,
              7.6391653937511
            ],
            [
              -110.76974434159811,
              7.197801150102919
            ],
            [
              -110.72038222541227,
              6.603132258371371
            ],
            [
              -110.01663076132004,
              6.779482579241503
            ],
            [
              -109.97990549233795,
              7.288534664570445
            ]
          ]
        ]
      }
    },
    {
      "type": "Feature",
      "properties": {
        "rank": 19,
        "h_pre": 0.9249,
        "h_ind": 0.9593,
        "h_ac": 0.9593,
        "settle_ind": 0.9218,
        "settle_ac": 0.9218,
        "settle_no_incentive": 0.9206,
        "mechanism": "environment_led",
        "dominant_incentive": "trade",
        "ac_kwh_pc_yr": 0.0,
        "ac_water_l_pc_day": 0.0,
        "lon": 141.328125,
        "lat": -8.270693019073429
      },
      "geometry": {
        "type": "Polygon",
        "coordinates": [
          [
            [
              142.0027939897854,
              -8.374574391136434
            ],
            [
              141.62011038485522,
              -7.927938845732314
            ],
            [
              140.99509832597224,
              -7.7497018567992075
            ],
            [
              140.6356596859574,
              -8.103151707588669
            ],
            [
              140.833441538599,
              -8.370044807798061
            ],
            [
              141.22935365892624,
              -8.673721344399748
            ],
            [
              141.8076923883135,
              -8.799604816753167
            ],
            [
              142.0027939897854,
              -8.374574391136434
            ]
          ]
        ]
      }
    },
    {
      "type": "Feature",
      "properties": {
        "rank": 20,
        "h_pre": 0.9034,
        "h_ind": 0.948,
        "h_ac": 0.948,
        "settle_ind": 0.9207,
        "settle_ac": 0.9207,
        "settle_no_incentive": 0.8972,
        "mechanism": "environment_led",
        "dominant_incentive": "resource",
        "ac_kwh_pc_yr": 0.0,
        "ac_water_l_pc_day": 0.0,
        "lon": 142.734375,
        "lat": -1.6789965538988851
      },
      "geometry": {
        "type": "Polygon",
        "coordinates": [
          [
            [
              143.1185833575467,
              -1.6379278451394415
            ],
            [
              143.17526513724337,
              -1.2582441813326404
            ],
            [
              142.49244828580976,
              -1.2329040351874636
            ],
            [
              142.335626525664,
              -1.5987519969173083
            ],
            [
              142.16911344879935,
              -2.026890122770615
            ],
            [
              142.7196540782356,
              -2.3110322974399478
            ],
            [
              143.00839494424676,
              -2.264957261324721
            ],
            [
              143.1185833575467,
              -1.6379278451394415
            ]
          ]
        ]
      }
    },
    {
      "type": "Feature",
      "properties": {
        "rank": 21,
        "h_pre": 0.9097,
        "h_ind": 0.9511,
        "h_ac": 0.9511,
        "settle_ind": 0.9175,
        "settle_ac": 0.9175,
        "settle_no_incentive": 0.907,
        "mechanism": "environment_led",
        "dominant_incentive": "trade",
        "ac_kwh_pc_yr": 0.0,
        "ac_water_l_pc_day": 0.0,
        "lon": 131.484375,
        "lat": -16.67746861912864
      },
      "geometry": {
        "type": "Polygon",
        "coordinates": [
          [
            [
              132.2534987892699,
              -16.899107515994544
            ],
            [
              132.07562410115253,
              -16.28130574415809
            ],
            [
              131.4558390144366,
              -15.98421110716796
            ],
            [
              130.70310601506927,
              -16.30943280124442
            ],
            [
              131.2064415679148,
              -16.90790855944774
            ],
            [
              131.4733888135907,
              -17.480756225609028
            ],
            [
              131.99636316333806,
              -17.271058084276852
            ],
            [
              132.2534987892699,
              -16.899107515994544
            ]
          ]
        ]
      }
    },
    {
      "type": "Feature",
      "properties": {
        "rank": 22,
        "h_pre": 0.8782,
        "h_ind": 0.921,
        "h_ac": 0.921,
        "settle_ind": 0.9164,
        "settle_ac": 0.9164,
        "settle_no_incentive": 0.8465,
        "mechanism": "environment_led",
        "dominant_incentive": "resource",
        "ac_kwh_pc_yr": 0.0,
        "ac_water_l_pc_day": 0.0,
        "lon": -42.89062500000001,
        "lat": 9.870308944314298
      },
      "geometry": {
        "type": "Polygon",
        "coordinates": [
          [
            [
              -42.159977600160744,
              9.941557622656944
            ],
            [
              -42.648501260679794,
              10.091140525406749
            ],
            [
              -43.0234459041306,
              10.356739893471495
            ],
            [
              -43.254303161052945,
              10.022523432839666
            ],
            [
              -43.56456141814504,
              9.590286882592189
            ],
            [
              -43.07725955392153,
              9.333650792141407
            ],
            [
              -42.620431416394446,
              9.257413586667713
            ],
            [
              -42.159977600160744,
              9.941557622656944
            ]
          ]
        ]
      }
    },
    {
      "type": "Feature",
      "properties": {
        "rank": 23,
        "h_pre": 0.921,
        "h_ind": 0.9564,
        "h_ac": 0.9564,
        "settle_ind": 0.9153,
        "settle_ac": 0.9153,
        "settle_no_incentive": 0.9145,
        "mechanism": "environment_led",
        "dominant_incentive": "trade",
        "ac_kwh_pc_yr": 0.0,
        "ac_water_l_pc_day": 0.0,
        "lon": 144.140625,
        "lat": 13.22608411175328
      },
      "geometry": {
        "type": "Polygon",
        "coordinates": [
          [
            [
              144.58854497229112,
              13.315718857192357
            ],
            [
              144.43861969766752,
              13.682616123164957
            ],
            [
              143.85119998447297,
              13.700644450017442
            ],
            [
              143.46095189785132,
              13.433685157683101
            ],
            [
              143.67899982554016,
              13.171052545655565
            ],
            [
              144.051599312964,
              12.917672362558722
            ],
            [
              144.48345995968134,
              12.856960561329814
            ],
            [
              144.58854497229112,
              13.315718857192357
            ]
          ]
        ]
      }
    },
    {
      "type": "Feature",
      "properties": {
        "rank": 24,
        "h_pre": 0.887,
        "h_ind": 0.943,
        "h_ac": 0.943,
        "settle_ind": 0.9138,
        "settle_ac": 0.9138,
        "settle_no_incentive": 0.8921,
        "mechanism": "environment_led",
        "dominant_incentive": "trade",
        "ac_kwh_pc_yr": 0.0,
        "ac_water_l_pc_day": 0.0,
        "lon": -65.66454630235229,
        "lat": 45.85868414716465
      },
      "geometry": {
        "type": "Polygon",
        "coordinates": [
          [
            [
              -64.5352166300503,
              45.871825437655225
            ],
            [
              -65.22047914310315,
              46.408673819477535
            ],
            [
              -65.70348056935673,
              46.24579706550497
            ],
            [
              -66.09923786324478,
              45.97072617353225
            ],
            [
              -66.33974389660013,
              45.674081399978945
            ],
            [
              -66.09394645004662,
              45.15851659597597
            ],
            [
              -65.20234360319826,
              45.42279693696118
            ],
            [
              -64.5352166300503,
              45.871825437655225
            ]
          ]
        ]
      }
    },
    {
      "type": "Feature",
      "properties": {
        "rank": 25,
        "h_pre": 0.9116,
        "h_ind": 0.9493,
        "h_ac": 0.9493,
        "settle_ind": 0.911,
        "settle_ac": 0.911,
        "settle_no_incentive": 0.9021,
        "mechanism": "environment_led",
        "dominant_incentive": "trade",
        "ac_kwh_pc_yr": 0.0,
        "ac_water_l_pc_day": 0.0,
        "lon": 123.04687500000001,
        "lat": -22.250083916708352
      },
      "geometry": {
        "type": "Polygon",
        "coordinates": [
          [
            [
              123.49236564804033,
              -22.198903638348096
            ],
            [
              123.35752657819882,
              -21.934268183437112
            ],
            [
              123.0883162720679,
              -21.654569932629677
            ],
            [
              122.49589930266684,
              -21.973166203682894
            ],
            [
              122.2245399268037,
              -22.610545442038106
            ],
            [
              122.96493094911716,
              -22.91551090999024
            ],
            [
              123.16832587822557,
              -22.539686920378802
            ],
            [
              123.49236564804033,
              -22.198903638348096
            ]
          ]
        ]
      }
    },
    {
      "type": "Feature",
      "properties": {
        "rank": 26,
        "h_pre": 0.8957,
        "h_ind": 0.9374,
        "h_ac": 0.9374,
        "settle_ind": 0.9107,
        "settle_ac": 0.9107,
        "settle_no_incentive": 0.8766,
        "mechanism": "environment_led",
        "dominant_incentive": "resource",
        "ac_kwh_pc_yr": 0.0,
        "ac_water_l_pc_day": 0.0,
        "lon": -76.640625,
        "lat": 35.11643050315402
      },
      "geometry": {
        "type": "Polygon",
        "coordinates": [
          [
            [
              -76.14535086874679,
              35.10346701547012
            ],
            [
              -76.21480477958808,
              35.404741170110384
            ],
            [
              -76.53335381071489,
              35.83422390719295
            ],
            [
              -77.2447181727315,
              35.37593923933427
            ],
            [
              -77.3711032569961,
              34.868672898931315
            ],
            [
              -76.60925416028493,
              34.475434291179496
            ],
            [
              -76.11658732551702,
              34.71267783824987
            ],
            [
              -76.14535086874679,
              35.10346701547012
            ]
          ]
        ]
      }
    },
    {
      "type": "Feature",
      "properties": {
        "rank": 27,
        "h_pre": 0.9223,
        "h_ind": 0.9542,
        "h_ac": 0.9542,
        "settle_ind": 0.9092,
        "settle_ac": 0.9092,
        "settle_no_incentive": 0.9079,
        "mechanism": "environment_led",
        "dominant_incentive": "trade",
        "ac_kwh_pc_yr": 0.0,
        "ac_water_l_pc_day": 0.0,
        "lon": -114.60937499999999,
        "lat": 5.757380705166674
      },
      "geometry": {
        "type": "Polygon",
        "coordinates": [
          [
            [
              -113.87497800558255,
              5.785241561706523
            ],
            [
              -113.93211616195283,
              6.3068647755406
            ],
            [
              -114.6113911024649,
              6.188841073597591
            ],
            [
              -115.29981178358838,
              5.945433795272783
            ],
            [
              -115.16314148598205,
              5.4978143070555365
            ],
            [
              -114.87977197232814,
              5.246711922847494
            ],
            [
              -114.38755947076605,
              5.3927385320747065
            ],
            [
              -113.87497800558255,
              5.785241561706523
            ]
          ]
        ]
      }
    },
    {
      "type": "Feature",
      "properties": {
        "rank": 28,
        "h_pre": 0.9157,
        "h_ind": 0.9397,
        "h_ac": 0.9397,
        "settle_ind": 0.9088,
        "settle_ac": 0.9088,
        "settle_no_incentive": 0.8837,
        "mechanism": "environment_led",
        "dominant_incentive": "trade",
        "ac_kwh_pc_yr": 0.0,
        "ac_water_l_pc_day": 0.0,
        "lon": 120.23437500000003,
        "lat": 3.038370907807581
      },
      "geometry": {
        "type": "Polygon",
        "coordinates": [
          [
            [
              120.59555989392153,
              3.1530607435351166
            ],
            [
              120.41102285426508,
              3.383086962341333
            ],
            [
              119.93687013335116,
              3.737868779340692
            ],
            [
              119.88141243058809,
              3.3199477386859164
            ],
            [
              119.77537844385651,
              2.8633258621270543
            ],
            [
              120.15123348795626,
              2.3817153862389544
            ],
            [
              120.72621771249906,
              2.416319560369452
            ],
            [
              120.59555989392153,
              3.1530607435351166
            ]
          ]
        ]
      }
    },
    {
      "type": "Feature",
      "properties": {
        "rank": 29,
        "h_pre": 0.9057,
        "h_ind": 0.9498,
        "h_ac": 0.9498,
        "settle_ind": 0.9069,
        "settle_ac": 0.9069,
        "settle_no_incentive": 0.9016,
        "mechanism": "environment_led",
        "dominant_incentive": "trade",
        "ac_kwh_pc_yr": 0.0,
        "ac_water_l_pc_day": 0.0,
        "lon": -68.203125,
        "lat": 42.1763343223235
      },
      "geometry": {
        "type": "Polygon",
        "coordinates": [
          [
            [
              -67.41348930473228,
              42.293681553922504
            ],
            [
              -67.90542781242868,
              42.71866020947057
            ],
            [
              -68.56261230536144,
              42.937995168900024
            ],
            [
              -68.67931207114646,
              42.26983740382112
            ],
            [
              -69.04908127210122,
              41.93604172336514
            ],
            [
              -68.3155548955497,
              41.9049486855172
            ],
            [
              -67.45373764482606,
              41.679264561925336
            ],
            [
              -67.41348930473228,
              42.293681553922504
            ]
          ]
        ]
      }
    },
    {
      "type": "Feature",
      "properties": {
        "rank": 30,
        "h_pre": 0.8941,
        "h_ind": 0.9267,
        "h_ac": 0.9267,
        "settle_ind": 0.9019,
        "settle_ac": 0.9019,
        "settle_no_incentive": 0.8498,
        "mechanism": "environment_led",
        "dominant_incentive": "resource",
        "ac_kwh_pc_yr": 0.0,
        "ac_water_l_pc_day": 0.0,
        "lon": -100.546875,
        "lat": -0.6912472083981871
      },
      "geometry": {
        "type": "Polygon",
        "coordinates": [
          [
            [
              -99.85432139696844,
              -0.8515017091572225
            ],
            [
              -100.17566102268354,
              -0.2964846885257967
            ],
            [
              -100.51300190155958,
              -0.2204407484116198
            ],
            [
              -101.0623871397647,
              -0.5864268711001004
            ],
            [
              -101.17702885026483,
              -1.123460576717333
            ],
            [
              -100.60539422438998,
              -1.0100769593838346
            ],
            [
              -100.26770086589421,
              -1.3066913189833467
            ],
            [
              -99.85432139696844,
              -0.8515017091572225
            ]
          ]
        ]
      }
    },
    {
      "type": "Feature",
      "properties": {
        "rank": 31,
        "h_pre": 0.9059,
        "h_ind": 0.9489,
        "h_ac": 0.9489,
        "settle_ind": 0.8997,
        "settle_ac": 0.8997,
        "settle_no_incentive": 0.8987,
        "mechanism": "environment_led",
        "dominant_incentive": "trade",
        "ac_kwh_pc_yr": 0.0,
        "ac_water_l_pc_day": 0.0,
        "lon": -86.484375,
        "lat": -37.21362995260293
      },
      "geometry": {
        "type": "Polygon",
        "coordinates": [
          [
            [
              -85.66339865389182,
              -37.278949948331665
            ],
            [
              -86.00303420669587,
              -36.43919541792866
            ],
            [
              -86.8268898305488,
              -36.426741312213295
            ],
            [
              -87.11506600038827,
              -36.83654493700993
            ],
            [
              -87.38856698763247,
              -37.52010183352715
            ],
            [
              -86.99770201257579,
              -37.97196429840897
            ],
            [
              -86.13574960804294,
              -37.504062028135806
            ],
            [
              -85.66339865389182,
              -37.278949948331665
            ]
          ]
        ]
      }
    },
    {
      "type": "Feature",
      "properties": {
        "rank": 32,
        "h_pre": 0.8871,
        "h_ind": 0.9387,
        "h_ac": 0.9387,
        "settle_ind": 0.898,
        "settle_ac": 0.898,
        "settle_no_incentive": 0.8824,
        "mechanism": "environment_led",
        "dominant_incentive": "trade",
        "ac_kwh_pc_yr": 0.0,
        "ac_water_l_pc_day": 0.0,
        "lon": 18.984375,
        "lat": 42.697072810679586
      },
      "geometry": {
        "type": "Polygon",
        "coordinates": [
          [
            [
              19.899884750523075,
              42.53776559553109
            ],
            [
              19.854868604843272,
              43.185379249752
            ],
            [
              18.46424048494169,
              43.43348666257467
            ],
            [
              18.184137694060524,
              42.90717114765582
            ],
            [
              18.546111055652656,
              42.408279158074485
            ],
            [
              18.534444094075496,
              42.08208434974078
            ],
            [
              19.555943035114037,
              42.10595553957499
            ],
            [
              19.899884750523075,
              42.53776559553109
            ]
          ]
        ]
      }
    },
    {
      "type": "Feature",
      "properties": {
        "rank": 33,
        "h_pre": 0.9033,
        "h_ind": 0.9423,
        "h_ac": 0.9423,
        "settle_ind": 0.8964,
        "settle_ac": 0.8964,
        "settle_no_incentive": 0.8868,
        "mechanism": "environment_led",
        "dominant_incentive": "trade",
        "ac_kwh_pc_yr": 0.0,
        "ac_water_l_pc_day": 0.0,
        "lon": 131.484375,
        "lat": -2.6351333003838877
      },
      "geometry": {
        "type": "Polygon",
        "coordinates": [
          [
            [
              131.79311202833912,
              -2.688436169842277
            ],
            [
              131.9936504582468,
              -1.9256797466977174
            ],
            [
              131.2928715190474,
              -1.9460528162099786
            ],
            [
              130.96996419295644,
              -2.335215738844272
            ],
            [
              130.88977217328102,
              -2.700742590307813
            ],
            [
              131.28563313095327,
              -3.1498533140052487
            ],
            [
              131.8408830446402,
              -2.883028796785567
            ],
            [
              131.79311202833912,
              -2.688436169842277
            ]
          ]
        ]
      }
    },
    {
      "type": "Feature",
      "properties": {
        "rank": 34,
        "h_pre": 0.9151,
        "h_ind": 0.9482,
        "h_ac": 0.9482,
        "settle_ind": 0.8947,
        "settle_ac": 0.8947,
        "settle_no_incentive": 0.8942,
        "mechanism": "environment_led",
        "dominant_incentive": "trade",
        "ac_kwh_pc_yr": 0.0,
        "ac_water_l_pc_day": 0.0,
        "lon": -114.60937499999999,
        "lat": 3.1969890531374054
      },
      "geometry": {
        "type": "Polygon",
        "coordinates": [
          [
            [
              -113.88602820946099,
              3.1164988555531594
            ],
            [
              -114.46312567562929,
              3.5311839708210466
            ],
            [
              -114.73665236713217,
              3.49413320311079
            ],
            [
              -114.98544179203095,
              3.526641186262489
            ],
            [
              -115.02382003727887,
              3.1334500527032776
            ],
            [
              -114.50805941891242,
              2.364803013590841
            ],
            [
              -113.95701147865086,
              2.685386135337568
            ],
            [
              -113.88602820946099,
              3.1164988555531594
            ]
          ]
        ]
      }
    },
    {
      "type": "Feature",
      "properties": {
        "rank": 35,
        "h_pre": 0.8394,
        "h_ind": 0.91,
        "h_ac": 0.91,
        "settle_ind": 0.894,
        "settle_ac": 0.894,
        "settle_no_incentive": 0.8213,
        "mechanism": "environment_led",
        "dominant_incentive": "resource",
        "ac_kwh_pc_yr": 0.0,
        "ac_water_l_pc_day": 0.0,
        "lon": 145.546875,
        "lat": -1.7396195669653023
      },
      "geometry": {
        "type": "Polygon",
        "coordinates": [
          [
            [
              146.3147881815572,
              -1.5785587857983854
            ],
            [
              145.81294688773764,
              -1.2036778616861172
            ],
            [
              145.4369725293232,
              -0.8869325982883198
            ],
            [
              145.04639752810726,
              -1.5726755496319196
            ],
            [
              144.95872606370233,
              -2.262347678984935
            ],
            [
              145.49611256304894,
              -2.3705057908398772
            ],
            [
              145.93914303268744,
              -2.4415623716260098
            ],
            [
              146.3147881815572,
              -1.5785587857983854
            ]
          ]
        ]
      }
    },
    {
      "type": "Feature",
      "properties": {
        "rank": 36,
        "h_pre": 0.8881,
        "h_ind": 0.9311,
        "h_ac": 0.9311,
        "settle_ind": 0.8909,
        "settle_ac": 0.8909,
        "settle_no_incentive": 0.8645,
        "mechanism": "environment_led",
        "dominant_incentive": "resource",
        "ac_kwh_pc_yr": 0.0,
        "ac_water_l_pc_day": 0.0,
        "lon": -106.17187500000001,
        "lat": 4.728019933909834
      },
      "geometry": {
        "type": "Polygon",
        "coordinates": [
          [
            [
              -105.39200690474881,
              4.565172228971985
            ],
            [
              -106.01810394395413,
              5.039872858665884
            ],
            [
              -106.29513590465042,
              5.3762114844403435
            ],
            [
              -106.89565477033564,
              5.055583808042033
            ],
            [
              -106.46456713636678,
              4.688369476437942
            ],
            [
              -106.23324547894119,
              4.401187534402921
            ],
            [
              -105.82432660838629,
              4.344124579855033
            ],
            [
              -105.39200690474881,
              4.565172228971985
            ]
          ]
        ]
      }
    },
    {
      "type": "Feature",
      "properties": {
        "rank": 37,
        "h_pre": 0.6451,
        "h_ind": 0.7754,
        "h_ac": 0.7925,
        "settle_ind": 0.8802,
        "settle_ac": 0.8905,
        "settle_no_incentive": 0.5989,
        "mechanism": "environment_led",
        "dominant_incentive": "trade",
        "ac_kwh_pc_yr": 73.3,
        "ac_water_l_pc_day": 0.14,
        "lon": 148.359375,
        "lat": -2.9940791571677483
      },
      "geometry": {
        "type": "Polygon",
        "coordinates": [
          [
            [
              148.6577955479887,
              -2.895281389535072
            ],
            [
              148.6636526066292,
              -2.4959883627006665
            ],
            [
              148.21605018420126,
              -2.6610555264528735
            ],
            [
              147.7706631416086,
              -2.430077233135674
            ],
            [
              147.9652939512005,
              -3.098741898434459
            ],
            [
              148.40063121886826,
              -3.6516624655150247
            ],
            [
              148.69457497208094,
              -3.514120498078777
            ],
            [
              148.6577955479887,
              -2.895281389535072
            ]
          ]
        ]
      }
    },
    {
      "type": "Feature",
      "properties": {
        "rank": 38,
        "h_pre": 0.8341,
        "h_ind": 0.8666,
        "h_ac": 0.8666,
        "settle_ind": 0.8873,
        "settle_ac": 0.8873,
        "settle_no_incentive": 0.7182,
        "mechanism": "environment_led",
        "dominant_incentive": "resource",
        "ac_kwh_pc_yr": 0.0,
        "ac_water_l_pc_day": 0.0,
        "lon": 14.765625,
        "lat": -4.760096852852792
      },
      "geometry": {
        "type": "Polygon",
        "coordinates": [
          [
            [
              15.302045573369496,
              -4.5678439277795055
            ],
            [
              14.915789977180154,
              -4.469074485383313
            ],
            [
              14.557734727846583,
              -4.282536778977588
            ],
            [
              14.13255248706012,
              -4.667049673166264
            ],
            [
              14.197970079643087,
              -4.913155342221446
            ],
            [
              14.742994870813337,
              -5.576309159592213
            ],
            [
              14.90004813249989,
              -5.13293994223819
            ],
            [
              15.302045573369496,
              -4.5678439277795055
            ]
          ]
        ]
      }
    },
    {
      "type": "Feature",
      "properties": {
        "rank": 39,
        "h_pre": 0.8966,
        "h_ind": 0.9432,
        "h_ac": 0.9432,
        "settle_ind": 0.8861,
        "settle_ac": 0.8861,
        "settle_no_incentive": 0.8861,
        "mechanism": "environment_led",
        "dominant_incentive": "resource",
        "ac_kwh_pc_yr": 0.0,
        "ac_water_l_pc_day": 0.0,
        "lon": 127.265625,
        "lat": -21.22737916878513
      },
      "geometry": {
        "type": "Polygon",
        "coordinates": [
          [
            [
              127.73338761766092,
              -21.29012166169906
            ],
            [
              127.88942262207034,
              -20.7738656984036
            ],
            [
              127.30591723892898,
              -20.883289199248477
            ],
            [
              126.38443528782422,
              -21.020256561109136
            ],
            [
              126.63475787187517,
              -21.68099917526119
            ],
            [
              127.25227114980152,
              -21.569206176120726
            ],
            [
              127.61796636876576,
              -21.951840477886257
            ],
            [
              127.73338761766092,
              -21.29012166169906
            ]
          ]
        ]
      }
    },
    {
      "type": "Feature",
      "properties": {
        "rank": 40,
        "h_pre": 0.8604,
        "h_ind": 0.9254,
        "h_ac": 0.9254,
        "settle_ind": 0.8858,
        "settle_ac": 0.8858,
        "settle_no_incentive": 0.8553,
        "mechanism": "environment_led",
        "dominant_incentive": "trade",
        "ac_kwh_pc_yr": 0.0,
        "ac_water_l_pc_day": 0.0,
        "lon": 20.631456202447193,
        "lat": 48.041677242660036
      },
      "geometry": {
        "type": "Polygon",
        "coordinates": [
          [
            [
              21.201665539445642,
              48.03990284483305
            ],
            [
              21.204620453301867,
              48.359153709724346
            ],
            [
              20.71171420927576,
              48.51914714954702
            ],
            [
              20.13287131813312,
              48.11151047615537
            ],
            [
              19.521032912819802,
              47.88681229726572
            ],
            [
              20.150644962586902,
              47.53685549169837
            ],
            [
              21.01118578741406,
              47.78733459063473
            ],
            [
              21.201665539445642,
              48.03990284483305
            ]
          ]
        ]
      }
    },
    {
      "type": "Feature",
      "properties": {
        "rank": 41,
        "h_pre": 0.881,
        "h_ind": 0.9346,
        "h_ac": 0.9346,
        "settle_ind": 0.884,
        "settle_ac": 0.884,
        "settle_no_incentive": 0.8688,
        "mechanism": "environment_led",
        "dominant_incentive": "resource",
        "ac_kwh_pc_yr": 0.0,
        "ac_water_l_pc_day": 0.0,
        "lon": 144.140625,
        "lat": 9.735734423035964
      },
      "geometry": {
        "type": "Polygon",
        "coordinates": [
          [
            [
              144.55735003304514,
              9.823385271917408
            ],
            [
              144.41556333939403,
              9.958131069557856
            ],
            [
              144.08895480711624,
              10.046367380423906
            ],
            [
              143.8676365443157,
              9.853326448405527
            ],
            [
              143.6566946868402,
              9.259054010366178
            ],
            [
              144.05091180186338,
              9.376118256698108
            ],
            [
              144.66947590220266,
              9.090895154496565
            ],
            [
              144.55735003304514,
              9.823385271917408
            ]
          ]
        ]
      }
    },
    {
      "type": "Feature",
      "properties": {
        "rank": 42,
        "h_pre": 0.8996,
        "h_ind": 0.9392,
        "h_ac": 0.9392,
        "settle_ind": 0.882,
        "settle_ac": 0.882,
        "settle_no_incentive": 0.8797,
        "mechanism": "environment_led",
        "dominant_incentive": "trade",
        "ac_kwh_pc_yr": 0.0,
        "ac_water_l_pc_day": 0.0,
        "lon": 135.70312500000003,
        "lat": -13.832634218207206
      },
      "geometry": {
        "type": "Polygon",
        "coordinates": [
          [
            [
              136.39903124170942,
              -14.064543138402913
            ],
            [
              136.12961730130436,
              -13.179127966890723
            ],
            [
              135.60333915127697,
              -13.27622747452187
            ],
            [
              135.3165345661736,
              -13.554353868909978
            ],
            [
              135.17380231769573,
              -14.035643347348806
            ],
            [
              135.51089649334884,
              -14.546504728749285
            ],
            [
              135.93762814414532,
              -14.059256282270148
            ],
            [
              136.39903124170942,
              -14.064543138402913
            ]
          ]
        ]
      }
    },
    {
      "type": "Feature",
      "properties": {
        "rank": 43,
        "h_pre": 0.9041,
        "h_ind": 0.9405,
        "h_ac": 0.9405,
        "settle_ind": 0.8799,
        "settle_ac": 0.8799,
        "settle_no_incentive": 0.8795,
        "mechanism": "environment_led",
        "dominant_incentive": "strategy",
        "ac_kwh_pc_yr": 0.0,
        "ac_water_l_pc_day": 0.0,
        "lon": -35.85937500000001,
        "lat": 26.537041707074174
      },
      "geometry": {
        "type": "Polygon",
        "coordinates": [
          [
            [
              -35.3842594144746,
              26.58716834611914
            ],
            [
              -35.399785384754765,
              26.891263292015164
            ],
            [
              -35.87910149480707,
              26.85478537579025
            ],
            [
              -36.57012203451658,
              27.030233928032086
            ],
            [
              -36.38204272667962,
              26.086743432068587
            ],
            [
              -35.96005734374487,
              25.967116387311297
            ],
            [
              -35.379520970710075,
              26.266869145318232
            ],
            [
              -35.3842594144746,
              26.58716834611914
            ]
          ]
        ]
      }
    },
    {
      "type": "Feature",
      "properties": {
        "rank": 44,
        "h_pre": 0.899,
        "h_ind": 0.935,
        "h_ac": 0.935,
        "settle_ind": 0.8789,
        "settle_ac": 0.8789,
        "settle_no_incentive": 0.8716,
        "mechanism": "environment_led",
        "dominant_incentive": "resource",
        "ac_kwh_pc_yr": 0.0,
        "ac_water_l_pc_day": 0.0,
        "lon": -44.296875,
        "lat": 11.725712024825041
      },
      "geometry": {
        "type": "Polygon",
        "coordinates": [
          [
            [
              -43.71636176565601,
              11.932098353492199
            ],
            [
              -43.68056780052133,
              12.19562282649373
            ],
            [
              -44.55558941432164,
              12.162136626283731
            ],
            [
              -45.02470656741219,
              12.177734534320741
            ],
            [
              -45.07497356576639,
              11.626773138495052
            ],
            [
              -44.44966364398297,
              11.065663260355482
            ],
            [
              -43.81191780175623,
              11.258189127135967
            ],
            [
              -43.71636176565601,
              11.932098353492199
            ]
          ]
        ]
      }
    },
    {
      "type": "Feature",
      "properties": {
        "rank": 45,
        "h_pre": 0.8975,
        "h_ind": 0.9311,
        "h_ac": 0.9311,
        "settle_ind": 0.8759,
        "settle_ac": 0.8759,
        "settle_no_incentive": 0.8553,
        "mechanism": "environment_led",
        "dominant_incentive": "resource",
        "ac_kwh_pc_yr": 0.0,
        "ac_water_l_pc_day": 0.0,
        "lon": -106.17187500000001,
        "lat": 2.025979114457455
      },
      "geometry": {
        "type": "Polygon",
        "coordinates": [
          [
            [
              -105.62502374443437,
              2.1012856718500443
            ],
            [
              -105.97213272122313,
              2.2688270130289494
            ],
            [
              -106.16155890338455,
              2.7570024385054244
            ],
            [
              -106.65289607860784,
              2.173261562613538
            ],
            [
              -106.48074555858493,
              1.942892738859829
            ],
            [
              -106.34380427291882,
              1.6013641533083671
            ],
            [
              -105.67023790838923,
              1.700862196795964
            ],
            [
              -105.62502374443437,
              2.1012856718500443
            ]
          ]
        ]
      }
    },
    {
      "type": "Feature",
      "properties": {
        "rank": 46,
        "h_pre": 0.8975,
        "h_ind": 0.9358,
        "h_ac": 0.9358,
        "settle_ind": 0.8753,
        "settle_ac": 0.8753,
        "settle_no_incentive": 0.8735,
        "mechanism": "environment_led",
        "dominant_incentive": "trade",
        "ac_kwh_pc_yr": 0.0,
        "ac_water_l_pc_day": 0.0,
        "lon": -68.203125,
        "lat": 27.069041732316585
      },
      "geometry": {
        "type": "Polygon",
        "coordinates": [
          [
            [
              -67.25400107903428,
              27.25810060128223
            ],
            [
              -67.79104461292387,
              27.435779203954556
            ],
            [
              -68.34262842591723,
              27.522729978586177
            ],
            [
              -69.0333888488375,
              27.346812563190838
            ],
            [
              -68.80347643425077,
              26.839842738605814
            ],
            [
              -68.16287986572262,
              26.55913282392613
            ],
            [
              -67.74701066642481,
              26.58415769337533
            ],
            [
              -67.25400107903428,
              27.25810060128223
            ]
          ]
        ]
      }
    },
    {
      "type": "Feature",
      "properties": {
        "rank": 47,
        "h_pre": 0.6234,
        "h_ind": 0.7407,
        "h_ac": 0.7726,
        "settle_ind": 0.8546,
        "settle_ac": 0.8749,
        "settle_no_incentive": 0.5267,
        "mechanism": "environment_led",
        "dominant_incentive": "trade",
        "ac_kwh_pc_yr": 219.4,
        "ac_water_l_pc_day": 0.42,
        "lon": 107.578125,
        "lat": -30.430400089486223
      },
      "geometry": {
        "type": "Polygon",
        "coordinates": [
          [
            [
              108.53925139261649,
              -30.502737487737896
            ],
            [
              108.36240317989196,
              -29.915326261179032
            ],
            [
              107.47754890127622,
              -29.938700602049483
            ],
            [
              106.95190807124249,
              -30.20026982830156
            ],
            [
              107.08893005996765,
              -30.538056556327238
            ],
            [
              107.59751931008321,
              -30.710196064098735
            ],
            [
              107.83735461780745,
              -30.668303571028932
            ],
            [
              108.53925139261649,
              -30.502737487737896
            ]
          ]
        ]
      }
    },
    {
      "type": "Feature",
      "properties": {
        "rank": 48,
        "h_pre": 0.8827,
        "h_ind": 0.9174,
        "h_ac": 0.9174,
        "settle_ind": 0.874,
        "settle_ac": 0.874,
        "settle_no_incentive": 0.8463,
        "mechanism": "environment_led",
        "dominant_incentive": "trade",
        "ac_kwh_pc_yr": 0.0,
        "ac_water_l_pc_day": 0.0,
        "lon": 113.203125,
        "lat": 33.59747162107812
      },
      "geometry": {
        "type": "Polygon",
        "coordinates": [
          [
            [
              114.09712538349508,
              33.34436796749758
            ],
            [
              113.55141625149234,
              34.27346018928689
            ],
            [
              113.14926624189684,
              34.07357493396056
            ],
            [
              112.64947317581587,
              33.74094138006104
            ],
            [
              112.86669529678744,
              33.536395733331496
            ],
            [
              113.1713964389717,
              33.27397013387748
            ],
            [
              113.71289126756577,
              33.22228774003874
            ],
            [
              114.09712538349508,
              33.34436796749758
            ]
          ]
        ]
      }
    },
    {
      "type": "Feature",
      "properties": {
        "rank": 49,
        "h_pre": 0.8989,
        "h_ind": 0.9329,
        "h_ac": 0.9329,
        "settle_ind": 0.8738,
        "settle_ac": 0.8738,
        "settle_no_incentive": 0.8607,
        "mechanism": "environment_led",
        "dominant_incentive": "resource",
        "ac_kwh_pc_yr": 0.0,
        "ac_water_l_pc_day": 0.0,
        "lon": 139.921875,
        "lat": -3.7698989651003174
      },
      "geometry": {
        "type": "Polygon",
        "coordinates": [
          [
            [
              140.6668897133415,
              -3.770800156360925
            ],
            [
              140.2939202080523,
              -3.023244853596913
            ],
            [
              139.85820819319196,
              -3.455597428859884
            ],
            [
              139.4921584552905,
              -3.718835681680706
            ],
            [
              139.54271725961368,
              -4.034409166285044
            ],
            [
              140.0099462304456,
              -4.486873830958759
            ],
            [
              140.55668432516003,
              -4.226879512763045
            ],
            [
              140.6668897133415,
              -3.770800156360925
            ]
          ]
        ]
      }
    },
    {
      "type": "Feature",
      "properties": {
        "rank": 50,
        "h_pre": 0.8956,
        "h_ind": 0.9291,
        "h_ac": 0.9291,
        "settle_ind": 0.8734,
        "settle_ac": 0.8734,
        "settle_no_incentive": 0.8506,
        "mechanism": "environment_led",
        "dominant_incentive": "resource",
        "ac_kwh_pc_yr": 0.0,
        "ac_water_l_pc_day": 0.0,
        "lon": 132.890625,
        "lat": 7.767747414618168
      },
      "geometry": {
        "type": "Polygon",
        "coordinates": [
          [
            [
              133.36699964036424,
              7.671721674651227
            ],
            [
              133.43400993964394,
              8.14590086886484
            ],
            [
              132.81309902227127,
              8.369040128156387
            ],
            [
              132.3468389666233,
              7.8811109807293045
            ],
            [
              132.46355526064275,
              7.485933841316534
            ],
            [
              132.68412339482185,
              7.310144244857209
            ],
            [
              133.06756031224148,
              7.431977128861032
            ],
            [
              133.36699964036424,
              7.671721674651227
            ]
          ]
        ]
      }
    },
    {
      "type": "Feature",
      "properties": {
        "rank": 51,
        "h_pre": 0.7613,
        "h_ind": 0.8416,
        "h_ac": 0.8416,
        "settle_ind": 0.8721,
        "settle_ac": 0.8721,
        "settle_no_incentive": 0.7172,
        "mechanism": "environment_led",
        "dominant_incentive": "trade",
        "ac_kwh_pc_yr": 0.0,
        "ac_water_l_pc_day": 0.0,
        "lon": 120.234375,
        "lat": -25.432280420357024
      },
      "geometry": {
        "type": "Polygon",
        "coordinates": [
          [
            [
              120.72243381275928,
              -25.460823879926654
            ],
            [
              120.48113287571176,
              -25.064200837513134
            ],
            [
              120.07434596465293,
              -24.61169250943059
            ],
            [
              119.46084290192205,
              -25.169112349100423
            ],
            [
              119.47479441616055,
              -25.91553943529376
            ],
            [
              120.10440778772777,
              -26.176706599949995
            ],
            [
              120.82603821447114,
              -25.987899090949284
            ],
            [
              120.72243381275928,
              -25.460823879926654
            ]
          ]
        ]
      }
    },
    {
      "type": "Feature",
      "properties": {
        "rank": 52,
        "h_pre": 0.8887,
        "h_ind": 0.9253,
        "h_ac": 0.9253,
        "settle_ind": 0.8705,
        "settle_ac": 0.8705,
        "settle_no_incentive": 0.8535,
        "mechanism": "environment_led",
        "dominant_incentive": "resource",
        "ac_kwh_pc_yr": 0.0,
        "ac_water_l_pc_day": 0.0,
        "lon": -41.484375,
        "lat": 6.87310630737049
      },
      "geometry": {
        "type": "Polygon",
        "coordinates": [
          [
            [
              -41.07055938678303,
              6.89635974766901
            ],
            [
              -40.90538551195507,
              7.377712103884825
            ],
            [
              -41.490546420050556,
              7.361192245022675
            ],
            [
              -42.12957792556004,
              6.9707010874606095
            ],
            [
              -41.92082720174943,
              6.650385045141776
            ],
            [
              -41.5137155695894,
              6.268580285334415
            ],
            [
              -41.15835181872379,
              6.431333878230449
            ],
            [
              -41.07055938678303,
              6.89635974766901
            ]
          ]
        ]
      }
    },
    {
      "type": "Feature",
      "properties": {
        "rank": 53,
        "h_pre": 0.8971,
        "h_ind": 0.9337,
        "h_ac": 0.9337,
        "settle_ind": 0.87,
        "settle_ac": 0.87,
        "settle_no_incentive": 0.87,
        "mechanism": "environment_led",
        "dominant_incentive": "resource",
        "ac_kwh_pc_yr": 0.0,
        "ac_water_l_pc_day": 0.0,
        "lon": 125.859375,
        "lat": 26.537041707074174
      },
      "geometry": {
        "type": "Polygon",
        "coordinates": [
          [
            [
              126.46803411886592,
              26.59259439923368
            ],
            [
              126.03075265759699,
              26.80847080104019
            ],
            [
              125.44095588476495,
              27.178947821401284
            ],
            [
              125.45573548207452,
              26.661851992703653
            ],
            [
              125.2177417818429,
              26.372374977243357
            ],
            [
              125.92272201103366,
              26.08564741430275
            ],
            [
              126.37720076473595,
              26.045436812982462
            ],
            [
              126.46803411886592,
              26.59259439923368
            ]
          ]
        ]
      }
    },
    {
      "type": "Feature",
      "properties": {
        "rank": 54,
        "h_pre": 0.8992,
        "h_ind": 0.9352,
        "h_ac": 0.9352,
        "settle_ind": 0.8688,
        "settle_ac": 0.8688,
        "settle_no_incentive": 0.8656,
        "mechanism": "environment_led",
        "dominant_incentive": "trade",
        "ac_kwh_pc_yr": 0.0,
        "ac_water_l_pc_day": 0.0,
        "lon": -113.203125,
        "lat": 8.412308679457253
      },
      "geometry": {
        "type": "Polygon",
        "coordinates": [
          [
            [
              -112.47653766744325,
              8.671993711924186
            ],
            [
              -112.76272095667336,
              8.995228869559485
            ],
            [
              -113.28073056568232,
              9.222681681399976
            ],
            [
              -113.97105102175115,
              8.65806413703822
            ],
            [
              -113.42917450242336,
              8.205085472387434
            ],
            [
              -113.40255799568229,
              7.5811389260354645
            ],
            [
              -112.83266053310575,
              7.847414115726314
            ],
            [
              -112.47653766744325,
              8.671993711924186
            ]
          ]
        ]
      }
    },
    {
      "type": "Feature",
      "properties": {
        "rank": 55,
        "h_pre": 0.6477,
        "h_ind": 0.7678,
        "h_ac": 0.7678,
        "settle_ind": 0.8685,
        "settle_ac": 0.8685,
        "settle_no_incentive": 0.5794,
        "mechanism": "environment_led",
        "dominant_incentive": "trade",
        "ac_kwh_pc_yr": 0.0,
        "ac_water_l_pc_day": 0.0,
        "lon": -69.6787002281538,
        "lat": 45.27032788418836
      },
      "geometry": {
        "type": "Polygon",
        "coordinates": [
          [
            [
              -68.76715259757823,
              45.4366370536827
            ],
            [
              -69.2772135064203,
              45.499743624888985
            ],
            [
              -69.9883546706031,
              45.747598932418825
            ],
            [
              -70.48634288260448,
              45.3761175917624
            ],
            [
              -70.64316176647914,
              44.986032819972436
            ],
            [
              -69.9714486958708,
              44.549137714399286
            ],
            [
              -69.29810555733664,
              45.03189464375382
            ],
            [
              -68.76715259757823,
              45.4366370536827
            ]
          ]
        ]
      }
    },
    {
      "type": "Feature",
      "properties": {
        "rank": 56,
        "h_pre": 0.8844,
        "h_ind": 0.9199,
        "h_ac": 0.9199,
        "settle_ind": 0.8683,
        "settle_ac": 0.8683,
        "settle_no_incentive": 0.8403,
        "mechanism": "environment_led",
        "dominant_incentive": "trade",
        "ac_kwh_pc_yr": 0.0,
        "ac_water_l_pc_day": 0.0,
        "lon": -47.109375000000014,
        "lat": 2.577235469743098
      },
      "geometry": {
        "type": "Polygon",
        "coordinates": [
          [
            [
              -46.606970097670334,
              2.602551016340637
            ],
            [
              -46.905222149932186,
              2.858037555931042
            ],
            [
              -47.27787764848286,
              3.195684446350698
            ],
            [
              -47.390100937932246,
              2.731043616969023
            ],
            [
              -47.66708021770182,
              2.0071408859765305
            ],
            [
              -47.27560198056121,
              2.236811082101604
            ],
            [
              -46.85858711641494,
              2.325458126734981
            ],
            [
              -46.606970097670334,
              2.602551016340637
            ]
          ]
        ]
      }
    },
    {
      "type": "Feature",
      "properties": {
        "rank": 57,
        "h_pre": 0.8954,
        "h_ind": 0.9329,
        "h_ac": 0.9329,
        "settle_ind": 0.8658,
        "settle_ac": 0.8658,
        "settle_no_incentive": 0.8658,
        "mechanism": "environment_led",
        "dominant_incentive": "resource",
        "ac_kwh_pc_yr": 0.0,
        "ac_water_l_pc_day": 0.0,
        "lon": -69.60937500000001,
        "lat": 24.583490698489392
      },
      "geometry": {
        "type": "Polygon",
        "coordinates": [
          [
            [
              -68.82749162161203,
              24.835655645280006
            ],
            [
              -69.38709362663297,
              24.990066088732156
            ],
            [
              -69.7086410876527,
              25.027370695943926
            ],
            [
              -69.90312198051366,
              24.780686070499492
            ],
            [
              -70.27904365587993,
              24.493482038058094
            ],
            [
              -69.80947858402322,
              23.737302325515643
            ],
            [
              -69.19791140698055,
              24.266852629448103
            ],
            [
              -68.82749162161203,
              24.835655645280006
            ]
          ]
        ]
      }
    },
    {
      "type": "Feature",
      "properties": {
        "rank": 58,
        "h_pre": 0.8877,
        "h_ind": 0.9276,
        "h_ac": 0.9276,
        "settle_ind": 0.8645,
        "settle_ac": 0.8645,
        "settle_no_incentive": 0.8473,
        "mechanism": "environment_led",
        "dominant_incentive": "resource",
        "ac_kwh_pc_yr": 0.0,
        "ac_water_l_pc_day": 0.0,
        "lon": -76.640625,
        "lat": 32.332455191604
      },
      "geometry": {
        "type": "Polygon",
        "coordinates": [
          [
            [
              -76.23618857665952,
              32.334016738138175
            ],
            [
              -76.52213400303972,
              32.59407373869984
            ],
            [
              -76.85490699697888,
              32.79228298692927
            ],
            [
              -77.22749535319664,
              32.44046539393001
            ],
            [
              -77.33652445400091,
              31.942269860014076
            ],
            [
              -76.66258625116573,
              32.03580694417774
            ],
            [
              -76.19595881445318,
              32.02673581787303
            ],
            [
              -76.23618857665952,
              32.334016738138175
            ]
          ]
        ]
      }
    },
    {
      "type": "Feature",
      "properties": {
        "rank": 59,
        "h_pre": 0.692,
        "h_ind": 0.8017,
        "h_ac": 0.8017,
        "settle_ind": 0.8627,
        "settle_ac": 0.8627,
        "settle_no_incentive": 0.6404,
        "mechanism": "environment_led",
        "dominant_incentive": "trade",
        "ac_kwh_pc_yr": 0.0,
        "ac_water_l_pc_day": 0.0,
        "lon": 117.42187499999999,
        "lat": -27.353962179632894
      },
      "geometry": {
        "type": "Polygon",
        "coordinates": [
          [
            [
              117.81270046877921,
              -27.39296143632224
            ],
            [
              117.68833209447561,
              -27.09735711289678
            ],
            [
              117.29585714852055,
              -26.51955160300763
            ],
            [
              117.14515674245906,
              -27.163761777863602
            ],
            [
              116.78299720541729,
              -27.856491678694326
            ],
            [
              117.37942716150981,
              -27.726606624199544
            ],
            [
              117.74272198281196,
              -27.91741462357102
            ],
            [
              117.81270046877921,
              -27.39296143632224
            ]
          ]
        ]
      }
    },
    {
      "type": "Feature",
      "properties": {
        "rank": 60,
        "h_pre": 0.6846,
        "h_ind": 0.7949,
        "h_ac": 0.7949,
        "settle_ind": 0.8623,
        "settle_ac": 0.8623,
        "settle_no_incentive": 0.6264,
        "mechanism": "environment_led",
        "dominant_incentive": "trade",
        "ac_kwh_pc_yr": 0.0,
        "ac_water_l_pc_day": 0.0,
        "lon": 103.89180280750642,
        "lat": -56.171059539295314
      },
      "geometry": {
        "type": "Polygon",
        "coordinates": [
          [
            [
              104.40619167825263,
              -56.17991615002028
            ],
            [
              104.12835886476415,
              -55.91920004838065
            ],
            [
              103.58767733798433,
              -55.57832125504679
            ],
            [
              102.99183936397012,
              -55.97252900488837
            ],
            [
              102.80271329061463,
              -56.35703739498354
            ],
            [
              103.7473213206849,
              -56.99251618436933
            ],
            [
              104.5714047244873,
              -56.59889711007581
            ],
            [
              104.40619167825263,
              -56.17991615002028
            ]
          ]
        ]
      }
    },
    {
      "type": "Feature",
      "properties": {
        "rank": 61,
        "h_pre": 0.6619,
        "h_ind": 0.7899,
        "h_ac": 0.7899,
        "settle_ind": 0.8619,
        "settle_ac": 0.8619,
        "settle_no_incentive": 0.6201,
        "mechanism": "environment_led",
        "dominant_incentive": "trade",
        "ac_kwh_pc_yr": 0.0,
        "ac_water_l_pc_day": 0.0,
        "lon": 106.2956726714696,
        "lat": -60.16871329166327
      },
      "geometry": {
        "type": "Polygon",
        "coordinates": [
          [
            [
              107.9402804632378,
              -59.8996936030881
            ],
            [
              106.86935519318271,
              -59.6961354248242
            ],
            [
              106.42354103071975,
              -59.64234018094613
            ],
            [
              105.41361458364081,
              -60.09359736840931
            ],
            [
              104.83061192189527,
              -60.346407462948704
            ],
            [
              105.95464031624377,
              -60.9345488324796
            ],
            [
              107.54378007201866,
              -60.73589641985633
            ],
            [
              107.9402804632378,
              -59.8996936030881
            ]
          ]
        ]
      }
    },
    {
      "type": "Feature",
      "properties": {
        "rank": 62,
        "h_pre": 0.8319,
        "h_ind": 0.9073,
        "h_ac": 0.9073,
        "settle_ind": 0.8606,
        "settle_ac": 0.8606,
        "settle_no_incentive": 0.8151,
        "mechanism": "environment_led",
        "dominant_incentive": "trade",
        "ac_kwh_pc_yr": 0.0,
        "ac_water_l_pc_day": 0.0,
        "lon": 22.60564841505732,
        "lat": 50.50577936282399
      },
      "geometry": {
        "type": "Polygon",
        "coordinates": [
          [
            [
              23.85527657383923,
              50.444618945951255
            ],
            [
              22.975540133928465,
              50.72697986171585
            ],
            [
              22.086449905401448,
              51.20454689557983
            ],
            [
              22.054819481551476,
              50.61529586938486
            ],
            [
              22.07489629995398,
              50.38597042273391
            ],
            [
              22.292928611946845,
              49.94948559838015
            ],
            [
              22.97344059591663,
              49.82199395760713
            ],
            [
              23.85527657383923,
              50.444618945951255
            ]
          ]
        ]
      }
    },
    {
      "type": "Feature",
      "properties": {
        "rank": 63,
        "h_pre": 0.8824,
        "h_ind": 0.9271,
        "h_ac": 0.9271,
        "settle_ind": 0.8564,
        "settle_ac": 0.8564,
        "settle_no_incentive": 0.8544,
        "mechanism": "environment_led",
        "dominant_incentive": "trade",
        "ac_kwh_pc_yr": 0.0,
        "ac_water_l_pc_day": 0.0,
        "lon": -86.484375,
        "lat": -34.40279510347667
      },
      "geometry": {
        "type": "Polygon",
        "coordinates": [
          [
            [
              -85.85129298398223,
              -34.382488715561294
            ],
            [
              -86.01607748586311,
              -33.83237769878272
            ],
            [
              -86.82954868860848,
              -33.83743390463866
            ],
            [
              -86.92395510048227,
              -34.33108464653053
            ],
            [
              -87.02324987196575,
              -34.806832822694815
            ],
            [
              -86.62480910577497,
              -34.739702516996246
            ],
            [
              -85.98470011911387,
              -34.845596461844075
            ],
            [
              -85.85129298398223,
              -34.382488715561294
            ]
          ]
        ]
      }
    },
    {
      "type": "Feature",
      "properties": {
        "rank": 64,
        "h_pre": 0.8978,
        "h_ind": 0.9259,
        "h_ac": 0.9259,
        "settle_ind": 0.8564,
        "settle_ac": 0.8564,
        "settle_no_incentive": 0.8564,
        "mechanism": "environment_led",
        "dominant_incentive": "resource",
        "ac_kwh_pc_yr": 0.0,
        "ac_water_l_pc_day": 0.0,
        "lon": 28.828125000000004,
        "lat": -9.264015722939101
      },
      "geometry": {
        "type": "Polygon",
        "coordinates": [
          [
            [
              29.12153451311055,
              -9.321774696960171
            ],
            [
              29.219480130975242,
              -8.711506167608654
            ],
            [
              28.862736597217257,
              -8.648062619522486
            ],
            [
              28.541449905367035,
              -9.043028411860258
            ],
            [
              28.33507452614079,
              -9.510788715805012
            ],
            [
              28.795654250423595,
              -9.753783499672847
            ],
            [
              29.157660494589592,
              -9.507111230807087
            ],
            [
              29.12153451311055,
              -9.321774696960171
            ]
          ]
        ]
      }
    },
    {
      "type": "Feature",
      "properties": {
        "rank": 65,
        "h_pre": 0.8523,
        "h_ind": 0.9195,
        "h_ac": 0.9195,
        "settle_ind": 0.8561,
        "settle_ac": 0.8561,
        "settle_no_incentive": 0.8406,
        "mechanism": "environment_led",
        "dominant_incentive": "trade",
        "ac_kwh_pc_yr": 0.0,
        "ac_water_l_pc_day": 0.0,
        "lon": 130.07812500000003,
        "lat": -19.31415441875669
      },
      "geometry": {
        "type": "Polygon",
        "coordinates": [
          [
            [
              130.973258902876,
              -19.089094265031637
            ],
            [
              130.45838435082197,
              -19.00447701767137
            ],
            [
              129.76915816031314,
              -18.8532267056161
            ],
            [
              129.75149746974003,
              -19.110601978759394
            ],
            [
              129.523539939222,
              -19.740907849002827
            ],
            [
              129.59002400602455,
              -20.044692258400364
            ],
            [
              130.6708877564288,
              -19.73571191297035
            ],
            [
              130.973258902876,
              -19.089094265031637
            ]
          ]
        ]
      }
    },
    {
      "type": "Feature",
      "properties": {
        "rank": 66,
        "h_pre": 0.696,
        "h_ind": 0.798,
        "h_ac": 0.798,
        "settle_ind": 0.856,
        "settle_ac": 0.856,
        "settle_no_incentive": 0.6325,
        "mechanism": "environment_led",
        "dominant_incentive": "trade",
        "ac_kwh_pc_yr": 0.0,
        "ac_water_l_pc_day": 0.0,
        "lon": 16.171874999999996,
        "lat": 41.73916106432377
      },
      "geometry": {
        "type": "Polygon",
        "coordinates": [
          [
            [
              17.213626829930366,
              42.01990217101654
            ],
            [
              16.905886027335995,
              42.17144975689631
            ],
            [
              15.893133154072139,
              42.143141310866646
            ],
            [
              15.54631011146791,
              41.934565854295066
            ],
            [
              15.646429841330542,
              41.53788342059317
            ],
            [
              16.05091514143104,
              41.28098246756906
            ],
            [
              16.427068253706338,
              41.28200516564418
            ],
            [
              17.213626829930366,
              42.01990217101654
            ]
          ]
        ]
      }
    },
    {
      "type": "Feature",
      "properties": {
        "rank": 67,
        "h_pre": 0.8897,
        "h_ind": 0.9213,
        "h_ac": 0.9213,
        "settle_ind": 0.8558,
        "settle_ac": 0.8558,
        "settle_no_incentive": 0.8349,
        "mechanism": "environment_led",
        "dominant_incentive": "trade",
        "ac_kwh_pc_yr": 0.0,
        "ac_water_l_pc_day": 0.0,
        "lon": 139.921875,
        "lat": -5.933004484077409
      },
      "geometry": {
        "type": "Polygon",
        "coordinates": [
          [
            [
              140.42468508868717,
              -5.824490956776314
            ],
            [
              140.06526836715628,
              -5.531365694400179
            ],
            [
              139.91112583486446,
              -5.40622753255152
            ],
            [
              139.44458590915352,
              -5.735617496034302
            ],
            [
              139.22884235601737,
              -6.096867979631869
            ],
            [
              139.77340505482033,
              -6.67438716054689
            ],
            [
              140.4786360608183,
              -6.432060108010815
            ],
            [
              140.42468508868717,
              -5.824490956776314
            ]
          ]
        ]
      }
    },
    {
      "type": "Feature",
      "properties": {
        "rank": 68,
        "h_pre": 0.7012,
        "h_ind": 0.8085,
        "h_ac": 0.8122,
        "settle_ind": 0.8497,
        "settle_ac": 0.8527,
        "settle_no_incentive": 0.6449,
        "mechanism": "environment_led",
        "dominant_incentive": "trade",
        "ac_kwh_pc_yr": 0.0,
        "ac_water_l_pc_day": 0.0,
        "lon": -110.390625,
        "lat": -20.548487737898718
      },
      "geometry": {
        "type": "Polygon",
        "coordinates": [
          [
            [
              -109.80697814524792,
              -20.488872667475945
            ],
            [
              -110.19359441723897,
              -20.323925602811705
            ],
            [
              -110.56085386796111,
              -20.162777817353565
            ],
            [
              -111.01298617675506,
              -19.957618515731966
            ],
            [
              -110.83489437058557,
              -20.899444261470375
            ],
            [
              -110.44411830119323,
              -20.954564841412445
            ],
            [
              -109.80084808893021,
              -21.116439285485786
            ],
            [
              -109.80697814524792,
              -20.488872667475945
            ]
          ]
        ]
      }
    },
    {
      "type": "Feature",
      "properties": {
        "rank": 69,
        "h_pre": 0.7514,
        "h_ind": 0.825,
        "h_ac": 0.825,
        "settle_ind": 0.8521,
        "settle_ac": 0.8521,
        "settle_no_incentive": 0.6893,
        "mechanism": "environment_led",
        "dominant_incentive": "trade",
        "ac_kwh_pc_yr": 0.0,
        "ac_water_l_pc_day": 0.0,
        "lon": -63.984375,
        "lat": 27.643887414276026
      },
      "geometry": {
        "type": "Polygon",
        "coordinates": [
          [
            [
              -63.13973891945682,
              27.432976571607607
            ],
            [
              -63.63721624959057,
              28.392885519398764
            ],
            [
              -64.27559734059099,
              28.47237525143697
            ],
            [
              -64.51678294276265,
              28.128149659191067
            ],
            [
              -64.66151304309774,
              27.13927807508376
            ],
            [
              -64.25193090742152,
              27.21226845221464
            ],
            [
              -63.71809596515845,
              27.489176070237495
            ],
            [
              -63.13973891945682,
              27.432976571607607
            ]
          ]
        ]
      }
    },
    {
      "type": "Feature",
      "properties": {
        "rank": 70,
        "h_pre": 0.8851,
        "h_ind": 0.9112,
        "h_ac": 0.9112,
        "settle_ind": 0.8516,
        "settle_ac": 0.8516,
        "settle_no_incentive": 0.817,
        "mechanism": "environment_led",
        "dominant_incentive": "trade",
        "ac_kwh_pc_yr": 0.0,
        "ac_water_l_pc_day": 0.0,
        "lon": -110.390625,
        "lat": 3.295834266043625
      },
      "geometry": {
        "type": "Polygon",
        "coordinates": [
          [
            [
              -110.00820860890852,
              3.3371194963096418
            ],
            [
              -110.18161589247714,
              3.509639164294052
            ],
            [
              -110.58616195098425,
              3.8823338410359596
            ],
            [
              -110.76349606514512,
              3.394924365151335
            ],
            [
              -110.84418683003972,
              2.968969511156363
            ],
            [
              -110.3778304090959,
              2.613631026713912
            ],
            [
              -110.12279169202499,
              2.8281578114856107
            ],
            [
              -110.00820860890852,
              3.3371194963096418
            ]
          ]
        ]
      }
    },
    {
      "type": "Feature",
      "properties": {
        "rank": 71,
        "h_pre": 0.8369,
        "h_ind": 0.9082,
        "h_ac": 0.9082,
        "settle_ind": 0.8514,
        "settle_ac": 0.8514,
        "settle_no_incentive": 0.8129,
        "mechanism": "environment_led",
        "dominant_incentive": "resource",
        "ac_kwh_pc_yr": 0.0,
        "ac_water_l_pc_day": 0.0,
        "lon": 145.54687500000003,
        "lat": 0.5797986686625975
      },
      "geometry": {
        "type": "Polygon",
        "coordinates": [
          [
            [
              146.1958762976652,
              0.6556309819068596
            ],
            [
              145.8525773676037,
              1.038057878265906
            ],
            [
              145.4413192262936,
              1.3338476654228781
            ],
            [
              144.95954402672223,
              0.9076472723982363
            ],
            [
              145.02877744613244,
              0.18764756826948809
            ],
            [
              145.6423690642888,
              -0.21560369728093787
            ],
            [
              145.81665378989663,
              0.36417751363731704
            ],
            [
              146.1958762976652,
              0.6556309819068596
            ]
          ]
        ]
      }
    },
    {
      "type": "Feature",
      "properties": {
        "rank": 72,
        "h_pre": 0.4361,
        "h_ind": 0.5509,
        "h_ac": 0.7084,
        "settle_ind": 0.7411,
        "settle_ac": 0.8501,
        "settle_no_incentive": 0.3217,
        "mechanism": "technology_enabled",
        "dominant_incentive": "resource",
        "ac_kwh_pc_yr": 498.3,
        "ac_water_l_pc_day": 0.96,
        "lon": 146.953125,
        "lat": 8.870323035942228
      },
      "geometry": {
        "type": "Polygon",
        "coordinates": [
          [
            [
              147.47013559590704,
              8.886690169219811
            ],
            [
              147.52740853814598,
              9.325271164617542
            ],
            [
              146.94516139100023,
              9.155545593846927
            ],
            [
              146.36148461973517,
              9.312474012484913
            ],
            [
              146.4045896655565,
              8.60051550037373
            ],
            [
              146.76160436568273,
              8.22885127016729
            ],
            [
              147.31720464299022,
              8.192996771384733
            ],
            [
              147.47013559590704,
              8.886690169219811
            ]
          ]
        ]
      }
    },
    {
      "type": "Feature",
      "properties": {
        "rank": 73,
        "h_pre": 0.8461,
        "h_ind": 0.9178,
        "h_ac": 0.9178,
        "settle_ind": 0.8484,
        "settle_ac": 0.8484,
        "settle_no_incentive": 0.8352,
        "mechanism": "environment_led",
        "dominant_incentive": "trade",
        "ac_kwh_pc_yr": 0.0,
        "ac_water_l_pc_day": 0.0,
        "lon": 18.830798115341082,
        "lat": 45.5353384748411
      },
      "geometry": {
        "type": "Polygon",
        "coordinates": [
          [
            [
              19.69271193434139,
              45.54839664789263
            ],
            [
              19.40609041733929,
              45.86356919895784
            ],
            [
              18.754180997026516,
              45.81559993428973
            ],
            [
              18.457586969523902,
              45.696786834729856
            ],
            [
              18.183734483407594,
              45.45306995309162
            ],
            [
              18.36518056930649,
              44.85567696436365
            ],
            [
              19.583735303197326,
              45.20843440423774
            ],
            [
              19.69271193434139,
              45.54839664789263
            ]
          ]
        ]
      }
    },
    {
      "type": "Feature",
      "properties": {
        "rank": 74,
        "h_pre": 0.8722,
        "h_ind": 0.9251,
        "h_ac": 0.9251,
        "settle_ind": 0.8481,
        "settle_ac": 0.8481,
        "settle_no_incentive": 0.8481,
        "mechanism": "environment_led",
        "dominant_incentive": "resource",
        "ac_kwh_pc_yr": 0.0,
        "ac_water_l_pc_day": 0.0,
        "lon": -89.296875,
        "lat": -40.075999558339014
      },
      "geometry": {
        "type": "Polygon",
        "coordinates": [
          [
            [
              -88.87968419402573,
              -40.17993264998992
            ],
            [
              -88.93959436102703,
              -39.77690110347393
            ],
            [
              -89.67462150505763,
              -39.293216922362795
            ],
            [
              -89.62667782092724,
              -39.92955983251387
            ],
            [
              -90.13462197417682,
              -40.35920249564048
            ],
            [
              -89.46100670010908,
              -40.33596239095201
            ],
            [
              -88.49693453299018,
              -40.6610838965148
            ],
            [
              -88.87968419402573,
              -40.17993264998992
            ]
          ]
        ]
      }
    },
    {
      "type": "Feature",
      "properties": {
        "rank": 75,
        "h_pre": 0.8909,
        "h_ind": 0.9218,
        "h_ac": 0.9218,
        "settle_ind": 0.8477,
        "settle_ac": 0.8477,
        "settle_no_incentive": 0.8477,
        "mechanism": "environment_led",
        "dominant_incentive": "resource",
        "ac_kwh_pc_yr": 0.0,
        "ac_water_l_pc_day": 0.0,
        "lon": 27.421874999999996,
        "lat": -11.903705900471602
      },
      "geometry": {
        "type": "Polygon",
        "coordinates": [
          [
            [
              28.12745313905793,
              -11.857626136870943
            ],
            [
              27.865996670150196,
              -11.44922981027632
            ],
            [
              27.38316613936245,
              -11.499115783440832
            ],
            [
              27.146837912433046,
              -11.62752849839484
            ],
            [
              27.025880941786323,
              -12.24252502329703
            ],
            [
              27.449615259224522,
              -12.658863056411846
            ],
            [
              27.601703810567685,
              -12.37404384949256
            ],
            [
              28.12745313905793,
              -11.857626136870943
            ]
          ]
        ]
      }
    },
    {
      "type": "Feature",
      "properties": {
        "rank": 76,
        "h_pre": 0.8763,
        "h_ind": 0.9227,
        "h_ac": 0.9227,
        "settle_ind": 0.8453,
        "settle_ac": 0.8453,
        "settle_no_incentive": 0.8453,
        "mechanism": "environment_led",
        "dominant_incentive": "resource",
        "ac_kwh_pc_yr": 0.0,
        "ac_water_l_pc_day": 0.0,
        "lon": 135.703125,
        "lat": 34.929533592634456
      },
      "geometry": {
        "type": "Polygon",
        "coordinates": [
          [
            [
              136.43005148354962,
              34.80395210283637
            ],
            [
              136.45537081113252,
              35.53022791103932
            ],
            [
              135.7348744246304,
              35.694226266051935
            ],
            [
              135.1600349161663,
              35.009652214412014
            ],
            [
              135.38204322023034,
              34.75951625989367
            ],
            [
              135.46069459669306,
              34.575508527131305
            ],
            [
              136.43955081313754,
              34.54665952494945
            ],
            [
              136.43005148354962,
              34.80395210283637
            ]
          ]
        ]
      }
    },
    {
      "type": "Feature",
      "properties": {
        "rank": 77,
        "h_pre": 0.8826,
        "h_ind": 0.9226,
        "h_ac": 0.9226,
        "settle_ind": 0.8442,
        "settle_ac": 0.8442,
        "settle_no_incentive": 0.8442,
        "mechanism": "environment_led",
        "dominant_incentive": "resource",
        "ac_kwh_pc_yr": 0.0,
        "ac_water_l_pc_day": 0.0,
        "lon": -75.234375,
        "lat": 29.404332881693644
      },
      "geometry": {
        "type": "Polygon",
        "coordinates": [
          [
            [
              -74.29458764514536,
              29.426483659992993
            ],
            [
              -74.76411316503719,
              30.02760805817165
            ],
            [
              -75.49421342557763,
              30.22062913647022
            ],
            [
              -75.8377570273659,
              29.767325875922864
            ],
            [
              -75.96159391734987,
              29.16051373119889
            ],
            [
              -75.40334669199504,
              28.71726875476332
            ],
            [
              -74.71680844099474,
              28.729609869152206
            ],
            [
              -74.29458764514536,
              29.426483659992993
            ]
          ]
        ]
      }
    },
    {
      "type": "Feature",
      "properties": {
        "rank": 78,
        "h_pre": 0.8694,
        "h_ind": 0.9095,
        "h_ac": 0.9095,
        "settle_ind": 0.8438,
        "settle_ac": 0.8438,
        "settle_no_incentive": 0.8232,
        "mechanism": "environment_led",
        "dominant_incentive": "trade",
        "ac_kwh_pc_yr": 0.0,
        "ac_water_l_pc_day": 0.0,
        "lon": 138.515625,
        "lat": -12.25679806395502
      },
      "geometry": {
        "type": "Polygon",
        "coordinates": [
          [
            [
              139.11785204593477,
              -12.406773418933524
            ],
            [
              139.08275942804167,
              -11.640001238981258
            ],
            [
              138.47032650144357,
              -11.93848817474384
            ],
            [
              138.09068490025703,
              -12.066623269940397
            ],
            [
              138.1820808005609,
              -12.340424570931042
            ],
            [
              138.45188887705638,
              -12.657331476604428
            ],
            [
              138.96264298440468,
              -12.796664361482428
            ],
            [
              139.11785204593477,
              -12.406773418933524
            ]
          ]
        ]
      }
    },
    {
      "type": "Feature",
      "properties": {
        "rank": 79,
        "h_pre": 0.8837,
        "h_ind": 0.922,
        "h_ac": 0.922,
        "settle_ind": 0.8437,
        "settle_ac": 0.8437,
        "settle_no_incentive": 0.837,
        "mechanism": "environment_led",
        "dominant_incentive": "trade",
        "ac_kwh_pc_yr": 0.0,
        "ac_water_l_pc_day": 0.0,
        "lon": 138.515625,
        "lat": -1.5805228778176443
      },
      "geometry": {
        "type": "Polygon",
        "coordinates": [
          [
            [
              138.91959628754208,
              -1.6014551901863605
            ],
            [
              138.89999641246752,
              -1.1778791629436838
            ],
            [
              138.42286346974288,
              -0.9964372269625327
            ],
            [
              138.1406642011148,
              -1.4828470913088523
            ],
            [
              138.0923191642748,
              -1.6468608660379997
            ],
            [
              138.39773250480272,
              -1.8381075678943384
            ],
            [
              138.85782766850198,
              -2.292289243742623
            ],
            [
              138.91959628754208,
              -1.6014551901863605
            ]
          ]
        ]
      }
    },
    {
      "type": "Feature",
      "properties": {
        "rank": 80,
        "h_pre": 0.8317,
        "h_ind": 0.9037,
        "h_ac": 0.9037,
        "settle_ind": 0.8436,
        "settle_ac": 0.8436,
        "settle_no_incentive": 0.8077,
        "mechanism": "environment_led",
        "dominant_incentive": "trade",
        "ac_kwh_pc_yr": 0.0,
        "ac_water_l_pc_day": 0.0,
        "lon": -63.4501005207395,
        "lat": 48.181156940599436
      },
      "geometry": {
        "type": "Polygon",
        "coordinates": [
          [
            [
              -62.785933885416966,
              48.28680229369072
            ],
            [
              -63.150745448363686,
              48.61482783214734
            ],
            [
              -63.82055354587834,
              48.65220084167292
            ],
            [
              -63.98963064437658,
              48.52956489580832
            ],
            [
              -64.04523689587772,
              48.10319872188689
            ],
            [
              -63.72211615963923,
              47.35042570954563
            ],
            [
              -62.80429550220602,
              47.88715679019467
            ],
            [
              -62.785933885416966,
              48.28680229369072
            ]
          ]
        ]
      }
    },
    {
      "type": "Feature",
      "properties": {
        "rank": 81,
        "h_pre": 0.7274,
        "h_ind": 0.8294,
        "h_ac": 0.8302,
        "settle_ind": 0.8414,
        "settle_ac": 0.8422,
        "settle_no_incentive": 0.685,
        "mechanism": "environment_led",
        "dominant_incentive": "trade",
        "ac_kwh_pc_yr": 0.0,
        "ac_water_l_pc_day": 0.0,
        "lon": 123.04687500000001,
        "lat": -24.7664221323981
      },
      "geometry": {
        "type": "Polygon",
        "coordinates": [
          [
            [
              123.67672522300629,
              -24.572035908385274
            ],
            [
              123.44733187704915,
              -24.222695445621113
            ],
            [
              122.96813786395798,
              -23.93696724111322
            ],
            [
              122.53558297895643,
              -24.332609275620936
            ],
            [
              122.24722400277018,
              -24.99384349159904
            ],
            [
              122.838127920928,
              -25.34359846084087
            ],
            [
              123.39915323910338,
              -24.9641410681372
            ],
            [
              123.67672522300629,
              -24.572035908385274
            ]
          ]
        ]
      }
    },
    {
      "type": "Feature",
      "properties": {
        "rank": 82,
        "h_pre": 0.8824,
        "h_ind": 0.9198,
        "h_ac": 0.9198,
        "settle_ind": 0.8419,
        "settle_ac": 0.8419,
        "settle_no_incentive": 0.8419,
        "mechanism": "environment_led",
        "dominant_incentive": "resource",
        "ac_kwh_pc_yr": 0.0,
        "ac_water_l_pc_day": 0.0,
        "lon": -40.078125,
        "lat": 3.7698989651003174
      },
      "geometry": {
        "type": "Polygon",
        "coordinates": [
          [
            [
              -39.314289736570615,
              3.7625611054358443
            ],
            [
              -39.9042093514526,
              4.284956736801228
            ],
            [
              -40.061202644866576,
              4.1632869739282015
            ],
            [
              -40.66733531777792,
              4.1654891216493315
            ],
            [
              -40.79772006981509,
              3.3282559806199385
            ],
            [
              -40.44188207824266,
              2.9873029174622325
            ],
            [
              -39.77364581203038,
              3.2335744397336748
            ],
            [
              -39.314289736570615,
              3.7625611054358443
            ]
          ]
        ]
      }
    },
    {
      "type": "Feature",
      "properties": {
        "rank": 83,
        "h_pre": 0.8676,
        "h_ind": 0.8977,
        "h_ac": 0.8977,
        "settle_ind": 0.8412,
        "settle_ac": 0.8412,
        "settle_no_incentive": 0.7907,
        "mechanism": "environment_led",
        "dominant_incentive": "trade",
        "ac_kwh_pc_yr": 0.0,
        "ac_water_l_pc_day": 0.0,
        "lon": 123.04687500000001,
        "lat": 1.7683677873843233
      },
      "geometry": {
        "type": "Polygon",
        "coordinates": [
          [
            [
              123.45632612140365,
              1.808866886961784
            ],
            [
              123.30396206857029,
              1.9815049962029108
            ],
            [
              122.85403206994575,
              2.4485220951682334
            ],
            [
              122.73683841224481,
              1.982333373931236
            ],
            [
              122.30524421284801,
              1.6569236854462146
            ],
            [
              122.896667945921,
              1.270040297059781
            ],
            [
              123.37436470186756,
              1.4936517594773182
            ],
            [
              123.45632612140365,
              1.808866886961784
            ]
          ]
        ]
      }
    },
    {
      "type": "Feature",
      "properties": {
        "rank": 84,
        "h_pre": 0.8557,
        "h_ind": 0.9208,
        "h_ac": 0.9208,
        "settle_ind": 0.8411,
        "settle_ac": 0.8411,
        "settle_no_incentive": 0.8375,
        "mechanism": "environment_led",
        "dominant_incentive": "resource",
        "ac_kwh_pc_yr": 0.0,
        "ac_water_l_pc_day": 0.0,
        "lon": 145.54687500000003,
        "lat": 2.9001111263329
      },
      "geometry": {
        "type": "Polygon",
        "coordinates": [
          [
            [
              146.02773116075596,
              2.801793597383248
            ],
            [
              145.73004396294425,
              3.2577440316714807
            ],
            [
              145.4244343321842,
              3.4911535000555274
            ],
            [
              145.0615337862601,
              3.194381657402288
            ],
            [
              145.05985413463443,
              2.6287232822566278
            ],
            [
              145.39716635968648,
              2.280199332561864
            ],
            [
              145.8652323013726,
              2.6489177589850863
            ],
            [
              146.02773116075596,
              2.801793597383248
            ]
          ]
        ]
      }
    },
    {
      "type": "Feature",
      "properties": {
        "rank": 85,
        "h_pre": 0.865,
        "h_ind": 0.9212,
        "h_ac": 0.9212,
        "settle_ind": 0.8408,
        "settle_ac": 0.8408,
        "settle_no_incentive": 0.8408,
        "mechanism": "environment_led",
        "dominant_incentive": "resource",
        "ac_kwh_pc_yr": 0.0,
        "ac_water_l_pc_day": 0.0,
        "lon": 136.41262607811063,
        "lat": 37.944293116395315
      },
      "geometry": {
        "type": "Polygon",
        "coordinates": [
          [
            [
              136.98522220321271,
              37.96955619477147
            ],
            [
              136.85540717130232,
              38.47232462232675
            ],
            [
              136.4179817738606,
              38.578070521296375
            ],
            [
              135.98345411075346,
              38.118184249146424
            ],
            [
              135.66130388274712,
              37.62315052179562
            ],
            [
              135.93926853291126,
              37.312795724928286
            ],
            [
              136.61725365107452,
              37.6711842363378
            ],
            [
              136.98522220321271,
              37.96955619477147
            ]
          ]
        ]
      }
    },
    {
      "type": "Feature",
      "properties": {
        "rank": 86,
        "h_pre": 0.7692,
        "h_ind": 0.8524,
        "h_ac": 0.8524,
        "settle_ind": 0.8406,
        "settle_ac": 0.8406,
        "settle_no_incentive": 0.7127,
        "mechanism": "environment_led",
        "dominant_incentive": "trade",
        "ac_kwh_pc_yr": 0.0,
        "ac_water_l_pc_day": 0.0,
        "lon": -75.234375,
        "lat": -43.335713241093245
      },
      "geometry": {
        "type": "Polygon",
        "coordinates": [
          [
            [
              -74.74434191573856,
              -43.243920911723755
            ],
            [
              -74.57799580728219,
              -43.03398434194135
            ],
            [
              -75.21080266104566,
              -43.00586565565811
            ],
            [
              -76.18732167456258,
              -43.166483116080244
            ],
            [
              -75.92058306036017,
              -43.406050855801716
            ],
            [
              -75.77011159428707,
              -43.9565720273708
            ],
            [
              -74.66524046649288,
              -43.65140576216184
            ],
            [
              -74.74434191573856,
              -43.243920911723755
            ]
          ]
        ]
      }
    },
    {
      "type": "Feature",
      "properties": {
        "rank": 87,
        "h_pre": 0.8665,
        "h_ind": 0.9143,
        "h_ac": 0.9143,
        "settle_ind": 0.8402,
        "settle_ac": 0.8402,
        "settle_no_incentive": 0.8312,
        "mechanism": "environment_led",
        "dominant_incentive": "trade",
        "ac_kwh_pc_yr": 0.0,
        "ac_water_l_pc_day": 0.0,
        "lon": 17.578125000000004,
        "lat": 30.430400089486216
      },
      "geometry": {
        "type": "Polygon",
        "coordinates": [
          [
            [
              18.087949402406316,
              30.34452961196018
            ],
            [
              17.921422507179106,
              31.188322863273395
            ],
            [
              17.425654501048232,
              30.75715772139798
            ],
            [
              17.00637255963668,
              30.569711643334525
            ],
            [
              17.094398313892064,
              30.31259524202791
            ],
            [
              17.407208408344495,
              30.16367438942506
            ],
            [
              17.861663745640943,
              29.786089271291818
            ],
            [
              18.087949402406316,
              30.34452961196018
            ]
          ]
        ]
      }
    },
    {
      "type": "Feature",
      "properties": {
        "rank": 88,
        "h_pre": 0.6296,
        "h_ind": 0.7413,
        "h_ac": 0.7413,
        "settle_ind": 0.8402,
        "settle_ac": 0.8402,
        "settle_no_incentive": 0.5292,
        "mechanism": "environment_led",
        "dominant_incentive": "resource",
        "ac_kwh_pc_yr": 0.0,
        "ac_water_l_pc_day": 0.0,
        "lon": 104.765625,
        "lat": -29.404332881693644
      },
      "geometry": {
        "type": "Polygon",
        "coordinates": [
          [
            [
              105.19392706414683,
              -29.539508870900857
            ],
            [
              104.96408579698387,
              -29.093415252837335
            ],
            [
              104.72917571345933,
              -29.113979287209073
            ],
            [
              103.97153378358851,
              -28.918148302565555
            ],
            [
              104.05982752995736,
              -29.975377594977946
            ],
            [
              104.63129297205164,
              -29.89394568526042
            ],
            [
              105.00653655233198,
              -29.698739750682698
            ],
            [
              105.19392706414683,
              -29.539508870900857
            ]
          ]
        ]
      }
    },
    {
      "type": "Feature",
      "properties": {
        "rank": 89,
        "h_pre": 0.7966,
        "h_ind": 0.8842,
        "h_ac": 0.8842,
        "settle_ind": 0.8392,
        "settle_ac": 0.8392,
        "settle_no_incentive": 0.768,
        "mechanism": "environment_led",
        "dominant_incentive": "trade",
        "ac_kwh_pc_yr": 0.0,
        "ac_water_l_pc_day": 0.0,
        "lon": -70.57880069886406,
        "lat": -44.025096443071575
      },
      "geometry": {
        "type": "Polygon",
        "coordinates": [
          [
            [
              -69.66608367064235,
              -44.11948995011212
            ],
            [
              -70.11742130534253,
              -43.482355429931296
            ],
            [
              -70.61811649779186,
              -43.504498833108165
            ],
            [
              -71.44762391948836,
              -43.95266400089122
            ],
            [
              -71.30852156026033,
              -44.384046852525486
            ],
            [
              -70.53322758952937,
              -44.40178446794177
            ],
            [
              -69.96138901538474,
              -44.55981940264074
            ],
            [
              -69.66608367064235,
              -44.11948995011212
            ]
          ]
        ]
      }
    },
    {
      "type": "Feature",
      "properties": {
        "rank": 90,
        "h_pre": 0.8114,
        "h_ind": 0.8618,
        "h_ac": 0.8618,
        "settle_ind": 0.8386,
        "settle_ac": 0.8386,
        "settle_no_incentive": 0.6996,
        "mechanism": "environment_led",
        "dominant_incentive": "resource",
        "ac_kwh_pc_yr": 0.0,
        "ac_water_l_pc_day": 0.0,
        "lon": 128.671875,
        "lat": 9.385188257937772
      },
      "geometry": {
        "type": "Polygon",
        "coordinates": [
          [
            [
              129.21252174949134,
              9.250034647336713
            ],
            [
              128.89289829077484,
              9.933880324420137
            ],
            [
              128.55737881713935,
              9.968843694659014
            ],
            [
              128.0952133845086,
              9.792133585745288
            ],
            [
              127.99062586506815,
              8.913710943204315
            ],
            [
              128.67620272803413,
              8.657857104461721
            ],
            [
              128.8695880843987,
              9.00419863463472
            ],
            [
              129.21252174949134,
              9.250034647336713
            ]
          ]
        ]
      }
    },
    {
      "type": "Feature",
      "properties": {
        "rank": 91,
        "h_pre": 0.8802,
        "h_ind": 0.9124,
        "h_ac": 0.9124,
        "settle_ind": 0.838,
        "settle_ac": 0.838,
        "settle_no_incentive": 0.8144,
        "mechanism": "environment_led",
        "dominant_incentive": "trade",
        "ac_kwh_pc_yr": 0.0,
        "ac_water_l_pc_day": 0.0,
        "lon": 132.89062499999997,
        "lat": 3.6101438490860374
      },
      "geometry": {
        "type": "Polygon",
        "coordinates": [
          [
            [
              133.36173121956375,
              3.7243264495054045
            ],
            [
              132.99175777594283,
              3.899646874764813
            ],
            [
              132.83078091758682,
              3.929886049130661
            ],
            [
              132.56402015481112,
              3.746558454986213
            ],
            [
              132.66015041344988,
              3.4476441971721763
            ],
            [
              132.69128651540916,
              2.964273815315166
            ],
            [
              133.28904964682468,
              3.349745344040606
            ],
            [
              133.36173121956375,
              3.7243264495054045
            ]
          ]
        ]
      }
    },
    {
      "type": "Feature",
      "properties": {
        "rank": 92,
        "h_pre": 0.8782,
        "h_ind": 0.9146,
        "h_ac": 0.9146,
        "settle_ind": 0.8358,
        "settle_ac": 0.8358,
        "settle_no_incentive": 0.8186,
        "mechanism": "environment_led",
        "dominant_incentive": "trade",
        "ac_kwh_pc_yr": 0.0,
        "ac_water_l_pc_day": 0.0,
        "lon": 135.70312500000003,
        "lat": -5.552157956648219
      },
      "geometry": {
        "type": "Polygon",
        "coordinates": [
          [
            [
              136.0007893666729,
              -5.457336123655778
            ],
            [
              135.93523991335718,
              -5.024117642168803
            ],
            [
              135.49172440721412,
              -4.9010904274434735
            ],
            [
              135.18549776475152,
              -5.147291696156614
            ],
            [
              135.44281124708823,
              -5.725216580012422
            ],
            [
              135.24615987554947,
              -6.289840415602029
            ],
            [
              136.07522956115315,
              -6.2335178236489
            ],
            [
              136.0007893666729,
              -5.457336123655778
            ]
          ]
        ]
      }
    },
    {
      "type": "Feature",
      "properties": {
        "rank": 93,
        "h_pre": 0.8498,
        "h_ind": 0.8884,
        "h_ac": 0.8884,
        "settle_ind": 0.834,
        "settle_ac": 0.834,
        "settle_no_incentive": 0.7544,
        "mechanism": "environment_led",
        "dominant_incentive": "resource",
        "ac_kwh_pc_yr": 0.0,
        "ac_water_l_pc_day": 0.0,
        "lon": -106.17187500000001,
        "lat": -0.6753053386193396
      },
      "geometry": {
        "type": "Polygon",
        "coordinates": [
          [
            [
              -105.70853846117538,
              -0.5603095866682328
            ],
            [
              -105.84457928661053,
              0.12765816267194452
            ],
            [
              -106.25614076636424,
              -0.339258604282148
            ],
            [
              -107.02225685312342,
              -0.5056358184815612
            ],
            [
              -106.7158996937612,
              -1.1119936265407913
            ],
            [
              -106.35004638412164,
              -0.9634228042878501
            ],
            [
              -105.56496233210322,
              -1.2590508250966055
            ],
            [
              -105.70853846117538,
              -0.5603095866682328
            ]
          ]
        ]
      }
    },
    {
      "type": "Feature",
      "properties": {
        "rank": 94,
        "h_pre": 0.8653,
        "h_ind": 0.9175,
        "h_ac": 0.9175,
        "settle_ind": 0.8336,
        "settle_ac": 0.8336,
        "settle_no_incentive": 0.8328,
        "mechanism": "environment_led",
        "dominant_incentive": "trade",
        "ac_kwh_pc_yr": 0.0,
        "ac_water_l_pc_day": 0.0,
        "lon": 141.328125,
        "lat": -10.504093791181962
      },
      "geometry": {
        "type": "Polygon",
        "coordinates": [
          [
            [
              141.8727782787311,
              -10.617694179342067
            ],
            [
              141.69328286838763,
              -9.859713898711458
            ],
            [
              141.12451389125107,
              -10.144970853954309
            ],
            [
              140.85346358629127,
              -10.443314233195277
            ],
            [
              140.8308399589476,
              -10.731896497188147
            ],
            [
              141.2741145975357,
              -11.196765657933431
            ],
            [
              141.55111508624162,
              -10.740121445766295
            ],
            [
              141.8727782787311,
              -10.617694179342067
            ]
          ]
        ]
      }
    },
    {
      "type": "Feature",
      "properties": {
        "rank": 95,
        "h_pre": 0.8798,
        "h_ind": 0.918,
        "h_ac": 0.918,
        "settle_ind": 0.8309,
        "settle_ac": 0.8309,
        "settle_no_incentive": 0.8231,
        "mechanism": "environment_led",
        "dominant_incentive": "trade",
        "ac_kwh_pc_yr": 0.0,
        "ac_water_l_pc_day": 0.0,
        "lon": 130.078125,
        "lat": -0.5380194289261486
      },
      "geometry": {
        "type": "Polygon",
        "coordinates": [
          [
            [
              130.55057835488785,
              -0.6932302412162953
            ],
            [
              130.42876794715923,
              -0.30978211013208934
            ],
            [
              129.94369480729537,
              -0.28508210995105093
            ],
            [
              129.81784402445246,
              -0.3082306001916939
            ],
            [
              129.81646267318843,
              -0.6874816759443558
            ],
            [
              129.9334955255986,
              -1.3993253206372191
            ],
            [
              130.26795878630608,
              -0.9710348926595711
            ],
            [
              130.55057835488785,
              -0.6932302412162953
            ]
          ]
        ]
      }
    },
    {
      "type": "Feature",
      "properties": {
        "rank": 96,
        "h_pre": 0.6515,
        "h_ind": 0.747,
        "h_ac": 0.7612,
        "settle_ind": 0.8179,
        "settle_ac": 0.8291,
        "settle_no_incentive": 0.4998,
        "mechanism": "environment_led",
        "dominant_incentive": "trade",
        "ac_kwh_pc_yr": 154.4,
        "ac_water_l_pc_day": 0.3,
        "lon": -117.42187500000001,
        "lat": -3.1214384474366446
      },
      "geometry": {
        "type": "Polygon",
        "coordinates": [
          [
            [
              -117.0914319392586,
              -3.1925840364460525
            ],
            [
              -117.24312197994846,
              -2.753903197835303
            ],
            [
              -117.3858439689127,
              -2.808655095671446
            ],
            [
              -117.73543407895977,
              -2.983450015025542
            ],
            [
              -117.82734830073211,
              -3.1914418858441436
            ],
            [
              -117.55433195044559,
              -3.4496438253224078
            ],
            [
              -117.08888777676208,
              -3.3632565954899283
            ],
            [
              -117.0914319392586,
              -3.1925840364460525
            ]
          ]
        ]
      }
    },
    {
      "type": "Feature",
      "properties": {
        "rank": 97,
        "h_pre": 0.6421,
        "h_ind": 0.7501,
        "h_ac": 0.7501,
        "settle_ind": 0.8277,
        "settle_ac": 0.8277,
        "settle_no_incentive": 0.5584,
        "mechanism": "environment_led",
        "dominant_incentive": "trade",
        "ac_kwh_pc_yr": 0.0,
        "ac_water_l_pc_day": 0.0,
        "lon": 16.598006521525736,
        "lat": 47.30273116208544
      },
      "geometry": {
        "type": "Polygon",
        "coordinates": [
          [
            [
              17.38751084506088,
              47.17969348972271
            ],
            [
              17.166392378357628,
              47.80123784052733
            ],
            [
              16.259034883543986,
              47.858397680587736
            ],
            [
              16.052605698172957,
              47.359506275080584
            ],
            [
              15.917658085795503,
              47.24070902507884
            ],
            [
              16.457824040171108,
              46.638850313535706
            ],
            [
              17.419057459743915,
              46.95412491997348
            ],
            [
              17.38751084506088,
              47.17969348972271
            ]
          ]
        ]
      }
    },
    {
      "type": "Feature",
      "properties": {
        "rank": 98,
        "h_pre": 0.5332,
        "h_ind": 0.6619,
        "h_ac": 0.7513,
        "settle_ind": 0.7563,
        "settle_ac": 0.8272,
        "settle_no_incentive": 0.4402,
        "mechanism": "environment_led",
        "dominant_incentive": "resource",
        "ac_kwh_pc_yr": 349.9,
        "ac_water_l_pc_day": 0.67,
        "lon": -106.17187500000001,
        "lat": 7.431820162485775
      },
      "geometry": {
        "type": "Polygon",
        "coordinates": [
          [
            [
              -105.43992929894411,
              7.4468249831355635
            ],
            [
              -105.90053927745792,
              8.234238450290576
            ],
            [
              -106.30807036071604,
              7.720351765133057
            ],
            [
              -106.67774617065646,
              7.907795269351921
            ],
            [
              -106.75803651914099,
              7.046651547567297
            ],
            [
              -106.54845482727485,
              6.740987104364196
            ],
            [
              -106.01839070376457,
              7.1836551627506715
            ],
            [
              -105.43992929894411,
              7.4468249831355635
            ]
          ]
        ]
      }
    },
    {
      "type": "Feature",
      "properties": {
        "rank": 99,
        "h_pre": 0.5834,
        "h_ind": 0.704,
        "h_ac": 0.7772,
        "settle_ind": 0.7635,
        "settle_ac": 0.8256,
        "settle_no_incentive": 0.5103,
        "mechanism": "environment_led",
        "dominant_incentive": "trade",
        "ac_kwh_pc_yr": 301.2,
        "ac_water_l_pc_day": 0.58,
        "lon": -79.453125,
        "lat": -27.024753730921375
      },
      "geometry": {
        "type": "Polygon",
        "coordinates": [
          [
            [
              -78.93014073603074,
              -27.16866315791835
            ],
            [
              -79.0010041102974,
              -26.306873658062532
            ],
            [
              -79.3914112238643,
              -26.479560831343182
            ],
            [
              -80.11316506664392,
              -26.951910239031626
            ],
            [
              -80.04890506024856,
              -27.329429128050098
            ],
            [
              -79.57559936090603,
              -27.771004141576668
            ],
            [
              -79.27891568955648,
              -27.297098512769114
            ],
            [
              -78.93014073603074,
              -27.16866315791835
            ]
          ]
        ]
      }
    },
    {
      "type": "Feature",
      "properties": {
        "rank": 100,
        "h_pre": 0.8702,
        "h_ind": 0.9115,
        "h_ac": 0.9115,
        "settle_ind": 0.8256,
        "settle_ac": 0.8256,
        "settle_no_incentive": 0.8248,
        "mechanism": "environment_led",
        "dominant_incentive": "trade",
        "ac_kwh_pc_yr": 0.0,
        "ac_water_l_pc_day": 0.0,
        "lon": 128.671875,
        "lat": 22.051588988775258
      },
      "geometry": {
        "type": "Polygon",
        "coordinates": [
          [
            [
              129.5114496177673,
              22.069691023011192
            ],
            [
              129.24907748367013,
              22.531246209130664
            ],
            [
              128.56508067455087,
              22.323200834722577
            ],
            [
              128.27297203336946,
              22.35066574676717
            ],
            [
              128.29461756423473,
              21.706572194375013
            ],
            [
              128.6134636230224,
              21.294756193595454
            ],
            [
              129.01592816789915,
              21.606579988606835
            ],
            [
              129.5114496177673,
              22.069691023011192
            ]
          ]
        ]
      }
    },
    {
      "type": "Feature",
      "properties": {
        "rank": 101,
        "h_pre": 0.8754,
        "h_ind": 0.9144,
        "h_ac": 0.9144,
        "settle_ind": 0.8239,
        "settle_ac": 0.8239,
        "settle_no_incentive": 0.8239,
        "mechanism": "environment_led",
        "dominant_incentive": "resource",
        "ac_kwh_pc_yr": 0.0,
        "ac_water_l_pc_day": 0.0,
        "lon": 145.54687500000003,
        "lat": 17.04074408369869
      },
      "geometry": {
        "type": "Polygon",
        "coordinates": [
          [
            [
              146.13906633647971,
              17.195854766041286
            ],
            [
              145.78104852741777,
              17.492457279718284
            ],
            [
              145.5632182380371,
              17.448515412800973
            ],
            [
              145.03716335360306,
              17.47906700522719
            ],
            [
              144.93845305526332,
              16.449486202047257
            ],
            [
              145.5368384566943,
              16.74958212739141
            ],
            [
              146.08228797898064,
              16.702326819678966
            ],
            [
              146.13906633647971,
              17.195854766041286
            ]
          ]
        ]
      }
    },
    {
      "type": "Feature",
      "properties": {
        "rank": 102,
        "h_pre": 0.8666,
        "h_ind": 0.9011,
        "h_ac": 0.9011,
        "settle_ind": 0.8236,
        "settle_ac": 0.8236,
        "settle_no_incentive": 0.7905,
        "mechanism": "environment_led",
        "dominant_incentive": "trade",
        "ac_kwh_pc_yr": 0.0,
        "ac_water_l_pc_day": 0.0,
        "lon": 137.10937500000003,
        "lat": -3.6101438490860365
      },
      "geometry": {
        "type": "Polygon",
        "coordinates": [
          [
            [
              137.92710221253986,
              -3.4418946427050496
            ],
            [
              137.5085378217004,
              -2.966658477474643
            ],
            [
              137.050618364449,
              -3.307583237862724
            ],
            [
              136.34336072438015,
              -3.3639385792484298
            ],
            [
              136.6341632826312,
              -3.9006319223969426
            ],
            [
              136.7964826987836,
              -4.127190587359505
            ],
            [
              137.549368734287,
              -3.9070990026063055
            ],
            [
              137.92710221253986,
              -3.4418946427050496
            ]
          ]
        ]
      }
    },
    {
      "type": "Feature",
      "properties": {
        "rank": 103,
        "h_pre": 0.8536,
        "h_ind": 0.9038,
        "h_ac": 0.9038,
        "settle_ind": 0.823,
        "settle_ac": 0.823,
        "settle_no_incentive": 0.8086,
        "mechanism": "environment_led",
        "dominant_incentive": "trade",
        "ac_kwh_pc_yr": 0.0,
        "ac_water_l_pc_day": 0.0,
        "lon": -45.70312500000001,
        "lat": 18.1506351266721
      },
      "geometry": {
        "type": "Polygon",
        "coordinates": [
          [
            [
              -44.95948490542498,
              17.908573730756377
            ],
            [
              -45.31067863283616,
              18.382913207249523
            ],
            [
              -46.00311876334847,
              18.73077636754726
            ],
            [
              -46.02530101806825,
              18.38504222990552
            ],
            [
              -46.01799082049995,
              17.936446376836287
            ],
            [
              -45.91422491790746,
              17.35436055331049
            ],
            [
              -45.36526184287147,
              17.7321261973724
            ],
            [
              -44.95948490542498,
              17.908573730756377
            ]
          ]
        ]
      }
    },
    {
      "type": "Feature",
      "properties": {
        "rank": 104,
        "h_pre": 0.8739,
        "h_ind": 0.908,
        "h_ac": 0.908,
        "settle_ind": 0.8195,
        "settle_ac": 0.8195,
        "settle_no_incentive": 0.8195,
        "mechanism": "environment_led",
        "dominant_incentive": "resource",
        "ac_kwh_pc_yr": 0.0,
        "ac_water_l_pc_day": 0.0,
        "lon": 26.015625,
        "lat": -14.606989790456945
      },
      "geometry": {
        "type": "Polygon",
        "coordinates": [
          [
            [
              26.370981140692823,
              -14.67038526365854
            ],
            [
              26.417052193963148,
              -14.276187068303885
            ],
            [
              25.872462090396755,
              -13.764953708682922
            ],
            [
              25.303786083764727,
              -14.28572582692397
            ],
            [
              25.309600745048414,
              -14.78139996990075
            ],
            [
              25.88141732824252,
              -15.076144504471035
            ],
            [
              26.216714093532186,
              -15.054679834332543
            ],
            [
              26.370981140692823,
              -14.67038526365854
            ]
          ]
        ]
      }
    },
    {
      "type": "Feature",
      "properties": {
        "rank": 105,
        "h_pre": 0.6211,
        "h_ind": 0.7444,
        "h_ac": 0.7444,
        "settle_ind": 0.8177,
        "settle_ac": 0.8177,
        "settle_no_incentive": 0.5411,
        "mechanism": "environment_led",
        "dominant_incentive": "trade",
        "ac_kwh_pc_yr": 0.0,
        "ac_water_l_pc_day": 0.0,
        "lon": 18.227741213194275,
        "lat": 49.881576014794334
      },
      "geometry": {
        "type": "Polygon",
        "coordinates": [
          [
            [
              19.497384479790128,
              49.72703427701657
            ],
            [
              19.134169640223,
              50.270768391436434
            ],
            [
              17.773184378308628,
              50.451946731087695
            ],
            [
              17.55924114677409,
              49.93632723394493
            ],
            [
              17.623520533602196,
              49.81544774606321
            ],
            [
              17.96241622310824,
              49.22885919233853
            ],
            [
              18.72381271544732,
              49.37607658460531
            ],
            [
              19.497384479790128,
              49.72703427701657
            ]
          ]
        ]
      }
    },
    {
      "type": "Feature",
      "properties": {
        "rank": 106,
        "h_pre": 0.7032,
        "h_ind": 0.8123,
        "h_ac": 0.8169,
        "settle_ind": 0.8125,
        "settle_ac": 0.8171,
        "settle_no_incentive": 0.653,
        "mechanism": "environment_led",
        "dominant_incentive": "trade",
        "ac_kwh_pc_yr": 0.0,
        "ac_water_l_pc_day": 0.0,
        "lon": 132.890625,
        "lat": -18.550739935280347
      },
      "geometry": {
        "type": "Polygon",
        "coordinates": [
          [
            [
              133.39082874610136,
              -18.590617513159128
            ],
            [
              133.51557621316275,
              -17.96200023519083
            ],
            [
              132.7523871879951,
              -17.784188322215304
            ],
            [
              132.38315904178992,
              -18.201925964493334
            ],
            [
              132.32907863656678,
              -18.763234919366806
            ],
            [
              132.95823515116862,
              -19.107199152716944
            ],
            [
              133.1997845925136,
              -18.79651504932999
            ],
            [
              133.39082874610136,
              -18.590617513159128
            ]
          ]
        ]
      }
    },
    {
      "type": "Feature",
      "properties": {
        "rank": 107,
        "h_pre": 0.8082,
        "h_ind": 0.9025,
        "h_ac": 0.9025,
        "settle_ind": 0.8165,
        "settle_ac": 0.8165,
        "settle_no_incentive": 0.8003,
        "mechanism": "environment_led",
        "dominant_incentive": "trade",
        "ac_kwh_pc_yr": 0.0,
        "ac_water_l_pc_day": 0.0,
        "lon": 26.037703753168092,
        "lat": 49.742303968353916
      },
      "geometry": {
        "type": "Polygon",
        "coordinates": [
          [
            [
              27.073941332494485,
              49.65098216202891
            ],
            [
              26.389846456569174,
              50.23668069744944
            ],
            [
              25.928922074419912,
              50.019716206891815
            ],
            [
              25.082536712076777,
              50.303048395971594
            ],
            [
              25.290898068882715,
              49.62304094000491
            ],
            [
              25.807578075357828,
              49.36304386348825
            ],
            [
              26.832836442860533,
              49.20933736226178
            ],
            [
              27.073941332494485,
              49.65098216202891
            ]
          ]
        ]
      }
    },
    {
      "type": "Feature",
      "properties": {
        "rank": 108,
        "h_pre": 0.5944,
        "h_ind": 0.7239,
        "h_ac": 0.7239,
        "settle_ind": 0.8152,
        "settle_ac": 0.8152,
        "settle_no_incentive": 0.5059,
        "mechanism": "environment_led",
        "dominant_incentive": "trade",
        "ac_kwh_pc_yr": 0.0,
        "ac_water_l_pc_day": 0.0,
        "lon": -67.7624731691328,
        "lat": 47.72798834510016
      },
      "geometry": {
        "type": "Polygon",
        "coordinates": [
          [
            [
              -67.14709291345224,
              47.84493789530995
            ],
            [
              -67.08486548951507,
              48.19415138809882
            ],
            [
              -67.78337312556344,
              48.19428567698215
            ],
            [
              -68.46556459665663,
              48.09737626744707
            ],
            [
              -68.34362925018078,
              47.330391416086016
            ],
            [
              -67.86531400037578,
              46.926335972425505
            ],
            [
              -66.938423484669,
              47.33993393597228
            ],
            [
              -67.14709291345224,
              47.84493789530995
            ]
          ]
        ]
      }
    },
    {
      "type": "Feature",
      "properties": {
        "rank": 109,
        "h_pre": 0.7707,
        "h_ind": 0.8213,
        "h_ac": 0.8213,
        "settle_ind": 0.8146,
        "settle_ac": 0.8146,
        "settle_no_incentive": 0.6218,
        "mechanism": "environment_led",
        "dominant_incentive": "resource",
        "ac_kwh_pc_yr": 0.0,
        "ac_water_l_pc_day": 0.0,
        "lon": 13.359375000000005,
        "lat": -2.052344702480777
      },
      "geometry": {
        "type": "Polygon",
        "coordinates": [
          [
            [
              13.786868755077062,
              -2.1909189881624536
            ],
            [
              13.469105145283097,
              -1.7867287801432759
            ],
            [
              13.204455661342296,
              -1.6859307684191505
            ],
            [
              12.690329077785215,
              -1.8600774706740602
            ],
            [
              12.998939196554996,
              -2.1628429164203173
            ],
            [
              13.387674665064461,
              -2.758990555296762
            ],
            [
              13.679588478711672,
              -2.622381081961862
            ],
            [
              13.786868755077062,
              -2.1909189881624536
            ]
          ]
        ]
      }
    },
    {
      "type": "Feature",
      "properties": {
        "rank": 110,
        "h_pre": 0.6316,
        "h_ind": 0.738,
        "h_ac": 0.738,
        "settle_ind": 0.8098,
        "settle_ac": 0.8098,
        "settle_no_incentive": 0.5374,
        "mechanism": "environment_led",
        "dominant_incentive": "trade",
        "ac_kwh_pc_yr": 0.0,
        "ac_water_l_pc_day": 0.0,
        "lon": -65.66957627237392,
        "lat": 50.13778570595432
      },
      "geometry": {
        "type": "Polygon",
        "coordinates": [
          [
            [
              -64.95462367427055,
              50.23011066600284
            ],
            [
              -65.2271572077317,
              50.56734190637671
            ],
            [
              -65.64437836062201,
              50.561711946763985
            ],
            [
              -66.88912089496534,
              50.519885203682264
            ],
            [
              -66.18215785830023,
              50.09278634556014
            ],
            [
              -65.8744241985209,
              49.70392420268836
            ],
            [
              -65.2686972423365,
              49.72164011131742
            ],
            [
              -64.95462367427055,
              50.23011066600284
            ]
          ]
        ]
      }
    },
    {
      "type": "Feature",
      "properties": {
        "rank": 111,
        "h_pre": 0.6705,
        "h_ind": 0.7835,
        "h_ac": 0.7835,
        "settle_ind": 0.8049,
        "settle_ac": 0.8049,
        "settle_no_incentive": 0.5958,
        "mechanism": "environment_led",
        "dominant_incentive": "trade",
        "ac_kwh_pc_yr": 0.0,
        "ac_water_l_pc_day": 0.0,
        "lon": -71.015625,
        "lat": 42.697072810679586
      },
      "geometry": {
        "type": "Polygon",
        "coordinates": [
          [
            [
              -69.92867312107118,
              42.60147770258414
            ],
            [
              -70.64551237877058,
              43.45697776609077
            ],
            [
              -71.07298698549482,
              43.279267382190596
            ],
            [
              -71.64490099317655,
              42.953198707923924
            ],
            [
              -71.40427598408037,
              42.481500833975595
            ],
            [
              -71.19705397579834,
              41.996621090521245
            ],
            [
              -70.56462931625333,
              42.39040914421873
            ],
            [
              -69.92867312107118,
              42.60147770258414
            ]
          ]
        ]
      }
    },
    {
      "type": "Feature",
      "properties": {
        "rank": 112,
        "h_pre": 0.616,
        "h_ind": 0.7507,
        "h_ac": 0.7666,
        "settle_ind": 0.7904,
        "settle_ac": 0.8044,
        "settle_no_incentive": 0.5477,
        "mechanism": "environment_led",
        "dominant_incentive": "trade",
        "ac_kwh_pc_yr": 49.2,
        "ac_water_l_pc_day": 0.09,
        "lon": -90.703125,
        "lat": -35.85732668811092
      },
      "geometry": {
        "type": "Polygon",
        "coordinates": [
          [
            [
              -90.02095389549807,
              -36.026088398032265
            ],
            [
              -90.22773496862403,
              -35.433262116318055
            ],
            [
              -90.69552405166107,
              -35.339491384209595
            ],
            [
              -91.27599331851904,
              -35.574855638100075
            ],
            [
              -91.39244660875663,
              -36.18452586016837
            ],
            [
              -91.02994159386724,
              -36.34729679181726
            ],
            [
              -90.27173673869756,
              -36.288484509899796
            ],
            [
              -90.02095389549807,
              -36.026088398032265
            ]
          ]
        ]
      }
    },
    {
      "type": "Feature",
      "properties": {
        "rank": 113,
        "h_pre": 0.7945,
        "h_ind": 0.8438,
        "h_ac": 0.8438,
        "settle_ind": 0.8043,
        "settle_ac": 0.8043,
        "settle_no_incentive": 0.6396,
        "mechanism": "environment_led",
        "dominant_incentive": "resource",
        "ac_kwh_pc_yr": 0.0,
        "ac_water_l_pc_day": 0.0,
        "lon": -73.828125,
        "lat": 36.1571605037103
      },
      "geometry": {
        "type": "Polygon",
        "coordinates": [
          [
            [
              -72.786689982194,
              36.01981213665391
            ],
            [
              -73.26196218647719,
              36.84153305804943
            ],
            [
              -74.00502684535024,
              36.40392443894812
            ],
            [
              -74.83411049748563,
              36.40018465726539
            ],
            [
              -74.18665294583023,
              36.11734487705604
            ],
            [
              -74.03383527899351,
              35.78152102490964
            ],
            [
              -73.2542389971154,
              35.45290613264246
            ],
            [
              -72.786689982194,
              36.01981213665391
            ]
          ]
        ]
      }
    },
    {
      "type": "Feature",
      "properties": {
        "rank": 114,
        "h_pre": 0.863,
        "h_ind": 0.8983,
        "h_ac": 0.8983,
        "settle_ind": 0.8019,
        "settle_ac": 0.8019,
        "settle_no_incentive": 0.8019,
        "mechanism": "environment_led",
        "dominant_incentive": "resource",
        "ac_kwh_pc_yr": 0.0,
        "ac_water_l_pc_day": 0.0,
        "lon": -85.078125,
        "lat": -20.32159564575008
      },
      "geometry": {
        "type": "Polygon",
        "coordinates": [
          [
            [
              -84.51976159579763,
              -20.38830145118101
            ],
            [
              -84.62395678300759,
              -19.683569927587573
            ],
            [
              -85.27079368290563,
              -19.947908120658802
            ],
            [
              -85.56247734117137,
              -20.27384495257812
            ],
            [
              -85.4079793609394,
              -20.59770424237184
            ],
            [
              -85.30140523471958,
              -20.99829527759109
            ],
            [
              -84.85399301678757,
              -20.837664478437784
            ],
            [
              -84.51976159579763,
              -20.38830145118101
            ]
          ]
        ]
      }
    },
    {
      "type": "Feature",
      "properties": {
        "rank": 115,
        "h_pre": 0.8626,
        "h_ind": 0.8987,
        "h_ac": 0.8987,
        "settle_ind": 0.8005,
        "settle_ac": 0.8005,
        "settle_no_incentive": 0.8005,
        "mechanism": "environment_led",
        "dominant_incentive": "resource",
        "ac_kwh_pc_yr": 0.0,
        "ac_water_l_pc_day": 0.0,
        "lon": -85.078125,
        "lat": -24.52933544869157
      },
      "geometry": {
        "type": "Polygon",
        "coordinates": [
          [
            [
              -84.42073888801366,
              -24.429107392110144
            ],
            [
              -84.97077409416863,
              -24.240798126495715
            ],
            [
              -85.21007968985495,
              -23.908787765085656
            ],
            [
              -85.48962637736538,
              -24.20998927441139
            ],
            [
              -85.51255546141209,
              -24.72132798628815
            ],
            [
              -85.1225025347124,
              -24.93233868344585
            ],
            [
              -84.29498300164634,
              -25.006421198890703
            ],
            [
              -84.42073888801366,
              -24.429107392110144
            ]
          ]
        ]
      }
    },
    {
      "type": "Feature",
      "properties": {
        "rank": 116,
        "h_pre": 0.8385,
        "h_ind": 0.9013,
        "h_ac": 0.9013,
        "settle_ind": 0.8002,
        "settle_ac": 0.8002,
        "settle_no_incentive": 0.8002,
        "mechanism": "environment_led",
        "dominant_incentive": "resource",
        "ac_kwh_pc_yr": 0.0,
        "ac_water_l_pc_day": 0.0,
        "lon": 138.515625,
        "lat": 36.16575149581514
      },
      "geometry": {
        "type": "Polygon",
        "coordinates": [
          [
            [
              139.4251512761917,
              36.00587254195594
            ],
            [
              138.8309383632989,
              36.446813584349115
            ],
            [
              138.2477860658295,
              36.70467484572858
            ],
            [
              137.9820876415525,
              36.43396249907651
            ],
            [
              138.05056800112465,
              36.06048602863988
            ],
            [
              138.35682618106262,
              35.90615062770591
            ],
            [
              138.7705762242557,
              35.7531774726311
            ],
            [
              139.4251512761917,
              36.00587254195594
            ]
          ]
        ]
      }
    },
    {
      "type": "Feature",
      "properties": {
        "rank": 117,
        "h_pre": 0.5451,
        "h_ind": 0.6596,
        "h_ac": 0.7452,
        "settle_ind": 0.7261,
        "settle_ac": 0.8001,
        "settle_no_incentive": 0.4486,
        "mechanism": "environment_led",
        "dominant_incentive": "trade",
        "ac_kwh_pc_yr": 371.2,
        "ac_water_l_pc_day": 0.71,
        "lon": -101.953125,
        "lat": -19.983835204442656
      },
      "geometry": {
        "type": "Polygon",
        "coordinates": [
          [
            [
              -101.07361316963237,
              -20.226450643430645
            ],
            [
              -101.51878060759184,
              -19.662723012854183
            ],
            [
              -102.24186928208069,
              -19.557042629261144
            ],
            [
              -102.74315757522761,
              -19.75148769676787
            ],
            [
              -102.3761835014298,
              -20.309807908582208
            ],
            [
              -102.1897520367269,
              -20.33437756394324
            ],
            [
              -101.7510017781963,
              -20.497920649564772
            ],
            [
              -101.07361316963237,
              -20.226450643430645
            ]
          ]
        ]
      }
    },
    {
      "type": "Feature",
      "properties": {
        "rank": 118,
        "h_pre": 0.8128,
        "h_ind": 0.9025,
        "h_ac": 0.9025,
        "settle_ind": 0.7999,
        "settle_ac": 0.7999,
        "settle_no_incentive": 0.7972,
        "mechanism": "environment_led",
        "dominant_incentive": "trade",
        "ac_kwh_pc_yr": 0.0,
        "ac_water_l_pc_day": 0.0,
        "lon": 105.54892033000672,
        "lat": -51.70003079925984
      },
      "geometry": {
        "type": "Polygon",
        "coordinates": [
          [
            [
              106.47861899238093,
              -51.7525470435778
            ],
            [
              106.15520897801795,
              -51.058171761447966
            ],
            [
              105.32038200598575,
              -51.35862897343828
            ],
            [
              104.5928354666793,
              -51.61865223725459
            ],
            [
              104.35581491879601,
              -52.00306445567824
            ],
            [
              105.55113890982051,
              -52.433353516133096
            ],
            [
              106.33479577895002,
              -52.41981683258433
            ],
            [
              106.47861899238093,
              -51.7525470435778
            ]
          ]
        ]
      }
    },
    {
      "type": "Feature",
      "properties": {
        "rank": 119,
        "h_pre": 0.4731,
        "h_ind": 0.5823,
        "h_ac": 0.7266,
        "settle_ind": 0.6694,
        "settle_ac": 0.7943,
        "settle_no_incentive": 0.3641,
        "mechanism": "technology_enabled",
        "dominant_incentive": "trade",
        "ac_kwh_pc_yr": 459.1,
        "ac_water_l_pc_day": 0.88,
        "lon": 71.015625,
        "lat": 1.9947358020268582
      },
      "geometry": {
        "type": "Polygon",
        "coordinates": [
          [
            [
              71.49789716317444,
              1.9944318123540832
            ],
            [
              71.4923000804907,
              2.3123800896272457
            ],
            [
              70.89176157603163,
              2.3990535834655566
            ],
            [
              70.54062668260462,
              2.0881614115329414
            ],
            [
              70.66068902020602,
              1.7486126167681646
            ],
            [
              70.85592789149405,
              1.6123526080065678
            ],
            [
              71.34871765448999,
              1.2549248988656256
            ],
            [
              71.49789716317444,
              1.9944318123540832
            ]
          ]
        ]
      }
    },
    {
      "type": "Feature",
      "properties": {
        "rank": 120,
        "h_pre": 0.8594,
        "h_ind": 0.8941,
        "h_ac": 0.8941,
        "settle_ind": 0.7942,
        "settle_ac": 0.7942,
        "settle_no_incentive": 0.7942,
        "mechanism": "environment_led",
        "dominant_incentive": "resource",
        "ac_kwh_pc_yr": 0.0,
        "ac_water_l_pc_day": 0.0,
        "lon": -86.484375,
        "lat": -16.143027949163674
      },
      "geometry": {
        "type": "Polygon",
        "coordinates": [
          [
            [
              -86.02765195163434,
              -16.213742856841964
            ],
            [
              -86.19728288178956,
              -15.511064997574946
            ],
            [
              -86.50320757285212,
              -15.597465504192305
            ],
            [
              -86.86983970975291,
              -16.02740339326596
            ],
            [
              -86.92766662373685,
              -16.27844872852994
            ],
            [
              -86.59124421644398,
              -16.723208731655042
            ],
            [
              -86.11099566694581,
              -16.788833088003305
            ],
            [
              -86.02765195163434,
              -16.213742856841964
            ]
          ]
        ]
      }
    }
  ]
}
