{
  "type": "FeatureCollection",
  "name": "rivers-v2",
  "schema_version": "2.1",
  "features": [
    {
      "type": "Feature",
      "properties": {
        "discharge_m3_s": 8651.59,
        "drainage_km2": 169964.23,
        "role": "mouth"
      },
      "geometry": {
        "type": "LineString",
        "coordinates": [
          [
            -42.89062500000001,
            -35.56057253711163
          ],
          [
            -45.0,
            -35.93002875422657
          ]
        ]
      }
    },
    {
      "type": "Feature",
      "properties": {
        "discharge_m3_s": 826.18,
        "drainage_km2": 378021.16,
        "role": "mouth"
      },
      "geometry": {
        "type": "LineString",
        "coordinates": [
          [
            -27.421875000000004,
            -40.896383978927034
          ],
          [
            -28.828125000000004,
            -40.52473954830091
          ],
          [
            -30.234375,
            -40.131685979924434
          ],
          [
            -31.640625,
            -39.71682214136856
          ],
          [
            -33.046875,
            -39.279732552054085
          ],
          [
            -34.45312500000001,
            -38.81998866678404
          ]
        ]
      }
    },
    {
      "type": "Feature",
      "properties": {
        "discharge_m3_s": 826.18,
        "drainage_km2": 378021.16,
        "role": "mouth"
      },
      "geometry": {
        "type": "LineString",
        "coordinates": [
          [
            -21.796875,
            -42.1763343223235
          ],
          [
            -23.203125,
            -41.886636814970366
          ],
          [
            -24.609375,
            -41.576971842112926
          ],
          [
            -26.015625,
            -41.24700496534096
          ],
          [
            -27.421875000000004,
            -39.508139880870274
          ],
          [
            -28.828125000000004,
            -40.52473954830091
          ],
          [
            -30.234375,
            -40.131685979924434
          ],
          [
            -31.640625,
            -39.71682214136856
          ],
          [
            -33.046875,
            -39.279732552054085
          ],
          [
            -34.45312500000001,
            -38.81998866678404
          ]
        ]
      }
    },
    {
      "type": "Feature",
      "properties": {
        "discharge_m3_s": 17608.87,
        "drainage_km2": 281941.91,
        "role": "mouth"
      },
      "geometry": {
        "type": "LineString",
        "coordinates": [
          [
            37.265625,
            -37.83076774688346
          ],
          [
            35.85937500000001,
            -38.33715037582972
          ],
          [
            34.45312500000001,
            -38.81998866678404
          ],
          [
            33.046875,
            -37.90685450969139
          ]
        ]
      }
    },
    {
      "type": "Feature",
      "properties": {
        "discharge_m3_s": 324.25,
        "drainage_km2": 150849.66,
        "role": "mouth"
      },
      "geometry": {
        "type": "LineString",
        "coordinates": [
          [
            44.296875,
            -34.929533592634456
          ],
          [
            45.70312500000001,
            -33.619135439151755
          ]
        ]
      }
    },
    {
      "type": "Feature",
      "properties": {
        "discharge_m3_s": 826.18,
        "drainage_km2": 378021.16,
        "role": "mouth"
      },
      "geometry": {
        "type": "LineString",
        "coordinates": [
          [
            -35.859375,
            -35.626823536301046
          ],
          [
            -35.859375,
            -36.97522104881948
          ],
          [
            -34.45312500000001,
            -38.81998866678404
          ]
        ]
      }
    },
    {
      "type": "Feature",
      "properties": {
        "discharge_m3_s": 8630.08,
        "drainage_km2": 133225.91,
        "role": "mouth"
      },
      "geometry": {
        "type": "LineString",
        "coordinates": [
          [
            35.85937500000001,
            -35.626823536301046
          ],
          [
            34.453125,
            -34.754103759713246
          ]
        ]
      }
    },
    {
      "type": "Feature",
      "properties": {
        "discharge_m3_s": 2785.61,
        "drainage_km2": 1508219.52,
        "role": "mouth"
      },
      "geometry": {
        "type": "LineString",
        "coordinates": [
          [
            -17.578125,
            -35.954170751587405
          ],
          [
            -16.171875000000004,
            -36.1571605037103
          ],
          [
            -16.171875000000004,
            -34.768321935928306
          ],
          [
            -16.171875000000004,
            -33.38205994593687
          ],
          [
            -14.765625,
            -33.56110637817428
          ],
          [
            -16.171875000000004,
            -31.99832037127731
          ],
          [
            -14.765625,
            -32.173472553778566
          ],
          [
            -16.171875000000007,
            -30.61704354403309
          ],
          [
            -14.765625,
            -30.787899120154748
          ],
          [
            -14.765625,
            -29.404332881693644
          ],
          [
            -13.359375,
            -28.169065727464268
          ],
          [
            -13.359375,
            -26.784440110011918
          ],
          [
            -13.359375,
            -25.401313750436355
          ]
        ]
      }
    },
    {
      "type": "Feature",
      "properties": {
        "discharge_m3_s": 61.45,
        "drainage_km2": 606433.38,
        "role": "mouth"
      },
      "geometry": {
        "type": "LineString",
        "coordinates": [
          [
            -28.828125000000004,
            -32.34292361652098
          ],
          [
            -30.234375,
            -30.65742556200535
          ],
          [
            -31.640625,
            -28.98063520023317
          ],
          [
            -33.046875,
            -28.60473838870606
          ],
          [
            -34.453125,
            -28.211519740901714
          ],
          [
            -35.859375,
            -27.800899101457567
          ],
          [
            -37.265625,
            -26.122422970705987
          ],
          [
            -37.265625,
            -24.883170189962758
          ]
        ]
      }
    },
    {
      "type": "Feature",
      "properties": {
        "discharge_m3_s": 381.26,
        "drainage_km2": 420532.01,
        "role": "mouth"
      },
      "geometry": {
        "type": "LineString",
        "coordinates": [
          [
            -27.421875,
            -32.683632280049565
          ],
          [
            -27.421875,
            -31.34096286598441
          ]
        ]
      }
    },
    {
      "type": "Feature",
      "properties": {
        "discharge_m3_s": 17084.13,
        "drainage_km2": 541943.71,
        "role": "mouth"
      },
      "geometry": {
        "type": "LineString",
        "coordinates": [
          [
            40.07812500000001,
            -26.46393409964683
          ],
          [
            41.484375,
            -27.20159128524755
          ],
          [
            42.89062499999999,
            -27.90399226181769
          ],
          [
            44.296875,
            -28.57105310360994
          ]
        ]
      }
    },
    {
      "type": "Feature",
      "properties": {
        "discharge_m3_s": 17084.13,
        "drainage_km2": 541943.71,
        "role": "mouth"
      },
      "geometry": {
        "type": "LineString",
        "coordinates": [
          [
            41.48437499999999,
            -25.983061585234783
          ],
          [
            41.484375,
            -27.20159128524755
          ],
          [
            42.89062499999999,
            -27.90399226181769
          ],
          [
            44.296875,
            -28.57105310360994
          ]
        ]
      }
    },
    {
      "type": "Feature",
      "properties": {
        "discharge_m3_s": 3703.14,
        "drainage_km2": 347469.9,
        "role": "mouth"
      },
      "geometry": {
        "type": "LineString",
        "coordinates": [
          [
            -30.234375,
            -21.590125797339276
          ],
          [
            -30.234375,
            -20.32236336442542
          ],
          [
            -30.234375,
            -19.060534241891578
          ],
          [
            -28.828125000000004,
            -18.037548642073983
          ]
        ]
      }
    },
    {
      "type": "Feature",
      "properties": {
        "discharge_m3_s": 2662.53,
        "drainage_km2": 249392.94,
        "role": "mouth"
      },
      "geometry": {
        "type": "LineString",
        "coordinates": [
          [
            -28.828125000000004,
            -20.583199935396905
          ],
          [
            -28.828125000000004,
            -19.307787517027315
          ],
          [
            -28.828125000000004,
            -18.037548642073983
          ]
        ]
      }
    },
    {
      "type": "Feature",
      "properties": {
        "discharge_m3_s": 12642.77,
        "drainage_km2": 3073100.22,
        "role": "mouth"
      },
      "geometry": {
        "type": "LineString",
        "coordinates": [
          [
            44.296875,
            -17.056475999732005
          ],
          [
            42.89062499999999,
            -17.4355911042072
          ],
          [
            41.484375,
            -16.67746861912864
          ],
          [
            40.07812500000001,
            -15.876846471532751
          ],
          [
            38.67187499999999,
            -15.034317537358294
          ],
          [
            37.26562499999999,
            -15.31155826893415
          ],
          [
            35.859375,
            -15.579299198909277
          ],
          [
            34.45312500000001,
            -15.837438640087873
          ],
          [
            33.046875,
            -16.08588146480088
          ],
          [
            31.640624999999993,
            -15.093984179116765
          ],
          [
            31.640624999999993,
            -13.86832828125839
          ]
        ]
      }
    },
    {
      "type": "Feature",
      "properties": {
        "discharge_m3_s": 12642.77,
        "drainage_km2": 3073100.22,
        "role": "mouth"
      },
      "geometry": {
        "type": "LineString",
        "coordinates": [
          [
            42.89062499999999,
            -13.067194173663053
          ],
          [
            41.484375,
            -14.451777757327879
          ],
          [
            40.07812500000001,
            -15.876846471532751
          ],
          [
            38.67187499999999,
            -15.034317537358294
          ],
          [
            37.26562499999999,
            -15.31155826893415
          ],
          [
            35.859375,
            -15.579299198909277
          ],
          [
            34.45312500000001,
            -15.837438640087873
          ],
          [
            33.046875,
            -16.08588146480088
          ],
          [
            31.640624999999993,
            -15.093984179116765
          ],
          [
            31.640624999999993,
            -13.86832828125839
          ]
        ]
      }
    },
    {
      "type": "Feature",
      "properties": {
        "discharge_m3_s": 12642.77,
        "drainage_km2": 3073100.22,
        "role": "mouth"
      },
      "geometry": {
        "type": "LineString",
        "coordinates": [
          [
            44.29687499999999,
            -12.775373530717703
          ],
          [
            42.890625,
            -14.14671717690676
          ],
          [
            41.484375,
            -15.560489049749366
          ],
          [
            40.07812500000001,
            -15.876846471532751
          ],
          [
            38.67187499999999,
            -15.034317537358294
          ],
          [
            37.26562499999999,
            -15.31155826893415
          ],
          [
            35.859375,
            -15.579299198909277
          ],
          [
            34.45312500000001,
            -15.837438640087873
          ],
          [
            33.046875,
            -16.08588146480088
          ],
          [
            31.640624999999993,
            -15.093984179116765
          ],
          [
            31.640624999999993,
            -13.86832828125839
          ]
        ]
      }
    },
    {
      "type": "Feature",
      "properties": {
        "discharge_m3_s": 12642.77,
        "drainage_km2": 3073100.22,
        "role": "mouth"
      },
      "geometry": {
        "type": "LineString",
        "coordinates": [
          [
            41.484375,
            -12.25679806395502
          ],
          [
            40.07812500000001,
            -12.510907268040713
          ],
          [
            38.67187499999999,
            -13.892518104594151
          ],
          [
            37.26562499999999,
            -15.31155826893415
          ],
          [
            35.859375,
            -15.579299198909277
          ],
          [
            34.45312500000001,
            -15.837438640087873
          ],
          [
            33.046875,
            -16.08588146480088
          ],
          [
            31.640624999999993,
            -15.093984179116765
          ],
          [
            31.640624999999993,
            -13.86832828125839
          ]
        ]
      }
    },
    {
      "type": "Feature",
      "properties": {
        "discharge_m3_s": 12642.77,
        "drainage_km2": 3073100.22,
        "role": "mouth"
      },
      "geometry": {
        "type": "LineString",
        "coordinates": [
          [
            42.890625,
            -11.995024527422332
          ],
          [
            41.48437499999999,
            -13.350743296000282
          ],
          [
            40.07812500000001,
            -14.747685508509518
          ],
          [
            38.67187499999999,
            -15.034317537358294
          ],
          [
            37.26562499999999,
            -15.31155826893415
          ],
          [
            35.859375,
            -15.579299198909277
          ],
          [
            34.45312500000001,
            -15.837438640087873
          ],
          [
            33.046875,
            -16.08588146480088
          ],
          [
            31.640624999999993,
            -15.093984179116765
          ],
          [
            31.640624999999993,
            -13.86832828125839
          ]
        ]
      }
    },
    {
      "type": "Feature",
      "properties": {
        "discharge_m3_s": 12642.77,
        "drainage_km2": 3073100.22,
        "role": "mouth"
      },
      "geometry": {
        "type": "LineString",
        "coordinates": [
          [
            41.484375,
            -11.169358291602911
          ],
          [
            40.07812500000001,
            -11.402175110744663
          ],
          [
            38.67187499999999,
            -11.627933525171223
          ],
          [
            37.265625,
            -11.84652391182925
          ],
          [
            35.85937500000001,
            -13.226084111753288
          ],
          [
            34.45312500000001,
            -14.64013684802463
          ],
          [
            33.046875,
            -14.871579750824921
          ],
          [
            31.640624999999993,
            -13.86832828125839
          ]
        ]
      }
    },
    {
      "type": "Feature",
      "properties": {
        "discharge_m3_s": 491.81,
        "drainage_km2": 128467.87,
        "role": "mouth"
      },
      "geometry": {
        "type": "LineString",
        "coordinates": [
          [
            24.609375000000004,
            -12.183884672360263
          ],
          [
            23.203124999999996,
            -13.617593707148083
          ]
        ]
      }
    },
    {
      "type": "Feature",
      "properties": {
        "discharge_m3_s": 1034.81,
        "drainage_km2": 663018.19,
        "role": "mouth"
      },
      "geometry": {
        "type": "LineString",
        "coordinates": [
          [
            30.234375,
            -11.595029642141473
          ],
          [
            28.828125000000004,
            -13.002029278052012
          ],
          [
            27.421874999999996,
            -13.167790506008155
          ],
          [
            26.015625,
            -13.325682387672256
          ],
          [
            24.609375000000007,
            -14.770134203363476
          ],
          [
            23.203125,
            -16.23418207157222
          ]
        ]
      }
    },
    {
      "type": "Feature",
      "properties": {
        "discharge_m3_s": 1034.81,
        "drainage_km2": 663018.19,
        "role": "mouth"
      },
      "geometry": {
        "type": "LineString",
        "coordinates": [
          [
            31.640624999999993,
            -11.43018193627162
          ],
          [
            30.234375,
            -12.82847018407193
          ],
          [
            28.828125000000004,
            -13.002029278052012
          ],
          [
            27.421874999999996,
            -13.167790506008155
          ],
          [
            26.015625,
            -13.325682387672256
          ],
          [
            24.609375000000007,
            -14.770134203363476
          ],
          [
            23.203125,
            -16.23418207157222
          ]
        ]
      }
    },
    {
      "type": "Feature",
      "properties": {
        "discharge_m3_s": 12642.77,
        "drainage_km2": 3073100.22,
        "role": "mouth"
      },
      "geometry": {
        "type": "LineString",
        "coordinates": [
          [
            37.26562499999999,
            -10.702596014001125
          ],
          [
            35.85937500000001,
            -12.057841740076503
          ],
          [
            34.453125,
            -13.448399987056378
          ],
          [
            33.046875,
            -14.871579750824921
          ],
          [
            31.640624999999993,
            -13.86832828125839
          ]
        ]
      }
    },
    {
      "type": "Feature",
      "properties": {
        "discharge_m3_s": 12642.77,
        "drainage_km2": 3073100.22,
        "role": "mouth"
      },
      "geometry": {
        "type": "LineString",
        "coordinates": [
          [
            38.67187499999999,
            -10.504093791181964
          ],
          [
            37.265625,
            -11.84652391182925
          ],
          [
            35.85937500000001,
            -13.226084111753288
          ],
          [
            34.45312500000001,
            -14.64013684802463
          ],
          [
            33.046875,
            -14.871579750824921
          ],
          [
            31.640624999999993,
            -13.86832828125839
          ]
        ]
      }
    },
    {
      "type": "Feature",
      "properties": {
        "discharge_m3_s": 899.16,
        "drainage_km2": 128962.71,
        "role": "mouth"
      },
      "geometry": {
        "type": "LineString",
        "coordinates": [
          [
            24.609375000000007,
            -10.894623879223346
          ],
          [
            23.203125,
            -12.31312552095195
          ]
        ]
      }
    },
    {
      "type": "Feature",
      "properties": {
        "discharge_m3_s": 12642.77,
        "drainage_km2": 3073100.22,
        "role": "mouth"
      },
      "geometry": {
        "type": "LineString",
        "coordinates": [
          [
            35.85937500000001,
            -9.735734423035964
          ],
          [
            34.453125,
            -11.079857261506863
          ],
          [
            33.046875,
            -12.458266543845186
          ],
          [
            31.640624999999993,
            -13.86832828125839
          ]
        ]
      }
    },
    {
      "type": "Feature",
      "properties": {
        "discharge_m3_s": 12642.77,
        "drainage_km2": 3073100.22,
        "role": "mouth"
      },
      "geometry": {
        "type": "LineString",
        "coordinates": [
          [
            37.265625,
            -9.563378783138774
          ],
          [
            35.85937500000001,
            -10.894548877805457
          ],
          [
            34.453125,
            -12.26178748630448
          ],
          [
            33.046875,
            -13.66251184865717
          ],
          [
            31.640624999999993,
            -13.86832828125839
          ]
        ]
      }
    },
    {
      "type": "Feature",
      "properties": {
        "discharge_m3_s": 1471.58,
        "drainage_km2": 129977.39,
        "role": "mouth"
      },
      "geometry": {
        "type": "LineString",
        "coordinates": [
          [
            24.609375000000007,
            -9.607601208564775
          ],
          [
            23.203124999999996,
            -11.010908265978154
          ]
        ]
      }
    },
    {
      "type": "Feature",
      "properties": {
        "discharge_m3_s": 745.0,
        "drainage_km2": 188702.14,
        "role": "mouth"
      },
      "geometry": {
        "type": "LineString",
        "coordinates": [
          [
            28.828125000000004,
            -9.264015722939101
          ],
          [
            27.421874999999996,
            -10.642609870346531
          ],
          [
            26.015625,
            -12.04739085492235
          ],
          [
            24.609375000000007,
            -13.475637766113925
          ],
          [
            23.203125,
            -14.924538492536053
          ]
        ]
      }
    },
    {
      "type": "Feature",
      "properties": {
        "discharge_m3_s": 12642.77,
        "drainage_km2": 3073100.22,
        "role": "mouth"
      },
      "geometry": {
        "type": "LineString",
        "coordinates": [
          [
            35.85937500000001,
            -8.58092698374741
          ],
          [
            34.453125,
            -9.90216600359321
          ],
          [
            33.046875,
            -11.25843042188877
          ],
          [
            31.640624999999993,
            -12.64718912900752
          ],
          [
            31.640624999999993,
            -13.86832828125839
          ]
        ]
      }
    },
    {
      "type": "Feature",
      "properties": {
        "discharge_m3_s": 2289.52,
        "drainage_km2": 195948.61,
        "role": "mouth"
      },
      "geometry": {
        "type": "LineString",
        "coordinates": [
          [
            34.453125,
            -2.9001111263329
          ],
          [
            33.046875,
            -1.7683677873843233
          ],
          [
            31.640624999999993,
            -0.5986173896492011
          ],
          [
            30.234375,
            0.6074886464851413
          ],
          [
            28.828125000000004,
            1.8481544539294943
          ]
        ]
      }
    },
    {
      "type": "Feature",
      "properties": {
        "discharge_m3_s": 2926.04,
        "drainage_km2": 191011.01,
        "role": "mouth"
      },
      "geometry": {
        "type": "LineString",
        "coordinates": [
          [
            37.265625,
            -2.7991516017223677
          ],
          [
            35.85937500000001,
            -1.7098232002111777
          ],
          [
            34.453125,
            -0.5797986686625975
          ],
          [
            33.046875,
            0.5893855444373464
          ],
          [
            31.640624999999993,
            1.7960506274824524
          ]
        ]
      }
    },
    {
      "type": "Feature",
      "properties": {
        "discharge_m3_s": 2034.72,
        "drainage_km2": 145294.23,
        "role": "mouth"
      },
      "geometry": {
        "type": "LineString",
        "coordinates": [
          [
            30.234375,
            -0.6074886464851413
          ],
          [
            28.828125000000004,
            0.6159939743568233
          ],
          [
            27.421874999999993,
            1.8725442236873526
          ]
        ]
      }
    },
    {
      "type": "Feature",
      "properties": {
        "discharge_m3_s": 3454.59,
        "drainage_km2": 362003.61,
        "role": "mouth"
      },
      "geometry": {
        "type": "LineString",
        "coordinates": [
          [
            24.609375000000007,
            18.67253895874216
          ],
          [
            26.015625,
            17.179743273381224
          ],
          [
            27.421874999999996,
            15.706138270714023
          ],
          [
            27.421874999999993,
            14.435167731362688
          ]
        ]
      }
    },
    {
      "type": "Feature",
      "properties": {
        "discharge_m3_s": 341.49,
        "drainage_km2": 690038.06,
        "role": "mouth"
      },
      "geometry": {
        "type": "LineString",
        "coordinates": [
          [
            18.984375000000004,
            26.13323390638923
          ],
          [
            17.578125000000004,
            26.31740257928538
          ],
          [
            16.171874999999993,
            26.487314347192548
          ],
          [
            14.765624999999998,
            26.642987474389983
          ],
          [
            13.359375000000005,
            25.401313750436355
          ],
          [
            11.953124999999996,
            24.137261430242724
          ]
        ]
      }
    },
    {
      "type": "Feature",
      "properties": {
        "discharge_m3_s": 341.49,
        "drainage_km2": 690038.06,
        "role": "mouth"
      },
      "geometry": {
        "type": "LineString",
        "coordinates": [
          [
            18.984375000000004,
            30.227907043320805
          ],
          [
            18.984375,
            28.85987868464739
          ],
          [
            17.578125000000007,
            27.685725826433032
          ],
          [
            16.171874999999993,
            26.487314347192548
          ],
          [
            14.765624999999998,
            26.642987474389983
          ],
          [
            13.359375000000005,
            25.401313750436355
          ],
          [
            11.953124999999996,
            24.137261430242724
          ]
        ]
      }
    },
    {
      "type": "Feature",
      "properties": {
        "discharge_m3_s": 3887.38,
        "drainage_km2": 260304.38,
        "role": "mouth"
      },
      "geometry": {
        "type": "LineString",
        "coordinates": [
          [
            13.359375000000007,
            32.332455191604
          ],
          [
            11.953124999999998,
            31.082475496034466
          ],
          [
            10.546875,
            29.811455763996797
          ],
          [
            9.140625000000002,
            28.519870636529262
          ],
          [
            7.734374999999999,
            27.208384856847584
          ]
        ]
      }
    },
    {
      "type": "Feature",
      "properties": {
        "discharge_m3_s": 6093.17,
        "drainage_km2": 134001.03,
        "role": "mouth"
      },
      "geometry": {
        "type": "LineString",
        "coordinates": [
          [
            6.3281249999999964,
            34.28995105610318
          ],
          [
            4.921875000000003,
            32.95019572595717
          ]
        ]
      }
    },
    {
      "type": "Feature",
      "properties": {
        "discharge_m3_s": 6470.06,
        "drainage_km2": 154593.4,
        "role": "mouth"
      },
      "geometry": {
        "type": "LineString",
        "coordinates": [
          [
            7.734374999999997,
            34.20925956074186
          ],
          [
            6.328124999999997,
            32.88700819066286
          ],
          [
            4.921875000000003,
            31.546172705367667
          ]
        ]
      }
    },
    {
      "type": "Feature",
      "properties": {
        "discharge_m3_s": 6852.07,
        "drainage_km2": 157277.73,
        "role": "mouth"
      },
      "geometry": {
        "type": "LineString",
        "coordinates": [
          [
            9.140625,
            34.112332764858614
          ],
          [
            7.734374999999999,
            32.80796843222523
          ],
          [
            6.328124999999997,
            31.484449023714966
          ],
          [
            4.921875000000003,
            30.142376661313506
          ]
        ]
      }
    },
    {
      "type": "Feature",
      "properties": {
        "discharge_m3_s": 450.15,
        "drainage_km2": 419210.05,
        "role": "mouth"
      },
      "geometry": {
        "type": "LineString",
        "coordinates": [
          [
            23.203124999999996,
            32.23483136612071
          ],
          [
            21.796875000000004,
            31.134472518108364
          ],
          [
            20.390624999999993,
            31.375085921498552
          ],
          [
            20.390624999999993,
            32.74453594956566
          ],
          [
            21.796875000000007,
            32.49822582116459
          ],
          [
            21.796875000000004,
            33.86649024641027
          ],
          [
            21.796875000000004,
            35.23937648436514
          ],
          [
            21.796875000000007,
            36.6169859200643
          ],
          [
            21.796875000000004,
            37.99941021362175
          ],
          [
            21.796875000000007,
            39.38673088590684
          ],
          [
            23.203124999999993,
            39.101330380302514
          ],
          [
            24.609375000000007,
            40.18356162215384
          ],
          [
            26.015624999999996,
            39.85600247140551
          ]
        ]
      }
    },
    {
      "type": "Feature",
      "properties": {
        "discharge_m3_s": 2500.45,
        "drainage_km2": 207159.74,
        "role": "mouth"
      },
      "geometry": {
        "type": "LineString",
        "coordinates": [
          [
            44.296875,
            26.15318524490161
          ],
          [
            44.296875,
            24.968286811047427
          ]
        ]
      }
    },
    {
      "type": "Feature",
      "properties": {
        "discharge_m3_s": 33370.35,
        "drainage_km2": 1505522.01,
        "role": "mouth"
      },
      "geometry": {
        "type": "LineString",
        "coordinates": [
          [
            38.671875,
            29.436744909958616
          ],
          [
            37.265625,
            28.634780805671458
          ],
          [
            35.85937500000001,
            29.075639213746186
          ]
        ]
      }
    },
    {
      "type": "Feature",
      "properties": {
        "discharge_m3_s": 33370.35,
        "drainage_km2": 1505522.01,
        "role": "mouth"
      },
      "geometry": {
        "type": "LineString",
        "coordinates": [
          [
            38.67187499999999,
            30.711263902249794
          ],
          [
            37.265625,
            29.908818274974706
          ],
          [
            35.85937500000001,
            29.075639213746186
          ]
        ]
      }
    },
    {
      "type": "Feature",
      "properties": {
        "discharge_m3_s": 4060.59,
        "drainage_km2": 376794.09,
        "role": "mouth"
      },
      "geometry": {
        "type": "LineString",
        "coordinates": [
          [
            42.89062499999999,
            29.13698507235394
          ],
          [
            42.89062499999999,
            27.9039922618177
          ],
          [
            42.89062499999999,
            26.68672306237826
          ],
          [
            44.296875,
            24.968286811047427
          ]
        ]
      }
    },
    {
      "type": "Feature",
      "properties": {
        "discharge_m3_s": 33370.35,
        "drainage_km2": 1505522.01,
        "role": "mouth"
      },
      "geometry": {
        "type": "LineString",
        "coordinates": [
          [
            35.85937500000001,
            32.969286225725156
          ],
          [
            35.85937500000001,
            31.659430974722163
          ],
          [
            35.85937500000001,
            30.361680548362177
          ],
          [
            35.85937500000001,
            29.075639213746186
          ]
        ]
      }
    },
    {
      "type": "Feature",
      "properties": {
        "discharge_m3_s": 33370.35,
        "drainage_km2": 1505522.01,
        "role": "mouth"
      },
      "geometry": {
        "type": "LineString",
        "coordinates": [
          [
            38.67187499999999,
            31.99959354887792
          ],
          [
            37.265625,
            31.19536817944966
          ],
          [
            35.85937500000001,
            30.361680548362177
          ],
          [
            35.85937500000001,
            29.075639213746186
          ]
        ]
      }
    },
    {
      "type": "Feature",
      "properties": {
        "discharge_m3_s": 17950.48,
        "drainage_km2": 226245.54,
        "role": "mouth"
      },
      "geometry": {
        "type": "LineString",
        "coordinates": [
          [
            34.453125,
            36.09706939050032
          ],
          [
            33.046875,
            35.195468593902035
          ],
          [
            31.640624999999993,
            35.61600542599245
          ],
          [
            30.234375,
            37.3783326303021
          ],
          [
            28.828125000000004,
            37.76335173478378
          ]
        ]
      }
    },
    {
      "type": "Feature",
      "properties": {
        "discharge_m3_s": 17001.57,
        "drainage_km2": 1155574.52,
        "role": "mouth"
      },
      "geometry": {
        "type": "LineString",
        "coordinates": [
          [
            144.140625,
            -38.33715037582972
          ],
          [
            142.734375,
            -37.83076774688346
          ],
          [
            141.328125,
            -37.30038303559717
          ],
          [
            139.921875,
            -36.745532992607785
          ],
          [
            138.515625,
            -34.83452413891565
          ],
          [
            139.921875,
            -35.40536795763055
          ],
          [
            139.921875,
            -34.0819243238018
          ],
          [
            139.921875,
            -32.77471232351241
          ],
          [
            139.921875,
            -31.483225147040407
          ]
        ]
      }
    },
    {
      "type": "Feature",
      "properties": {
        "discharge_m3_s": 2522.23,
        "drainage_km2": 821440.22,
        "role": "mouth"
      },
      "geometry": {
        "type": "LineString",
        "coordinates": [
          [
            152.57812500000003,
            -40.896383978927034
          ],
          [
            153.984375,
            -41.24700496534096
          ],
          [
            155.390625,
            -41.576971842112926
          ],
          [
            156.796875,
            -41.886636814970366
          ],
          [
            158.203125,
            -42.1763343223235
          ]
        ]
      }
    },
    {
      "type": "Feature",
      "properties": {
        "discharge_m3_s": 98.58,
        "drainage_km2": 1594319.39,
        "role": "mouth"
      },
      "geometry": {
        "type": "LineString",
        "coordinates": [
          [
            -159.60937500000003,
            -42.446380511014446
          ],
          [
            -161.015625,
            -42.697072810679586
          ],
          [
            -162.421875,
            -42.92868959261079
          ],
          [
            -163.828125,
            -43.14148990041424
          ],
          [
            -165.234375,
            -43.335713241093245
          ],
          [
            -166.640625,
            -43.51157942641988
          ],
          [
            -168.04687500000003,
            -43.669288455611515
          ],
          [
            -169.453125,
            -43.809020431394856
          ],
          [
            -170.859375,
            -43.930935502526424
          ],
          [
            -172.265625,
            -44.03517382675018
          ],
          [
            -173.67187500000003,
            -44.12185554901666
          ],
          [
            -175.07812500000003,
            -42.78509521287979
          ]
        ]
      }
    },
    {
      "type": "Feature",
      "properties": {
        "discharge_m3_s": 17001.57,
        "drainage_km2": 1155574.52,
        "role": "mouth"
      },
      "geometry": {
        "type": "LineString",
        "coordinates": [
          [
            141.328125,
            -35.95216721581878
          ],
          [
            139.921875,
            -35.40536795763055
          ],
          [
            139.921875,
            -34.0819243238018
          ],
          [
            139.921875,
            -32.77471232351241
          ],
          [
            139.921875,
            -31.483225147040407
          ]
        ]
      }
    },
    {
      "type": "Feature",
      "properties": {
        "discharge_m3_s": 17001.57,
        "drainage_km2": 1155574.52,
        "role": "mouth"
      },
      "geometry": {
        "type": "LineString",
        "coordinates": [
          [
            142.734375,
            -33.80775871447244
          ],
          [
            141.328125,
            -34.619587632358694
          ],
          [
            139.921875,
            -34.0819243238018
          ],
          [
            139.921875,
            -32.77471232351241
          ],
          [
            139.921875,
            -31.483225147040407
          ]
        ]
      }
    },
    {
      "type": "Feature",
      "properties": {
        "discharge_m3_s": 4345.44,
        "drainage_km2": 2465767.27,
        "role": "mouth"
      },
      "geometry": {
        "type": "LineString",
        "coordinates": [
          [
            -141.328125,
            -33.30221295793514
          ],
          [
            -139.921875,
            -34.0819243238018
          ],
          [
            -138.515625,
            -34.83452413891565
          ],
          [
            -137.10937500000003,
            -35.56057253711163
          ],
          [
            -135.703125,
            -34.929533592634456
          ],
          [
            -134.296875,
            -34.929533592634456
          ],
          [
            -132.890625,
            -35.56057253711163
          ]
        ]
      }
    },
    {
      "type": "Feature",
      "properties": {
        "discharge_m3_s": 4345.44,
        "drainage_km2": 2465767.27,
        "role": "mouth"
      },
      "geometry": {
        "type": "LineString",
        "coordinates": [
          [
            -135.703125,
            -31.05779912256959
          ],
          [
            -135.703125,
            -32.32878953457269
          ],
          [
            -135.703125,
            -33.619135439151755
          ],
          [
            -135.703125,
            -34.929533592634456
          ],
          [
            -134.296875,
            -34.929533592634456
          ],
          [
            -132.890625,
            -35.56057253711163
          ]
        ]
      }
    },
    {
      "type": "Feature",
      "properties": {
        "discharge_m3_s": 1488.99,
        "drainage_km2": 2814759.26,
        "role": "reach"
      },
      "geometry": {
        "type": "LineString",
        "coordinates": [
          [
            -175.078125,
            -34.35445113168246
          ],
          [
            -176.484375,
            -35.80815088109214
          ],
          [
            -177.890625,
            -37.24691128788241
          ],
          [
            -179.296875,
            -38.66977021845617
          ]
        ]
      }
    },
    {
      "type": "Feature",
      "properties": {
        "discharge_m3_s": 1488.99,
        "drainage_km2": 2814759.26,
        "role": "mouth"
      },
      "geometry": {
        "type": "LineString",
        "coordinates": [
          [
            179.296875,
            -37.263545949051014
          ],
          [
            177.890625,
            -35.84093823358373
          ]
        ]
      }
    },
    {
      "type": "Feature",
      "properties": {
        "discharge_m3_s": 4343.13,
        "drainage_km2": 250533.87,
        "role": "mouth"
      },
      "geometry": {
        "type": "LineString",
        "coordinates": [
          [
            -161.015625,
            -28.85987868464739
          ],
          [
            -159.60937500000003,
            -30.009499672133867
          ],
          [
            -158.203125,
            -31.134472518108364
          ]
        ]
      }
    },
    {
      "type": "Feature",
      "properties": {
        "discharge_m3_s": 14986.52,
        "drainage_km2": 257407.85,
        "role": "mouth"
      },
      "geometry": {
        "type": "LineString",
        "coordinates": [
          [
            -162.421875,
            -26.317402579285385
          ],
          [
            -161.015625,
            -27.495022991713988
          ],
          [
            -159.60937500000003,
            -28.64766751361418
          ],
          [
            -158.203125,
            -29.775110763691217
          ]
        ]
      }
    },
    {
      "type": "Feature",
      "properties": {
        "discharge_m3_s": 3890.86,
        "drainage_km2": 195414.07,
        "role": "mouth"
      },
      "geometry": {
        "type": "LineString",
        "coordinates": [
          [
            -161.015625,
            -26.13323390638924
          ],
          [
            -159.60937500000003,
            -27.28947241447122
          ],
          [
            -158.203125,
            -28.42001252490979
          ]
        ]
      }
    },
    {
      "type": "Feature",
      "properties": {
        "discharge_m3_s": 657.42,
        "drainage_km2": 441193.3,
        "role": "mouth"
      },
      "geometry": {
        "type": "LineString",
        "coordinates": [
          [
            -159.60937500000003,
            -25.934790357620418
          ],
          [
            -158.203125,
            -27.069041732316585
          ]
        ]
      }
    },
    {
      "type": "Feature",
      "properties": {
        "discharge_m3_s": 6482.77,
        "drainage_km2": 1296094.22,
        "role": "mouth"
      },
      "geometry": {
        "type": "LineString",
        "coordinates": [
          [
            -135.703125,
            -19.255681800474523
          ],
          [
            -135.703125,
            -20.372296337851004
          ],
          [
            -134.296875,
            -21.50116637485338
          ],
          [
            -134.296875,
            -22.64298650250046
          ],
          [
            -132.890625,
            -24.29671633494534
          ]
        ]
      }
    },
    {
      "type": "Feature",
      "properties": {
        "discharge_m3_s": 6482.77,
        "drainage_km2": 1296094.22,
        "role": "mouth"
      },
      "geometry": {
        "type": "LineString",
        "coordinates": [
          [
            -137.10937500000003,
            -18.550739935280347
          ],
          [
            -137.10937500000003,
            -19.676375845412274
          ],
          [
            -135.703125,
            -20.372296337851004
          ],
          [
            -134.296875,
            -21.50116637485338
          ],
          [
            -134.296875,
            -22.64298650250046
          ],
          [
            -132.890625,
            -24.29671633494534
          ]
        ]
      }
    },
    {
      "type": "Feature",
      "properties": {
        "discharge_m3_s": 86.18,
        "drainage_km2": 179305.8,
        "role": "mouth"
      },
      "geometry": {
        "type": "LineString",
        "coordinates": [
          [
            -146.953125,
            -18.53181786915619
          ],
          [
            -148.35937500000003,
            -20.049365374651696
          ],
          [
            -149.765625,
            -21.590125797339276
          ],
          [
            -151.171875,
            -23.15076324149069
          ],
          [
            -152.57812500000003,
            -24.72790030913971
          ]
        ]
      }
    },
    {
      "type": "Feature",
      "properties": {
        "discharge_m3_s": 58.16,
        "drainage_km2": 139918.2,
        "role": "mouth"
      },
      "geometry": {
        "type": "LineString",
        "coordinates": [
          [
            173.671875,
            -18.87691565303735
          ],
          [
            172.265625,
            -20.220207195466546
          ]
        ]
      }
    },
    {
      "type": "Feature",
      "properties": {
        "discharge_m3_s": 171.9,
        "drainage_km2": 237574.78,
        "role": "mouth"
      },
      "geometry": {
        "type": "LineString",
        "coordinates": [
          [
            -145.546875,
            -15.837438640087873
          ],
          [
            -146.953125,
            -17.30582562683615
          ],
          [
            -148.359375,
            -18.80185626727112
          ],
          [
            -149.765625,
            -20.32236336442542
          ],
          [
            -151.171875,
            -21.864091861371964
          ],
          [
            -152.57812500000003,
            -23.423730203151514
          ],
          [
            -153.984375,
            -24.997944249547984
          ]
        ]
      }
    },
    {
      "type": "Feature",
      "properties": {
        "discharge_m3_s": 146.47,
        "drainage_km2": 913513.14,
        "role": "mouth"
      },
      "geometry": {
        "type": "LineString",
        "coordinates": [
          [
            135.70312500000003,
            -12.775373530717703
          ],
          [
            134.296875,
            -13.832634218207206
          ],
          [
            132.890625,
            -15.234209262365363
          ],
          [
            131.484375,
            -16.67746861912864
          ],
          [
            130.07812500000003,
            -17.013935869191677
          ],
          [
            128.671875,
            -18.50409580400693
          ],
          [
            127.265625,
            -20.027815128968893
          ]
        ]
      }
    },
    {
      "type": "Feature",
      "properties": {
        "discharge_m3_s": 53.48,
        "drainage_km2": 140672.15,
        "role": "mouth"
      },
      "geometry": {
        "type": "LineString",
        "coordinates": [
          [
            172.265625,
            -17.427933420394403
          ],
          [
            170.859375,
            -18.76026135933841
          ]
        ]
      }
    },
    {
      "type": "Feature",
      "properties": {
        "discharge_m3_s": 272.97,
        "drainage_km2": 163626.69,
        "role": "mouth"
      },
      "geometry": {
        "type": "LineString",
        "coordinates": [
          [
            173.67187500000003,
            -17.477560484937168
          ],
          [
            172.265625,
            -18.823879062672834
          ],
          [
            170.859375,
            -20.152643342361667
          ]
        ]
      }
    },
    {
      "type": "Feature",
      "properties": {
        "discharge_m3_s": 3014.34,
        "drainage_km2": 855544.08,
        "role": "mouth"
      },
      "geometry": {
        "type": "LineString",
        "coordinates": [
          [
            -145.546875,
            -14.64013684802463
          ],
          [
            -146.953125,
            -16.08588146480088
          ],
          [
            -148.359375,
            -17.56037113025494
          ],
          [
            -149.765625,
            -19.060534241891578
          ],
          [
            -151.17187500000003,
            -20.583199935396905
          ],
          [
            -152.57812500000003,
            -22.125127159020852
          ],
          [
            -153.984375,
            -23.683036618158653
          ],
          [
            -155.390625,
            -25.253644764867914
          ]
        ]
      }
    },
    {
      "type": "Feature",
      "properties": {
        "discharge_m3_s": 146.47,
        "drainage_km2": 913513.14,
        "role": "mouth"
      },
      "geometry": {
        "type": "LineString",
        "coordinates": [
          [
            135.70312500000003,
            -11.725712024825047
          ],
          [
            134.296875,
            -12.775373530717703
          ],
          [
            132.890625,
            -14.14671717690676
          ],
          [
            131.484375,
            -15.560489049749366
          ],
          [
            130.07812500000003,
            -17.013935869191677
          ],
          [
            128.671875,
            -18.50409580400693
          ],
          [
            127.265625,
            -20.027815128968893
          ]
        ]
      }
    },
    {
      "type": "Feature",
      "properties": {
        "discharge_m3_s": 292.57,
        "drainage_km2": 416070.21,
        "role": "mouth"
      },
      "geometry": {
        "type": "LineString",
        "coordinates": [
          [
            170.859375,
            -15.977058356513114
          ],
          [
            169.453125,
            -17.299010479688707
          ],
          [
            168.04687500000003,
            -18.601343565283173
          ],
          [
            168.04687500000003,
            -19.983835204442656
          ]
        ]
      }
    },
    {
      "type": "Feature",
      "properties": {
        "discharge_m3_s": 292.57,
        "drainage_km2": 416070.21,
        "role": "mouth"
      },
      "geometry": {
        "type": "LineString",
        "coordinates": [
          [
            172.265625,
            -16.032345569286914
          ],
          [
            170.859375,
            -17.368411179116904
          ],
          [
            169.453125,
            -18.68607711581623
          ],
          [
            168.04687500000003,
            -19.983835204442656
          ]
        ]
      }
    },
    {
      "type": "Feature",
      "properties": {
        "discharge_m3_s": 91.02,
        "drainage_km2": 1769173.07,
        "role": "mouth"
      },
      "geometry": {
        "type": "LineString",
        "coordinates": [
          [
            -170.859375,
            -15.977058356513114
          ],
          [
            -169.453125,
            -15.912602335088899
          ],
          [
            -168.04687500000003,
            -15.838998881007809
          ],
          [
            -166.640625,
            -15.756272616122034
          ],
          [
            -165.234375,
            -15.664451483452721
          ],
          [
            -163.828125,
            -15.563566830936585
          ],
          [
            -162.421875,
            -16.804628529072122
          ],
          [
            -161.015625,
            -15.334749941355083
          ]
        ]
      }
    },
    {
      "type": "Feature",
      "properties": {
        "discharge_m3_s": 3014.34,
        "drainage_km2": 855544.08,
        "role": "mouth"
      },
      "geometry": {
        "type": "LineString",
        "coordinates": [
          [
            -145.54687500000003,
            -13.448399987056378
          ],
          [
            -146.953125,
            -14.871579750824921
          ],
          [
            -146.953125,
            -16.08588146480088
          ],
          [
            -148.359375,
            -17.56037113025494
          ],
          [
            -149.765625,
            -19.060534241891578
          ],
          [
            -151.17187500000003,
            -20.583199935396905
          ],
          [
            -152.57812500000003,
            -22.125127159020852
          ],
          [
            -153.984375,
            -23.683036618158653
          ],
          [
            -155.390625,
            -25.253644764867914
          ]
        ]
      }
    },
    {
      "type": "Feature",
      "properties": {
        "discharge_m3_s": 91.02,
        "drainage_km2": 1769173.07,
        "role": "mouth"
      },
      "geometry": {
        "type": "LineString",
        "coordinates": [
          [
            -172.265625,
            -14.637089986498664
          ],
          [
            -170.859375,
            -14.586167322779517
          ],
          [
            -169.453125,
            -14.526805451274626
          ],
          [
            -168.04687500000003,
            -14.459026684239515
          ],
          [
            -166.640625,
            -14.382856665094527
          ],
          [
            -165.234375,
            -14.298324424517336
          ],
          [
            -163.828125,
            -15.563566830936585
          ],
          [
            -162.421875,
            -16.804628529072122
          ],
          [
            -161.015625,
            -15.334749941355083
          ]
        ]
      }
    },
    {
      "type": "Feature",
      "properties": {
        "discharge_m3_s": 91.02,
        "drainage_km2": 1769173.07,
        "role": "mouth"
      },
      "geometry": {
        "type": "LineString",
        "coordinates": [
          [
            -173.67187500000003,
            -13.280868751637215
          ],
          [
            -172.265625,
            -13.242140385574515
          ],
          [
            -170.859375,
            -13.195701468183225
          ],
          [
            -169.453125,
            -14.526805451274626
          ],
          [
            -168.04687500000003,
            -14.459026684239515
          ],
          [
            -166.640625,
            -14.382856665094527
          ],
          [
            -165.234375,
            -14.298324424517336
          ],
          [
            -163.828125,
            -15.563566830936585
          ],
          [
            -162.421875,
            -16.804628529072122
          ],
          [
            -161.015625,
            -15.334749941355083
          ]
        ]
      }
    },
    {
      "type": "Feature",
      "properties": {
        "discharge_m3_s": 64.6,
        "drainage_km2": 230376.78,
        "role": "mouth"
      },
      "geometry": {
        "type": "LineString",
        "coordinates": [
          [
            145.54687500000003,
            -9.90216600359321
          ],
          [
            145.54687500000003,
            -11.079857261506863
          ],
          [
            146.953125,
            -11.25843042188877
          ],
          [
            148.359375,
            -11.43018193627162
          ],
          [
            149.765625,
            -12.82847018407193
          ]
        ]
      }
    },
    {
      "type": "Feature",
      "properties": {
        "discharge_m3_s": 21410.61,
        "drainage_km2": 1020347.98,
        "role": "mouth"
      },
      "geometry": {
        "type": "LineString",
        "coordinates": [
          [
            -173.67187500000003,
            -11.882370678645847
          ],
          [
            -175.07812500000003,
            -10.508852479473568
          ],
          [
            -175.07812500000003,
            -9.107485873361535
          ],
          [
            -176.484375,
            -7.719995466882609
          ],
          [
            -177.890625,
            -6.3238717165914275
          ],
          [
            -176.484375,
            -4.9126579589502315
          ],
          [
            -175.07812500000003,
            -3.502693861567104
          ]
        ]
      }
    },
    {
      "type": "Feature",
      "properties": {
        "discharge_m3_s": 4520.05,
        "drainage_km2": 2294663.65,
        "role": "mouth"
      },
      "geometry": {
        "type": "LineString",
        "coordinates": [
          [
            166.64062500000003,
            -10.2676286350795
          ],
          [
            165.234375,
            -11.569206563734552
          ],
          [
            163.828125,
            -11.492979547198743
          ],
          [
            162.421875,
            -11.409968745607229
          ],
          [
            161.015625,
            -9.985067996910987
          ],
          [
            159.609375,
            -8.57665969768036
          ],
          [
            158.203125,
            -7.187415624599964
          ]
        ]
      }
    },
    {
      "type": "Feature",
      "properties": {
        "discharge_m3_s": 292.57,
        "drainage_km2": 416070.21,
        "role": "mouth"
      },
      "geometry": {
        "type": "LineString",
        "coordinates": [
          [
            169.453125,
            -10.372590520924659
          ],
          [
            169.453125,
            -11.756849920025385
          ],
          [
            169.453125,
            -13.141571250839318
          ],
          [
            169.453125,
            -14.526805451274626
          ],
          [
            169.453125,
            -15.912602335088899
          ],
          [
            169.453125,
            -17.299010479688707
          ],
          [
            168.04687500000003,
            -18.601343565283173
          ],
          [
            168.04687500000003,
            -19.983835204442656
          ]
        ]
      }
    },
    {
      "type": "Feature",
      "properties": {
        "discharge_m3_s": 292.57,
        "drainage_km2": 416070.21,
        "role": "mouth"
      },
      "geometry": {
        "type": "LineString",
        "coordinates": [
          [
            170.859375,
            -10.415894160748397
          ],
          [
            170.859375,
            -11.805623226427311
          ],
          [
            170.859375,
            -13.195701468183225
          ],
          [
            170.859375,
            -14.586167322779517
          ],
          [
            169.453125,
            -15.912602335088899
          ],
          [
            169.453125,
            -17.299010479688707
          ],
          [
            168.04687500000003,
            -18.601343565283173
          ],
          [
            168.04687500000003,
            -19.983835204442656
          ]
        ]
      }
    },
    {
      "type": "Feature",
      "properties": {
        "discharge_m3_s": 3232.81,
        "drainage_km2": 420994.42,
        "role": "mouth"
      },
      "geometry": {
        "type": "LineString",
        "coordinates": [
          [
            139.921875,
            -7.018732978777161
          ],
          [
            138.515625,
            -5.809562475109632
          ],
          [
            137.10937500000003,
            -4.645068672663115
          ],
          [
            135.703125,
            -3.5269667776797418
          ],
          [
            134.296875,
            -2.517781893306122
          ]
        ]
      }
    },
    {
      "type": "Feature",
      "properties": {
        "discharge_m3_s": 4520.05,
        "drainage_km2": 2294663.65,
        "role": "mouth"
      },
      "geometry": {
        "type": "LineString",
        "coordinates": [
          [
            153.984375,
            -8.227824299110932
          ],
          [
            155.390625,
            -8.322559711848127
          ],
          [
            156.796875,
            -8.412308679457253
          ],
          [
            158.203125,
            -7.187415624599964
          ]
        ]
      }
    },
    {
      "type": "Feature",
      "properties": {
        "discharge_m3_s": 4520.05,
        "drainage_km2": 2294663.65,
        "role": "mouth"
      },
      "geometry": {
        "type": "LineString",
        "coordinates": [
          [
            165.234375,
            -8.84362014452466
          ],
          [
            163.828125,
            -10.138369771703879
          ],
          [
            162.421875,
            -10.0647064336311
          ],
          [
            161.015625,
            -8.651175071721473
          ],
          [
            159.609375,
            -8.57665969768036
          ],
          [
            158.203125,
            -7.187415624599964
          ]
        ]
      }
    },
    {
      "type": "Feature",
      "properties": {
        "discharge_m3_s": 4520.05,
        "drainage_km2": 2294663.65,
        "role": "mouth"
      },
      "geometry": {
        "type": "LineString",
        "coordinates": [
          [
            166.64062500000003,
            -8.89729004578296
          ],
          [
            165.234375,
            -10.206021605077954
          ],
          [
            163.828125,
            -11.492979547198743
          ],
          [
            162.421875,
            -11.409968745607229
          ],
          [
            161.015625,
            -9.985067996910987
          ],
          [
            159.609375,
            -8.57665969768036
          ],
          [
            158.203125,
            -7.187415624599964
          ]
        ]
      }
    },
    {
      "type": "Feature",
      "properties": {
        "discharge_m3_s": 21410.61,
        "drainage_km2": 1020347.98,
        "role": "mouth"
      },
      "geometry": {
        "type": "LineString",
        "coordinates": [
          [
            -176.484375,
            -9.123712957791051
          ],
          [
            -175.07812500000003,
            -9.107485873361535
          ],
          [
            -176.484375,
            -7.719995466882609
          ],
          [
            -177.890625,
            -6.3238717165914275
          ],
          [
            -176.484375,
            -4.9126579589502315
          ],
          [
            -175.07812500000003,
            -3.502693861567104
          ]
        ]
      }
    },
    {
      "type": "Feature",
      "properties": {
        "discharge_m3_s": 91.02,
        "drainage_km2": 1769173.07,
        "role": "mouth"
      },
      "geometry": {
        "type": "LineString",
        "coordinates": [
          [
            -165.234375,
            -8.84362014452466
          ],
          [
            -165.234375,
            -10.206021605077954
          ],
          [
            -166.640625,
            -11.638614646709332
          ],
          [
            -166.640625,
            -13.010330387473235
          ],
          [
            -165.234375,
            -14.298324424517336
          ],
          [
            -163.828125,
            -15.563566830936585
          ],
          [
            -162.421875,
            -16.804628529072122
          ],
          [
            -161.015625,
            -15.334749941355083
          ]
        ]
      }
    },
    {
      "type": "Feature",
      "properties": {
        "discharge_m3_s": 49.82,
        "drainage_km2": 871721.14,
        "role": "mouth"
      },
      "geometry": {
        "type": "LineString",
        "coordinates": [
          [
            -153.984375,
            -8.227824299110932
          ],
          [
            -152.57812500000003,
            -6.874170498201403
          ]
        ]
      }
    },
    {
      "type": "Feature",
      "properties": {
        "discharge_m3_s": 4520.05,
        "drainage_km2": 2294663.65,
        "role": "mouth"
      },
      "geometry": {
        "type": "LineString",
        "coordinates": [
          [
            162.421875,
            -7.377300403645419
          ],
          [
            161.015625,
            -8.651175071721473
          ],
          [
            159.609375,
            -8.57665969768036
          ],
          [
            158.203125,
            -7.187415624599964
          ]
        ]
      }
    },
    {
      "type": "Feature",
      "properties": {
        "discharge_m3_s": 4520.05,
        "drainage_km2": 2294663.65,
        "role": "mouth"
      },
      "geometry": {
        "type": "LineString",
        "coordinates": [
          [
            163.828125,
            -7.431820162485775
          ],
          [
            162.421875,
            -8.720530635291784
          ],
          [
            161.015625,
            -8.651175071721473
          ],
          [
            159.609375,
            -8.57665969768036
          ],
          [
            158.203125,
            -7.187415624599964
          ]
        ]
      }
    },
    {
      "type": "Feature",
      "properties": {
        "discharge_m3_s": 4520.05,
        "drainage_km2": 2294663.65,
        "role": "mouth"
      },
      "geometry": {
        "type": "LineString",
        "coordinates": [
          [
            165.234375,
            -7.481900840795187
          ],
          [
            163.828125,
            -8.784690136192753
          ],
          [
            162.421875,
            -8.720530635291784
          ],
          [
            161.015625,
            -8.651175071721473
          ],
          [
            159.609375,
            -8.57665969768036
          ],
          [
            158.203125,
            -7.187415624599964
          ]
        ]
      }
    },
    {
      "type": "Feature",
      "properties": {
        "discharge_m3_s": 3232.81,
        "drainage_km2": 420994.42,
        "role": "mouth"
      },
      "geometry": {
        "type": "LineString",
        "coordinates": [
          [
            135.703125,
            -4.538226548524
          ],
          [
            135.703125,
            -3.5269667776797418
          ],
          [
            134.296875,
            -2.517781893306122
          ]
        ]
      }
    },
    {
      "type": "Feature",
      "properties": {
        "discharge_m3_s": 4520.05,
        "drainage_km2": 2294663.65,
        "role": "mouth"
      },
      "geometry": {
        "type": "LineString",
        "coordinates": [
          [
            159.609375,
            -5.934521802074771
          ],
          [
            158.203125,
            -7.187415624599964
          ]
        ]
      }
    },
    {
      "type": "Feature",
      "properties": {
        "discharge_m3_s": 543.58,
        "drainage_km2": 288367.9,
        "role": "mouth"
      },
      "geometry": {
        "type": "LineString",
        "coordinates": [
          [
            -142.734375,
            -5.04366525545523
          ],
          [
            -144.140625,
            -5.135831171569976
          ],
          [
            -145.54687500000003,
            -5.22489423935452
          ],
          [
            -146.953125,
            -6.494850128539021
          ],
          [
            -148.359375,
            -7.800070292901445
          ]
        ]
      }
    },
    {
      "type": "Feature",
      "properties": {
        "discharge_m3_s": 4520.05,
        "drainage_km2": 2294663.65,
        "role": "mouth"
      },
      "geometry": {
        "type": "LineString",
        "coordinates": [
          [
            153.984375,
            -4.425255211312163
          ],
          [
            155.390625,
            -5.757380705166674
          ],
          [
            156.796875,
            -7.115460866528651
          ],
          [
            158.203125,
            -7.187415624599964
          ]
        ]
      }
    },
    {
      "type": "Feature",
      "properties": {
        "discharge_m3_s": 4520.05,
        "drainage_km2": 2294663.65,
        "role": "mouth"
      },
      "geometry": {
        "type": "LineString",
        "coordinates": [
          [
            159.609375,
            -4.614841761058048
          ],
          [
            158.203125,
            -5.878991897276994
          ],
          [
            158.203125,
            -7.187415624599964
          ]
        ]
      }
    },
    {
      "type": "Feature",
      "properties": {
        "discharge_m3_s": 4520.05,
        "drainage_km2": 2294663.65,
        "role": "mouth"
      },
      "geometry": {
        "type": "LineString",
        "coordinates": [
          [
            162.421875,
            -4.693104699753207
          ],
          [
            161.015625,
            -5.986491993724121
          ],
          [
            159.609375,
            -7.255064767408375
          ],
          [
            158.203125,
            -7.187415624599964
          ]
        ]
      }
    },
    {
      "type": "Feature",
      "properties": {
        "discharge_m3_s": 4520.05,
        "drainage_km2": 2294663.65,
        "role": "mouth"
      },
      "geometry": {
        "type": "LineString",
        "coordinates": [
          [
            163.828125,
            -4.728019933909834
          ],
          [
            162.421875,
            -6.034873109093681
          ],
          [
            161.015625,
            -7.318371227559285
          ],
          [
            159.609375,
            -8.57665969768036
          ],
          [
            158.203125,
            -7.187415624599964
          ]
        ]
      }
    },
    {
      "type": "Feature",
      "properties": {
        "discharge_m3_s": 49.82,
        "drainage_km2": 871721.14,
        "role": "mouth"
      },
      "geometry": {
        "type": "LineString",
        "coordinates": [
          [
            -155.390625,
            -4.476718578385982
          ],
          [
            -153.984375,
            -5.691368423206242
          ],
          [
            -152.57812500000003,
            -6.874170498201403
          ]
        ]
      }
    },
    {
      "type": "Feature",
      "properties": {
        "discharge_m3_s": 3014.34,
        "drainage_km2": 855544.08,
        "role": "mouth"
      },
      "geometry": {
        "type": "LineString",
        "coordinates": [
          [
            -137.10937500000003,
            -3.6101438490860374
          ],
          [
            -138.515625,
            -4.749093501950499
          ],
          [
            -139.921875,
            -5.933004484077408
          ],
          [
            -141.328125,
            -7.1600855210653505
          ],
          [
            -142.734375,
            -8.42837423033219
          ],
          [
            -144.140625,
            -9.735734423035964
          ],
          [
            -145.54687500000003,
            -11.079857261506863
          ],
          [
            -146.953125,
            -12.458266543845186
          ],
          [
            -146.953125,
            -13.66251184865717
          ],
          [
            -146.953125,
            -14.871579750824921
          ],
          [
            -146.953125,
            -16.08588146480088
          ],
          [
            -148.359375,
            -17.56037113025494
          ],
          [
            -149.765625,
            -19.060534241891578
          ],
          [
            -151.17187500000003,
            -20.583199935396905
          ],
          [
            -152.57812500000003,
            -22.125127159020852
          ],
          [
            -153.984375,
            -23.683036618158653
          ],
          [
            -155.390625,
            -25.253644764867914
          ]
        ]
      }
    },
    {
      "type": "Feature",
      "properties": {
        "discharge_m3_s": 2001.49,
        "drainage_km2": 189058.11,
        "role": "mouth"
      },
      "geometry": {
        "type": "LineString",
        "coordinates": [
          [
            137.109375,
            -2.5772354697430973
          ],
          [
            135.703125,
            -1.510077428903488
          ]
        ]
      }
    },
    {
      "type": "Feature",
      "properties": {
        "discharge_m3_s": 5424.2,
        "drainage_km2": 291682.89,
        "role": "mouth"
      },
      "geometry": {
        "type": "LineString",
        "coordinates": [
          [
            139.921875,
            -2.691440824742567
          ],
          [
            138.515625,
            -1.5805228778176443
          ],
          [
            137.10937500000003,
            -0.5151595137663713
          ]
        ]
      }
    },
    {
      "type": "Feature",
      "properties": {
        "discharge_m3_s": 17967.58,
        "drainage_km2": 1084745.15,
        "role": "mouth"
      },
      "geometry": {
        "type": "LineString",
        "coordinates": [
          [
            141.328125,
            -2.746124456457268
          ],
          [
            142.734375,
            -2.7991516017223677
          ]
        ]
      }
    },
    {
      "type": "Feature",
      "properties": {
        "discharge_m3_s": 17967.58,
        "drainage_km2": 1084745.15,
        "role": "mouth"
      },
      "geometry": {
        "type": "LineString",
        "coordinates": [
          [
            149.765625,
            -3.038370907807581
          ],
          [
            148.359375,
            -2.9940791571677483
          ],
          [
            146.953125,
            -2.9479834372913665
          ],
          [
            145.54687500000003,
            -2.9001111263329
          ],
          [
            144.140625,
            -2.85049067704607
          ],
          [
            142.734375,
            -2.7991516017223677
          ]
        ]
      }
    },
    {
      "type": "Feature",
      "properties": {
        "discharge_m3_s": 4520.05,
        "drainage_km2": 2294663.65,
        "role": "mouth"
      },
      "geometry": {
        "type": "LineString",
        "coordinates": [
          [
            151.171875,
            -3.0808324000470084
          ],
          [
            152.57812500000003,
            -4.371129292061819
          ],
          [
            153.984375,
            -5.691368423206242
          ],
          [
            155.390625,
            -7.0392400236765535
          ],
          [
            156.796875,
            -8.412308679457253
          ],
          [
            158.203125,
            -7.187415624599964
          ]
        ]
      }
    },
    {
      "type": "Feature",
      "properties": {
        "discharge_m3_s": 4882.03,
        "drainage_km2": 361915.62,
        "role": "mouth"
      },
      "geometry": {
        "type": "LineString",
        "coordinates": [
          [
            155.390625,
            -3.1969890531374054
          ],
          [
            155.390625,
            -4.476718578385983
          ]
        ]
      }
    },
    {
      "type": "Feature",
      "properties": {
        "discharge_m3_s": 21410.61,
        "drainage_km2": 1020347.98,
        "role": "mouth"
      },
      "geometry": {
        "type": "LineString",
        "coordinates": [
          [
            -179.296875,
            -4.921506212193332
          ],
          [
            -177.890625,
            -6.3238717165914275
          ],
          [
            -176.484375,
            -4.9126579589502315
          ],
          [
            -175.07812500000003,
            -3.502693861567104
          ]
        ]
      }
    },
    {
      "type": "Feature",
      "properties": {
        "discharge_m3_s": 21410.61,
        "drainage_km2": 1020347.98,
        "role": "mouth"
      },
      "geometry": {
        "type": "LineString",
        "coordinates": [
          [
            -179.296875,
            -3.5153609437678957
          ],
          [
            -177.890625,
            -4.918556228249134
          ],
          [
            -176.484375,
            -4.9126579589502315
          ],
          [
            -175.07812500000003,
            -3.502693861567104
          ]
        ]
      }
    },
    {
      "type": "Feature",
      "properties": {
        "discharge_m3_s": 21410.61,
        "drainage_km2": 1020347.98,
        "role": "mouth"
      },
      "geometry": {
        "type": "LineString",
        "coordinates": [
          [
            -172.265625,
            -3.4837212053575555
          ],
          [
            -173.67187500000003,
            -4.892031847354246
          ],
          [
            -175.07812500000003,
            -3.502693861567104
          ]
        ]
      }
    },
    {
      "type": "Feature",
      "properties": {
        "discharge_m3_s": 276.87,
        "drainage_km2": 140940.21,
        "role": "mouth"
      },
      "geometry": {
        "type": "LineString",
        "coordinates": [
          [
            -148.359375,
            -2.9940791571677483
          ],
          [
            -149.765625,
            -4.255017564228808
          ]
        ]
      }
    },
    {
      "type": "Feature",
      "properties": {
        "discharge_m3_s": 459.38,
        "drainage_km2": 177920.46,
        "role": "mouth"
      },
      "geometry": {
        "type": "LineString",
        "coordinates": [
          [
            -145.54687500000003,
            -2.9001111263329
          ],
          [
            -146.953125,
            -4.128654579471015
          ],
          [
            -148.359375,
            -5.393507986793932
          ],
          [
            -149.765625,
            -6.692572392609717
          ]
        ]
      }
    },
    {
      "type": "Feature",
      "properties": {
        "discharge_m3_s": 543.58,
        "drainage_km2": 288367.9,
        "role": "mouth"
      },
      "geometry": {
        "type": "LineString",
        "coordinates": [
          [
            -141.328125,
            -2.7461244564572684
          ],
          [
            -142.734375,
            -3.9205428720296784
          ],
          [
            -144.140625,
            -3.992336223943465
          ],
          [
            -145.54687500000003,
            -5.22489423935452
          ],
          [
            -146.953125,
            -6.494850128539021
          ],
          [
            -148.359375,
            -7.800070292901445
          ]
        ]
      }
    },
    {
      "type": "Feature",
      "properties": {
        "discharge_m3_s": 17967.58,
        "drainage_km2": 1084745.15,
        "role": "mouth"
      },
      "geometry": {
        "type": "LineString",
        "coordinates": [
          [
            145.546875,
            -1.7396195669653023
          ],
          [
            144.140625,
            -2.85049067704607
          ],
          [
            142.734375,
            -2.7991516017223677
          ]
        ]
      }
    },
    {
      "type": "Feature",
      "properties": {
        "discharge_m3_s": 17967.58,
        "drainage_km2": 1084745.15,
        "role": "mouth"
      },
      "geometry": {
        "type": "LineString",
        "coordinates": [
          [
            148.359375,
            -1.7960506274824524
          ],
          [
            146.953125,
            -2.9479834372913665
          ],
          [
            145.54687500000003,
            -2.9001111263329
          ],
          [
            144.140625,
            -2.85049067704607
          ],
          [
            142.734375,
            -2.7991516017223677
          ]
        ]
      }
    },
    {
      "type": "Feature",
      "properties": {
        "discharge_m3_s": 3379.47,
        "drainage_km2": 160825.35,
        "role": "mouth"
      },
      "geometry": {
        "type": "LineString",
        "coordinates": [
          [
            159.609375,
            -1.9773079007870582
          ],
          [
            158.203125,
            -3.2648437673735415
          ],
          [
            156.796875,
            -4.525489431855929
          ]
        ]
      }
    },
    {
      "type": "Feature",
      "properties": {
        "discharge_m3_s": 21410.61,
        "drainage_km2": 1020347.98,
        "role": "mouth"
      },
      "geometry": {
        "type": "LineString",
        "coordinates": [
          [
            -177.890625,
            -2.1079469448711214
          ],
          [
            -176.484375,
            -3.5090255374803387
          ],
          [
            -175.07812500000003,
            -3.502693861567104
          ]
        ]
      }
    },
    {
      "type": "Feature",
      "properties": {
        "discharge_m3_s": 49.82,
        "drainage_km2": 871721.14,
        "role": "mouth"
      },
      "geometry": {
        "type": "LineString",
        "coordinates": [
          [
            -151.171875,
            -1.8481544539294943
          ],
          [
            -152.57812500000003,
            -3.1214384474366446
          ],
          [
            -153.984375,
            -4.425255211312163
          ],
          [
            -153.984375,
            -5.691368423206242
          ],
          [
            -152.57812500000003,
            -6.874170498201403
          ]
        ]
      }
    },
    {
      "type": "Feature",
      "properties": {
        "discharge_m3_s": 49.82,
        "drainage_km2": 871721.14,
        "role": "mouth"
      },
      "geometry": {
        "type": "LineString",
        "coordinates": [
          [
            -149.76562500000003,
            -1.8226514959972535
          ],
          [
            -151.171875,
            -3.0808324000470084
          ],
          [
            -152.57812500000003,
            -4.371129292061819
          ],
          [
            -153.984375,
            -5.691368423206242
          ],
          [
            -152.57812500000003,
            -6.874170498201403
          ]
        ]
      }
    },
    {
      "type": "Feature",
      "properties": {
        "discharge_m3_s": 688.6,
        "drainage_km2": 162359.59,
        "role": "mouth"
      },
      "geometry": {
        "type": "LineString",
        "coordinates": [
          [
            -148.359375,
            -1.7960506274824524
          ],
          [
            -149.765625,
            -3.038370907807581
          ],
          [
            -151.171875,
            -4.314372369025418
          ]
        ]
      }
    },
    {
      "type": "Feature",
      "properties": {
        "discharge_m3_s": 912.82,
        "drainage_km2": 157262.36,
        "role": "mouth"
      },
      "geometry": {
        "type": "LineString",
        "coordinates": [
          [
            -145.546875,
            -1.7396195669653023
          ],
          [
            -146.953125,
            -2.9479834372913665
          ],
          [
            -148.359375,
            -4.193099559123216
          ]
        ]
      }
    },
    {
      "type": "Feature",
      "properties": {
        "discharge_m3_s": 21410.61,
        "drainage_km2": 1020347.98,
        "role": "mouth"
      },
      "geometry": {
        "type": "LineString",
        "coordinates": [
          [
            -162.421875,
            -0.6702963785396038
          ],
          [
            -163.828125,
            -2.025979114457455
          ],
          [
            -165.234375,
            -3.399803615542326
          ],
          [
            -166.640625,
            -3.4207210507935577
          ],
          [
            -168.04687500000003,
            -2.063678187283118
          ],
          [
            -169.453125,
            -2.0737695195465657
          ],
          [
            -170.859375,
            -3.4710914001043998
          ],
          [
            -172.265625,
            -4.877315886695607
          ],
          [
            -173.67187500000003,
            -4.892031847354246
          ],
          [
            -175.07812500000003,
            -3.502693861567104
          ]
        ]
      }
    },
    {
      "type": "Feature",
      "properties": {
        "discharge_m3_s": 21410.61,
        "drainage_km2": 1020347.98,
        "role": "mouth"
      },
      "geometry": {
        "type": "LineString",
        "coordinates": [
          [
            -159.60937500000003,
            -0.6590705090158199
          ],
          [
            -159.60937500000003,
            -1.9773079007870582
          ],
          [
            -161.015625,
            -3.324842043461544
          ],
          [
            -162.421875,
            -4.693104699753207
          ],
          [
            -163.828125,
            -6.079637854926416
          ],
          [
            -165.234375,
            -4.760096852852792
          ],
          [
            -166.640625,
            -3.4207210507935577
          ],
          [
            -168.04687500000003,
            -2.063678187283118
          ],
          [
            -169.453125,
            -2.0737695195465657
          ],
          [
            -170.859375,
            -3.4710914001043998
          ],
          [
            -172.265625,
            -4.877315886695607
          ],
          [
            -173.67187500000003,
            -4.892031847354246
          ],
          [
            -175.07812500000003,
            -3.502693861567104
          ]
        ]
      }
    },
    {
      "type": "Feature",
      "properties": {
        "discharge_m3_s": 1720.48,
        "drainage_km2": 568058.08,
        "role": "mouth"
      },
      "geometry": {
        "type": "LineString",
        "coordinates": [
          [
            -156.796875,
            -0.646256962767757
          ],
          [
            -155.390625,
            -1.9179264474213495
          ]
        ]
      }
    },
    {
      "type": "Feature",
      "properties": {
        "discharge_m3_s": 62.12,
        "drainage_km2": 47940.55,
        "role": "mouth"
      },
      "geometry": {
        "type": "LineString",
        "coordinates": [
          [
            -163.828125,
            0.6753053386193396
          ],
          [
            -165.234375,
            0.6799075481698579
          ],
          [
            -166.640625,
            2.052344702480777
          ],
          [
            -168.04687500000003,
            2.063678187283118
          ],
          [
            -169.453125,
            0.6912472083981871
          ]
        ]
      }
    },
    {
      "type": "Feature",
      "properties": {
        "discharge_m3_s": 1621.02,
        "drainage_km2": 121950.9,
        "role": "mouth"
      },
      "geometry": {
        "type": "LineString",
        "coordinates": [
          [
            176.484375,
            2.1054089702144143
          ],
          [
            175.07812500000003,
            2.1016039038376735
          ]
        ]
      }
    },
    {
      "type": "Feature",
      "properties": {
        "discharge_m3_s": 182.26,
        "drainage_km2": 533189.07,
        "role": "mouth"
      },
      "geometry": {
        "type": "LineString",
        "coordinates": [
          [
            -163.828125,
            2.025979114457455
          ],
          [
            -165.234375,
            2.039775840091725
          ],
          [
            -165.234375,
            3.399803615542326
          ]
        ]
      }
    },
    {
      "type": "Feature",
      "properties": {
        "discharge_m3_s": 21410.61,
        "drainage_km2": 1020347.98,
        "role": "mouth"
      },
      "geometry": {
        "type": "LineString",
        "coordinates": [
          [
            -168.04687500000003,
            3.439582037140748
          ],
          [
            -169.453125,
            2.0737695195465657
          ],
          [
            -170.859375,
            0.6941971890448209
          ],
          [
            -172.265625,
            -0.6967290489895217
          ],
          [
            -173.67187500000003,
            -2.096534019285695
          ],
          [
            -175.07812500000003,
            -3.502693861567104
          ]
        ]
      }
    },
    {
      "type": "Feature",
      "properties": {
        "discharge_m3_s": 182.26,
        "drainage_km2": 533189.07,
        "role": "mouth"
      },
      "geometry": {
        "type": "LineString",
        "coordinates": [
          [
            -166.640625,
            3.4207210507935577
          ],
          [
            -165.234375,
            3.399803615542326
          ]
        ]
      }
    },
    {
      "type": "Feature",
      "properties": {
        "discharge_m3_s": 6166.5,
        "drainage_km2": 316475.76,
        "role": "reach"
      },
      "geometry": {
        "type": "LineString",
        "coordinates": [
          [
            -179.296875,
            4.921506212193332
          ],
          [
            -179.296875,
            3.5153609437678957
          ],
          [
            -179.296875,
            2.1092163114058002
          ],
          [
            -179.296875,
            0.7030720612954022
          ]
        ]
      }
    },
    {
      "type": "Feature",
      "properties": {
        "discharge_m3_s": 6166.5,
        "drainage_km2": 316475.76,
        "role": "mouth"
      },
      "geometry": {
        "type": "LineString",
        "coordinates": [
          [
            179.296875,
            -0.7030720612954022
          ],
          [
            177.890625,
            0.702648599448483
          ],
          [
            176.484375,
            0.7018019306020881
          ],
          [
            175.07812500000003,
            2.1016039038376735
          ]
        ]
      }
    },
    {
      "type": "Feature",
      "properties": {
        "discharge_m3_s": 160.11,
        "drainage_km2": 166240.09,
        "role": "mouth"
      },
      "geometry": {
        "type": "LineString",
        "coordinates": [
          [
            -169.453125,
            4.839120556604629
          ],
          [
            -170.859375,
            3.4710914001043998
          ],
          [
            -172.265625,
            2.0902023459764543
          ]
        ]
      }
    },
    {
      "type": "Feature",
      "properties": {
        "discharge_m3_s": 317.19,
        "drainage_km2": 190101.62,
        "role": "mouth"
      },
      "geometry": {
        "type": "LineString",
        "coordinates": [
          [
            -169.453125,
            6.2220600745815595
          ],
          [
            -170.859375,
            4.859675399696355
          ],
          [
            -172.265625,
            3.4837212053575555
          ],
          [
            -173.67187500000003,
            2.096534019285695
          ]
        ]
      }
    },
    {
      "type": "Feature",
      "properties": {
        "discharge_m3_s": 21410.61,
        "drainage_km2": 1020347.98,
        "role": "mouth"
      },
      "geometry": {
        "type": "LineString",
        "coordinates": [
          [
            -177.890625,
            7.729197441314405
          ],
          [
            -177.890625,
            6.3238717165914275
          ],
          [
            -177.890625,
            4.918556228249134
          ],
          [
            -177.890625,
            3.5132487271198864
          ],
          [
            -176.484375,
            2.1054089702144143
          ],
          [
            -176.484375,
            0.7018019306020881
          ],
          [
            -177.890625,
            -0.702648599448483
          ],
          [
            -176.484375,
            -2.1054089702144143
          ],
          [
            -175.07812500000003,
            -3.502693861567104
          ]
        ]
      }
    },
    {
      "type": "Feature",
      "properties": {
        "discharge_m3_s": 305.92,
        "drainage_km2": 189562.36,
        "role": "mouth"
      },
      "geometry": {
        "type": "LineString",
        "coordinates": [
          [
            -169.453125,
            7.605248830323058
          ],
          [
            -170.859375,
            6.24840644458599
          ],
          [
            -172.265625,
            4.877315886695607
          ],
          [
            -173.67187500000003,
            3.4942574279687704
          ]
        ]
      }
    },
    {
      "type": "Feature",
      "properties": {
        "discharge_m3_s": 21410.61,
        "drainage_km2": 1020347.98,
        "role": "mouth"
      },
      "geometry": {
        "type": "LineString",
        "coordinates": [
          [
            -175.07812500000003,
            9.107485873361535
          ],
          [
            -176.484375,
            7.719995466882609
          ],
          [
            -176.484375,
            6.316312523407328
          ],
          [
            -176.484375,
            4.9126579589502315
          ],
          [
            -176.484375,
            3.5090255374803387
          ],
          [
            -176.484375,
            2.1054089702144143
          ],
          [
            -176.484375,
            0.7018019306020881
          ],
          [
            -177.890625,
            -0.702648599448483
          ],
          [
            -176.484375,
            -2.1054089702144143
          ],
          [
            -175.07812500000003,
            -3.502693861567104
          ]
        ]
      }
    },
    {
      "type": "Feature",
      "properties": {
        "discharge_m3_s": 21410.61,
        "drainage_km2": 1020347.98,
        "role": "mouth"
      },
      "geometry": {
        "type": "LineString",
        "coordinates": [
          [
            -173.67187500000003,
            9.085862679419483
          ],
          [
            -175.078125,
            7.706198683735021
          ],
          [
            -176.484375,
            6.316312523407328
          ],
          [
            -176.484375,
            4.9126579589502315
          ],
          [
            -176.484375,
            3.5090255374803387
          ],
          [
            -176.484375,
            2.1054089702144143
          ],
          [
            -176.484375,
            0.7018019306020881
          ],
          [
            -177.890625,
            -0.702648599448483
          ],
          [
            -176.484375,
            -2.1054089702144143
          ],
          [
            -175.07812500000003,
            -3.502693861567104
          ]
        ]
      }
    },
    {
      "type": "Feature",
      "properties": {
        "discharge_m3_s": 21410.61,
        "drainage_km2": 1020347.98,
        "role": "mouth"
      },
      "geometry": {
        "type": "LineString",
        "coordinates": [
          [
            -169.453125,
            8.98874110536948
          ],
          [
            -170.859375,
            7.63732598523329
          ],
          [
            -172.265625,
            6.271016476730694
          ],
          [
            -173.67187500000003,
            4.892031847354246
          ],
          [
            -175.07812500000003,
            3.502693861567104
          ],
          [
            -176.484375,
            2.1054089702144143
          ],
          [
            -176.484375,
            0.7018019306020881
          ],
          [
            -177.890625,
            -0.702648599448483
          ],
          [
            -176.484375,
            -2.1054089702144143
          ],
          [
            -175.07812500000003,
            -3.502693861567104
          ]
        ]
      }
    },
    {
      "type": "Feature",
      "properties": {
        "discharge_m3_s": 21410.61,
        "drainage_km2": 1020347.98,
        "role": "mouth"
      },
      "geometry": {
        "type": "LineString",
        "coordinates": [
          [
            -169.453125,
            10.372590520924659
          ],
          [
            -170.859375,
            9.026475051525084
          ],
          [
            -172.265625,
            7.664852820705814
          ],
          [
            -173.67187500000003,
            6.28987751582551
          ],
          [
            -175.07812500000003,
            4.903814800870226
          ],
          [
            -176.484375,
            3.5090255374803387
          ],
          [
            -176.484375,
            2.1054089702144143
          ],
          [
            -176.484375,
            0.7018019306020881
          ],
          [
            -177.890625,
            -0.702648599448483
          ],
          [
            -176.484375,
            -2.1054089702144143
          ],
          [
            -175.07812500000003,
            -3.502693861567104
          ]
        ]
      }
    },
    {
      "type": "Feature",
      "properties": {
        "discharge_m3_s": 18950.39,
        "drainage_km2": 1329576.25,
        "role": "mouth"
      },
      "geometry": {
        "type": "LineString",
        "coordinates": [
          [
            -158.203125,
            9.808027101673941
          ],
          [
            -158.203125,
            11.12063541175133
          ],
          [
            -156.796875,
            11.010908265978154
          ],
          [
            -155.390625,
            10.894623879223346
          ],
          [
            -155.390625,
            12.183884672360268
          ],
          [
            -153.984375,
            12.047390854922355
          ],
          [
            -152.57812500000003,
            11.903705900471607
          ],
          [
            -151.171875,
            13.002029278052012
          ],
          [
            -149.765625,
            14.06576305248832
          ],
          [
            -148.35937500000003,
            15.093984179116768
          ]
        ]
      }
    },
    {
      "type": "Feature",
      "properties": {
        "discharge_m3_s": 16.11,
        "drainage_km2": 142204.04,
        "role": "mouth"
      },
      "geometry": {
        "type": "LineString",
        "coordinates": [
          [
            176.484375,
            11.931275829428913
          ],
          [
            175.07812500000003,
            10.508852479473568
          ],
          [
            173.67187500000003,
            9.085862679419483
          ]
        ]
      }
    },
    {
      "type": "Feature",
      "properties": {
        "discharge_m3_s": 21410.61,
        "drainage_km2": 1020347.98,
        "role": "mouth"
      },
      "geometry": {
        "type": "LineString",
        "coordinates": [
          [
            -176.484375,
            11.931275829428913
          ],
          [
            -176.484375,
            10.527471082223615
          ],
          [
            -176.484375,
            9.123712957791051
          ],
          [
            -176.484375,
            7.719995466882609
          ],
          [
            -176.484375,
            6.316312523407328
          ],
          [
            -176.484375,
            4.9126579589502315
          ],
          [
            -176.484375,
            3.5090255374803387
          ],
          [
            -176.484375,
            2.1054089702144143
          ],
          [
            -176.484375,
            0.7018019306020881
          ],
          [
            -177.890625,
            -0.702648599448483
          ],
          [
            -176.484375,
            -2.1054089702144143
          ],
          [
            -175.07812500000003,
            -3.502693861567104
          ]
        ]
      }
    },
    {
      "type": "Feature",
      "properties": {
        "discharge_m3_s": 21410.61,
        "drainage_km2": 1020347.98,
        "role": "mouth"
      },
      "geometry": {
        "type": "LineString",
        "coordinates": [
          [
            -170.859375,
            11.805623226427311
          ],
          [
            -170.859375,
            10.415894160748397
          ],
          [
            -172.265625,
            9.058854454147106
          ],
          [
            -173.67187500000003,
            7.687814506277681
          ],
          [
            -175.07812500000003,
            6.304979012126522
          ],
          [
            -176.484375,
            4.9126579589502315
          ],
          [
            -176.484375,
            3.5090255374803387
          ],
          [
            -176.484375,
            2.1054089702144143
          ],
          [
            -176.484375,
            0.7018019306020881
          ],
          [
            -177.890625,
            -0.702648599448483
          ],
          [
            -176.484375,
            -2.1054089702144143
          ],
          [
            -175.07812500000003,
            -3.502693861567104
          ]
        ]
      }
    },
    {
      "type": "Feature",
      "properties": {
        "discharge_m3_s": 21410.61,
        "drainage_km2": 1020347.98,
        "role": "mouth"
      },
      "geometry": {
        "type": "LineString",
        "coordinates": [
          [
            -169.453125,
            11.756849920025385
          ],
          [
            -170.859375,
            10.415894160748397
          ],
          [
            -172.265625,
            9.058854454147106
          ],
          [
            -173.67187500000003,
            7.687814506277681
          ],
          [
            -175.07812500000003,
            6.304979012126522
          ],
          [
            -176.484375,
            4.9126579589502315
          ],
          [
            -176.484375,
            3.5090255374803387
          ],
          [
            -176.484375,
            2.1054089702144143
          ],
          [
            -176.484375,
            0.7018019306020881
          ],
          [
            -177.890625,
            -0.702648599448483
          ],
          [
            -176.484375,
            -2.1054089702144143
          ],
          [
            -175.07812500000003,
            -3.502693861567104
          ]
        ]
      }
    },
    {
      "type": "Feature",
      "properties": {
        "discharge_m3_s": 21410.61,
        "drainage_km2": 1020347.98,
        "role": "mouth"
      },
      "geometry": {
        "type": "LineString",
        "coordinates": [
          [
            -162.421875,
            11.409968745607229
          ],
          [
            -162.421875,
            10.0647064336311
          ],
          [
            -163.828125,
            8.784690136192753
          ],
          [
            -165.234375,
            7.481900840795187
          ],
          [
            -166.640625,
            6.15821945331951
          ],
          [
            -168.04687500000003,
            4.815663213420071
          ],
          [
            -169.453125,
            3.4563754532944486
          ],
          [
            -170.859375,
            2.0826126675086276
          ],
          [
            -172.265625,
            0.6967290489895217
          ],
          [
            -173.67187500000003,
            -0.6988412644721039
          ],
          [
            -175.07812500000003,
            -2.1016039038376735
          ],
          [
            -175.07812500000003,
            -3.502693861567104
          ]
        ]
      }
    },
    {
      "type": "Feature",
      "properties": {
        "discharge_m3_s": 18950.39,
        "drainage_km2": 1329576.25,
        "role": "mouth"
      },
      "geometry": {
        "type": "LineString",
        "coordinates": [
          [
            -145.54687500000003,
            9.90216600359321
          ],
          [
            -146.953125,
            11.258430421888777
          ],
          [
            -148.359375,
            12.64718912900752
          ],
          [
            -149.765625,
            14.06576305248832
          ],
          [
            -148.35937500000003,
            15.093984179116768
          ]
        ]
      }
    },
    {
      "type": "Feature",
      "properties": {
        "discharge_m3_s": 18950.39,
        "drainage_km2": 1329576.25,
        "role": "mouth"
      },
      "geometry": {
        "type": "LineString",
        "coordinates": [
          [
            -141.328125,
            9.385188257937772
          ],
          [
            -142.734375,
            10.702596014001129
          ],
          [
            -144.140625,
            12.057841740076503
          ],
          [
            -145.54687500000003,
            13.448399987056371
          ],
          [
            -146.953125,
            13.66251184865716
          ],
          [
            -148.35937500000003,
            15.093984179116768
          ]
        ]
      }
    },
    {
      "type": "Feature",
      "properties": {
        "discharge_m3_s": 18950.39,
        "drainage_km2": 1329576.25,
        "role": "mouth"
      },
      "geometry": {
        "type": "LineString",
        "coordinates": [
          [
            -161.015625,
            12.656769550724556
          ],
          [
            -159.60937500000003,
            11.22375311156308
          ],
          [
            -158.203125,
            11.12063541175133
          ],
          [
            -156.796875,
            11.010908265978154
          ],
          [
            -155.390625,
            10.894623879223346
          ],
          [
            -155.390625,
            12.183884672360268
          ],
          [
            -153.984375,
            12.047390854922355
          ],
          [
            -152.57812500000003,
            11.903705900471607
          ],
          [
            -151.171875,
            13.002029278052012
          ],
          [
            -149.765625,
            14.06576305248832
          ],
          [
            -148.35937500000003,
            15.093984179116768
          ]
        ]
      }
    },
    {
      "type": "Feature",
      "properties": {
        "discharge_m3_s": 18950.39,
        "drainage_km2": 1329576.25,
        "role": "mouth"
      },
      "geometry": {
        "type": "LineString",
        "coordinates": [
          [
            -158.203125,
            12.43505543600182
          ],
          [
            -156.796875,
            11.010908265978154
          ],
          [
            -155.390625,
            10.894623879223346
          ],
          [
            -155.390625,
            12.183884672360268
          ],
          [
            -153.984375,
            12.047390854922355
          ],
          [
            -152.57812500000003,
            11.903705900471607
          ],
          [
            -151.171875,
            13.002029278052012
          ],
          [
            -149.765625,
            14.06576305248832
          ],
          [
            -148.35937500000003,
            15.093984179116768
          ]
        ]
      }
    },
    {
      "type": "Feature",
      "properties": {
        "discharge_m3_s": 18950.39,
        "drainage_km2": 1329576.25,
        "role": "mouth"
      },
      "geometry": {
        "type": "LineString",
        "coordinates": [
          [
            -151.171875,
            11.752895574348797
          ],
          [
            -152.57812500000003,
            11.903705900471607
          ],
          [
            -151.171875,
            13.002029278052012
          ],
          [
            -149.765625,
            14.06576305248832
          ],
          [
            -148.35937500000003,
            15.093984179116768
          ]
        ]
      }
    },
    {
      "type": "Feature",
      "properties": {
        "discharge_m3_s": 18950.39,
        "drainage_km2": 1329576.25,
        "role": "mouth"
      },
      "geometry": {
        "type": "LineString",
        "coordinates": [
          [
            -149.765625,
            11.595029642141478
          ],
          [
            -151.171875,
            13.002029278052012
          ],
          [
            -149.765625,
            14.06576305248832
          ],
          [
            -148.35937500000003,
            15.093984179116768
          ]
        ]
      }
    },
    {
      "type": "Feature",
      "properties": {
        "discharge_m3_s": 18950.39,
        "drainage_km2": 1329576.25,
        "role": "mouth"
      },
      "geometry": {
        "type": "LineString",
        "coordinates": [
          [
            -148.359375,
            11.430181936271625
          ],
          [
            -149.765625,
            12.82847018407193
          ],
          [
            -149.765625,
            14.06576305248832
          ],
          [
            -148.35937500000003,
            15.093984179116768
          ]
        ]
      }
    },
    {
      "type": "Feature",
      "properties": {
        "discharge_m3_s": 18950.39,
        "drainage_km2": 1329576.25,
        "role": "mouth"
      },
      "geometry": {
        "type": "LineString",
        "coordinates": [
          [
            -145.54687500000003,
            11.079857261506868
          ],
          [
            -146.953125,
            12.458266543845186
          ],
          [
            -148.359375,
            12.64718912900752
          ],
          [
            -149.765625,
            14.06576305248832
          ],
          [
            -148.35937500000003,
            15.093984179116768
          ]
        ]
      }
    },
    {
      "type": "Feature",
      "properties": {
        "discharge_m3_s": 26105.9,
        "drainage_km2": 332070.0,
        "role": "mouth"
      },
      "geometry": {
        "type": "LineString",
        "coordinates": [
          [
            144.140625,
            12.057841740076503
          ],
          [
            145.546875,
            12.26178748630448
          ],
          [
            146.953125,
            11.258430421888777
          ],
          [
            148.359375,
            11.430181936271625
          ]
        ]
      }
    },
    {
      "type": "Feature",
      "properties": {
        "discharge_m3_s": 18950.39,
        "drainage_km2": 1329576.25,
        "role": "mouth"
      },
      "geometry": {
        "type": "LineString",
        "coordinates": [
          [
            -155.390625,
            13.475637766113925
          ],
          [
            -153.984375,
            12.047390854922355
          ],
          [
            -152.57812500000003,
            11.903705900471607
          ],
          [
            -151.171875,
            13.002029278052012
          ],
          [
            -149.765625,
            14.06576305248832
          ],
          [
            -148.35937500000003,
            15.093984179116768
          ]
        ]
      }
    },
    {
      "type": "Feature",
      "properties": {
        "discharge_m3_s": 18950.39,
        "drainage_km2": 1329576.25,
        "role": "mouth"
      },
      "geometry": {
        "type": "LineString",
        "coordinates": [
          [
            -145.546875,
            12.26178748630448
          ],
          [
            -146.953125,
            12.458266543845186
          ],
          [
            -148.359375,
            12.64718912900752
          ],
          [
            -149.765625,
            14.06576305248832
          ],
          [
            -148.35937500000003,
            15.093984179116768
          ]
        ]
      }
    },
    {
      "type": "Feature",
      "properties": {
        "discharge_m3_s": 18950.39,
        "drainage_km2": 1329576.25,
        "role": "mouth"
      },
      "geometry": {
        "type": "LineString",
        "coordinates": [
          [
            -141.328125,
            11.627933525171223
          ],
          [
            -142.734375,
            11.84652391182925
          ],
          [
            -144.140625,
            13.22608411175328
          ],
          [
            -145.54687500000003,
            13.448399987056371
          ],
          [
            -146.953125,
            13.66251184865716
          ],
          [
            -148.35937500000003,
            15.093984179116768
          ]
        ]
      }
    },
    {
      "type": "Feature",
      "properties": {
        "discharge_m3_s": 18950.39,
        "drainage_km2": 1329576.25,
        "role": "mouth"
      },
      "geometry": {
        "type": "LineString",
        "coordinates": [
          [
            -141.328125,
            12.757232746781643
          ],
          [
            -142.734375,
            12.99566096324896
          ],
          [
            -144.140625,
            13.22608411175328
          ],
          [
            -145.54687500000003,
            13.448399987056371
          ],
          [
            -146.953125,
            13.66251184865716
          ],
          [
            -148.35937500000003,
            15.093984179116768
          ]
        ]
      }
    },
    {
      "type": "Feature",
      "properties": {
        "discharge_m3_s": 4283.72,
        "drainage_km2": 312773.14,
        "role": "mouth"
      },
      "geometry": {
        "type": "LineString",
        "coordinates": [
          [
            135.70312500000003,
            12.775373530717705
          ],
          [
            134.296875,
            12.775373530717705
          ],
          [
            132.890625,
            11.995024527422325
          ]
        ]
      }
    },
    {
      "type": "Feature",
      "properties": {
        "discharge_m3_s": 5367.62,
        "drainage_km2": 255148.88,
        "role": "mouth"
      },
      "geometry": {
        "type": "LineString",
        "coordinates": [
          [
            144.140625,
            14.399746622294641
          ],
          [
            145.54687500000003,
            13.448399987056371
          ],
          [
            146.953125,
            12.458266543845186
          ],
          [
            148.359375,
            11.430181936271625
          ]
        ]
      }
    },
    {
      "type": "Feature",
      "properties": {
        "discharge_m3_s": 2864.45,
        "drainage_km2": 116476.47,
        "role": "mouth"
      },
      "geometry": {
        "type": "LineString",
        "coordinates": [
          [
            -175.07812500000003,
            17.517278554299434
          ],
          [
            -173.671875,
            18.87691565303735
          ]
        ]
      }
    },
    {
      "type": "Feature",
      "properties": {
        "discharge_m3_s": 18950.39,
        "drainage_km2": 1329576.25,
        "role": "mouth"
      },
      "geometry": {
        "type": "LineString",
        "coordinates": [
          [
            -142.734375,
            14.150506045521182
          ],
          [
            -144.140625,
            13.22608411175328
          ],
          [
            -145.54687500000003,
            13.448399987056371
          ],
          [
            -146.953125,
            13.66251184865716
          ],
          [
            -148.35937500000003,
            15.093984179116768
          ]
        ]
      }
    },
    {
      "type": "Feature",
      "properties": {
        "discharge_m3_s": 4283.72,
        "drainage_km2": 312773.14,
        "role": "mouth"
      },
      "geometry": {
        "type": "LineString",
        "coordinates": [
          [
            135.70312500000003,
            13.832634218207206
          ],
          [
            134.296875,
            12.775373530717705
          ],
          [
            132.890625,
            11.995024527422325
          ]
        ]
      }
    },
    {
      "type": "Feature",
      "properties": {
        "discharge_m3_s": 18950.39,
        "drainage_km2": 1329576.25,
        "role": "mouth"
      },
      "geometry": {
        "type": "LineString",
        "coordinates": [
          [
            -149.765625,
            16.553327991069356
          ],
          [
            -148.35937500000003,
            15.093984179116768
          ]
        ]
      }
    },
    {
      "type": "Feature",
      "properties": {
        "discharge_m3_s": 18950.39,
        "drainage_km2": 1329576.25,
        "role": "mouth"
      },
      "geometry": {
        "type": "LineString",
        "coordinates": [
          [
            -153.984375,
            18.47172477473354
          ],
          [
            -153.984375,
            17.179743273381224
          ],
          [
            -153.984375,
            15.891586799238743
          ],
          [
            -153.984375,
            14.606989790456936
          ],
          [
            -152.57812500000003,
            13.167790506008155
          ],
          [
            -151.171875,
            13.002029278052012
          ],
          [
            -149.765625,
            14.06576305248832
          ],
          [
            -148.35937500000003,
            15.093984179116768
          ]
        ]
      }
    },
    {
      "type": "Feature",
      "properties": {
        "discharge_m3_s": 18950.39,
        "drainage_km2": 1329576.25,
        "role": "mouth"
      },
      "geometry": {
        "type": "LineString",
        "coordinates": [
          [
            -141.328125,
            16.183160143086894
          ],
          [
            -142.734375,
            16.479316762639694
          ],
          [
            -144.140625,
            15.579299198909277
          ],
          [
            -145.546875,
            14.640136848024634
          ],
          [
            -146.953125,
            13.66251184865716
          ],
          [
            -148.35937500000003,
            15.093984179116768
          ]
        ]
      }
    },
    {
      "type": "Feature",
      "properties": {
        "discharge_m3_s": 21673.69,
        "drainage_km2": 968716.38,
        "role": "mouth"
      },
      "geometry": {
        "type": "LineString",
        "coordinates": [
          [
            -139.921875,
            15.876846471532742
          ],
          [
            -141.328125,
            17.339575981736452
          ],
          [
            -142.734375,
            18.836947440154667
          ],
          [
            -144.140625,
            20.365766621384758
          ],
          [
            -144.140625,
            21.5817706392309
          ],
          [
            -144.140625,
            22.806449296520018
          ],
          [
            -144.140625,
            24.040256009939668
          ],
          [
            -144.140625,
            25.28363926662692
          ],
          [
            -144.140625,
            26.537041707074174
          ]
        ]
      }
    },
    {
      "type": "Feature",
      "properties": {
        "discharge_m3_s": 18950.39,
        "drainage_km2": 1329576.25,
        "role": "mouth"
      },
      "geometry": {
        "type": "LineString",
        "coordinates": [
          [
            -151.171875,
            19.307787517027318
          ],
          [
            -152.57812500000003,
            18.260042851111592
          ],
          [
            -152.57812500000003,
            16.980999060895158
          ],
          [
            -151.171875,
            15.511340926335455
          ],
          [
            -149.765625,
            14.06576305248832
          ],
          [
            -148.35937500000003,
            15.093984179116768
          ]
        ]
      }
    },
    {
      "type": "Feature",
      "properties": {
        "discharge_m3_s": 18950.39,
        "drainage_km2": 1329576.25,
        "role": "mouth"
      },
      "geometry": {
        "type": "LineString",
        "coordinates": [
          [
            -148.359375,
            18.801856267271123
          ],
          [
            -146.953125,
            17.30582562683614
          ],
          [
            -148.359375,
            16.324538844909906
          ],
          [
            -148.35937500000003,
            15.093984179116768
          ]
        ]
      }
    },
    {
      "type": "Feature",
      "properties": {
        "discharge_m3_s": 18950.39,
        "drainage_km2": 1329576.25,
        "role": "mouth"
      },
      "geometry": {
        "type": "LineString",
        "coordinates": [
          [
            -152.57812500000003,
            20.831826733892743
          ],
          [
            -152.57812500000003,
            19.543557747903236
          ],
          [
            -152.57812500000003,
            18.260042851111592
          ],
          [
            -152.57812500000003,
            16.980999060895158
          ],
          [
            -151.171875,
            15.511340926335455
          ],
          [
            -149.765625,
            14.06576305248832
          ],
          [
            -148.35937500000003,
            15.093984179116768
          ]
        ]
      }
    },
    {
      "type": "Feature",
      "properties": {
        "discharge_m3_s": 411.62,
        "drainage_km2": 137426.72,
        "role": "mouth"
      },
      "geometry": {
        "type": "LineString",
        "coordinates": [
          [
            142.734375,
            20.0278151289689
          ],
          [
            144.140625,
            21.5817706392309
          ]
        ]
      }
    },
    {
      "type": "Feature",
      "properties": {
        "discharge_m3_s": 45.43,
        "drainage_km2": 240232.61,
        "role": "mouth"
      },
      "geometry": {
        "type": "LineString",
        "coordinates": [
          [
            -166.640625,
            24.019629961559417
          ],
          [
            -168.04687500000003,
            24.137261430242724
          ],
          [
            -169.453125,
            22.851677824353292
          ]
        ]
      }
    },
    {
      "type": "Feature",
      "properties": {
        "discharge_m3_s": 21673.69,
        "drainage_km2": 968716.38,
        "role": "mouth"
      },
      "geometry": {
        "type": "LineString",
        "coordinates": [
          [
            -142.734375,
            20.0278151289689
          ],
          [
            -144.140625,
            21.5817706392309
          ],
          [
            -144.140625,
            22.806449296520018
          ],
          [
            -144.140625,
            24.040256009939668
          ],
          [
            -144.140625,
            25.28363926662692
          ],
          [
            -144.140625,
            26.537041707074174
          ]
        ]
      }
    },
    {
      "type": "Feature",
      "properties": {
        "discharge_m3_s": 21673.69,
        "drainage_km2": 968716.38,
        "role": "mouth"
      },
      "geometry": {
        "type": "LineString",
        "coordinates": [
          [
            -146.953125,
            22.250083916708352
          ],
          [
            -145.54687500000003,
            21.922688493140132
          ],
          [
            -144.140625,
            21.5817706392309
          ],
          [
            -144.140625,
            22.806449296520018
          ],
          [
            -144.140625,
            24.040256009939668
          ],
          [
            -144.140625,
            25.28363926662692
          ],
          [
            -144.140625,
            26.537041707074174
          ]
        ]
      }
    },
    {
      "type": "Feature",
      "properties": {
        "discharge_m3_s": 21673.69,
        "drainage_km2": 968716.38,
        "role": "mouth"
      },
      "geometry": {
        "type": "LineString",
        "coordinates": [
          [
            -142.734375,
            21.22737916878513
          ],
          [
            -144.140625,
            22.806449296520018
          ],
          [
            -144.140625,
            24.040256009939668
          ],
          [
            -144.140625,
            25.28363926662692
          ],
          [
            -144.140625,
            26.537041707074174
          ]
        ]
      }
    },
    {
      "type": "Feature",
      "properties": {
        "discharge_m3_s": 53634.33,
        "drainage_km2": 899553.19,
        "role": "mouth"
      },
      "geometry": {
        "type": "LineString",
        "coordinates": [
          [
            -177.890625,
            27.406001556977834
          ],
          [
            -179.296875,
            28.826302506241323
          ]
        ]
      }
    },
    {
      "type": "Feature",
      "properties": {
        "discharge_m3_s": 2152.27,
        "drainage_km2": 1739319.43,
        "role": "mouth"
      },
      "geometry": {
        "type": "LineString",
        "coordinates": [
          [
            -161.015625,
            26.13323390638923
          ],
          [
            -159.60937500000003,
            25.934790357620415
          ],
          [
            -159.60937500000003,
            27.28947241447122
          ],
          [
            -158.203125,
            27.069041732316585
          ],
          [
            -158.203125,
            28.42001252490979
          ],
          [
            -156.796875,
            28.17686397276145
          ],
          [
            -156.796875,
            29.524671221512598
          ],
          [
            -156.796875,
            30.87727759795857
          ],
          [
            -156.796875,
            32.23483136612071
          ],
          [
            -156.796875,
            33.59747162107812
          ],
          [
            -155.390625,
            33.31075414656405
          ],
          [
            -155.390625,
            34.67311271792061
          ],
          [
            -155.390625,
            36.04145120737391
          ],
          [
            -153.984375,
            37.095403489948026
          ]
        ]
      }
    },
    {
      "type": "Feature",
      "properties": {
        "discharge_m3_s": 8774.66,
        "drainage_km2": 245051.16,
        "role": "mouth"
      },
      "geometry": {
        "type": "LineString",
        "coordinates": [
          [
            -142.734375,
            22.436133132995973
          ],
          [
            -142.734375,
            23.654567767784194
          ],
          [
            -141.328125,
            24.466826935033065
          ],
          [
            -139.921875,
            24.034614280899408
          ]
        ]
      }
    },
    {
      "type": "Feature",
      "properties": {
        "discharge_m3_s": 53634.33,
        "drainage_km2": 899553.19,
        "role": "mouth"
      },
      "geometry": {
        "type": "LineString",
        "coordinates": [
          [
            -176.484375,
            30.18744440555996
          ],
          [
            -177.890625,
            28.811721906217375
          ],
          [
            -179.296875,
            28.826302506241323
          ]
        ]
      }
    },
    {
      "type": "Feature",
      "properties": {
        "discharge_m3_s": 5755.74,
        "drainage_km2": 120165.21,
        "role": "mouth"
      },
      "geometry": {
        "type": "LineString",
        "coordinates": [
          [
            172.265625,
            31.40724963913215
          ],
          [
            170.859375,
            29.916828991728888
          ]
        ]
      }
    },
    {
      "type": "Feature",
      "properties": {
        "discharge_m3_s": 53634.33,
        "drainage_km2": 899553.19,
        "role": "mouth"
      },
      "geometry": {
        "type": "LineString",
        "coordinates": [
          [
            -176.484375,
            31.592444466749505
          ],
          [
            -177.890625,
            30.217481750465986
          ],
          [
            -179.296875,
            28.826302506241323
          ]
        ]
      }
    },
    {
      "type": "Feature",
      "properties": {
        "discharge_m3_s": 8589.37,
        "drainage_km2": 244135.41,
        "role": "mouth"
      },
      "geometry": {
        "type": "LineString",
        "coordinates": [
          [
            -169.453125,
            31.20630045143519
          ],
          [
            -170.859375,
            29.916828991728888
          ],
          [
            -170.859375,
            28.519870636529262
          ]
        ]
      }
    },
    {
      "type": "Feature",
      "properties": {
        "discharge_m3_s": 53634.33,
        "drainage_km2": 899553.19,
        "role": "mouth"
      },
      "geometry": {
        "type": "LineString",
        "coordinates": [
          [
            177.890625,
            33.02912455389392
          ],
          [
            177.890625,
            31.623282271649032
          ],
          [
            177.890625,
            30.217481750465986
          ],
          [
            179.296875,
            28.826302506241323
          ]
        ]
      }
    },
    {
      "type": "Feature",
      "properties": {
        "discharge_m3_s": 53634.33,
        "drainage_km2": 899553.19,
        "role": "mouth"
      },
      "geometry": {
        "type": "LineString",
        "coordinates": [
          [
            -176.484375,
            32.99756045161416
          ],
          [
            -177.890625,
            31.623282271649032
          ],
          [
            -179.296875,
            30.23249807044744
          ],
          [
            -179.296875,
            28.826302506241323
          ]
        ]
      }
    },
    {
      "type": "Feature",
      "properties": {
        "discharge_m3_s": 1961.58,
        "drainage_km2": 159916.2,
        "role": "mouth"
      },
      "geometry": {
        "type": "LineString",
        "coordinates": [
          [
            -166.640625,
            32.332455191604
          ],
          [
            -166.640625,
            30.943025020532247
          ],
          [
            -168.04687500000003,
            29.69093898147729
          ],
          [
            -169.453125,
            28.417617044281506
          ]
        ]
      }
    },
    {
      "type": "Feature",
      "properties": {
        "discharge_m3_s": 3180.62,
        "drainage_km2": 180793.13,
        "role": "mouth"
      },
      "geometry": {
        "type": "LineString",
        "coordinates": [
          [
            -165.234375,
            32.173472553778566
          ],
          [
            -165.234375,
            30.78789912015474
          ],
          [
            -166.640625,
            29.555244025117883
          ],
          [
            -168.04687500000003,
            28.300690330802063
          ],
          [
            -169.453125,
            27.024753730921372
          ]
        ]
      }
    },
    {
      "type": "Feature",
      "properties": {
        "discharge_m3_s": 53634.33,
        "drainage_km2": 899553.19,
        "role": "mouth"
      },
      "geometry": {
        "type": "LineString",
        "coordinates": [
          [
            -176.484375,
            34.40279510347667
          ],
          [
            -177.890625,
            33.02912455389392
          ],
          [
            -179.296875,
            31.6386981560897
          ]
        ]
      }
    },
    {
      "type": "Feature",
      "properties": {
        "discharge_m3_s": 2152.27,
        "drainage_km2": 1739319.43,
        "role": "mouth"
      },
      "geometry": {
        "type": "LineString",
        "coordinates": [
          [
            -159.60937500000003,
            32.74453594956566
          ],
          [
            -158.203125,
            32.49822582116459
          ],
          [
            -156.796875,
            32.23483136612071
          ],
          [
            -156.796875,
            33.59747162107812
          ],
          [
            -155.390625,
            33.31075414656405
          ],
          [
            -155.390625,
            34.67311271792061
          ],
          [
            -155.390625,
            36.04145120737391
          ],
          [
            -153.984375,
            37.095403489948026
          ]
        ]
      }
    },
    {
      "type": "Feature",
      "properties": {
        "discharge_m3_s": 2152.27,
        "drainage_km2": 1739319.43,
        "role": "mouth"
      },
      "geometry": {
        "type": "LineString",
        "coordinates": [
          [
            -158.203125,
            33.86649024641027
          ],
          [
            -156.796875,
            33.59747162107812
          ],
          [
            -155.390625,
            33.31075414656405
          ],
          [
            -155.390625,
            34.67311271792061
          ],
          [
            -155.390625,
            36.04145120737391
          ],
          [
            -153.984375,
            37.095403489948026
          ]
        ]
      }
    },
    {
      "type": "Feature",
      "properties": {
        "discharge_m3_s": 53634.33,
        "drainage_km2": 899553.19,
        "role": "reach"
      },
      "geometry": {
        "type": "LineString",
        "coordinates": [
          [
            -176.484375,
            37.21362995260293
          ],
          [
            -177.890625,
            35.84093823358373
          ],
          [
            -177.890625,
            34.43500958090581
          ],
          [
            -179.296875,
            33.04490288343217
          ]
        ]
      }
    },
    {
      "type": "Feature",
      "properties": {
        "discharge_m3_s": 53634.33,
        "drainage_km2": 899553.19,
        "role": "mouth"
      },
      "geometry": {
        "type": "LineString",
        "coordinates": [
          [
            179.296875,
            31.6386981560897
          ],
          [
            179.296875,
            30.23249807044744
          ]
        ]
      }
    },
    {
      "type": "Feature",
      "properties": {
        "discharge_m3_s": 2152.27,
        "drainage_km2": 1739319.43,
        "role": "mouth"
      },
      "geometry": {
        "type": "LineString",
        "coordinates": [
          [
            -158.203125,
            35.23937648436514
          ],
          [
            -156.796875,
            34.96532778811601
          ],
          [
            -155.390625,
            34.67311271792061
          ],
          [
            -155.390625,
            36.04145120737391
          ],
          [
            -153.984375,
            37.095403489948026
          ]
        ]
      }
    },
    {
      "type": "Feature",
      "properties": {
        "discharge_m3_s": 8890.09,
        "drainage_km2": 207474.69,
        "role": "mouth"
      },
      "geometry": {
        "type": "LineString",
        "coordinates": [
          [
            175.07812500000003,
            39.973885114469184
          ],
          [
            173.67187500000003,
            39.90570741997243
          ],
          [
            172.265625,
            39.82037138325606
          ],
          [
            170.859375,
            38.315162641883894
          ],
          [
            169.453125,
            36.796268078495366
          ]
        ]
      }
    },
    {
      "type": "Feature",
      "properties": {
        "discharge_m3_s": 1252.65,
        "drainage_km2": 223863.77,
        "role": "mouth"
      },
      "geometry": {
        "type": "LineString",
        "coordinates": [
          [
            146.953125,
            37.90685450969138
          ],
          [
            146.953125,
            36.545515389310296
          ],
          [
            148.359375,
            35.61600542599245
          ],
          [
            146.953125,
            33.856448422326174
          ]
        ]
      }
    },
    {
      "type": "Feature",
      "properties": {
        "discharge_m3_s": 4877.07,
        "drainage_km2": 520457.5,
        "role": "mouth"
      },
      "geometry": {
        "type": "LineString",
        "coordinates": [
          [
            -175.078125,
            42.78509521287978
          ],
          [
            -175.07812500000003,
            44.191080790569906
          ],
          [
            -173.51594493861447,
            45.51932718293826
          ]
        ]
      }
    },
    {
      "type": "Feature",
      "properties": {
        "discharge_m3_s": 26227.86,
        "drainage_km2": 1954717.76,
        "role": "mouth"
      },
      "geometry": {
        "type": "LineString",
        "coordinates": [
          [
            179.296875,
            44.29471843707817
          ],
          [
            177.890625,
            42.87125926888084
          ],
          [
            176.484375,
            42.83681208881677
          ],
          [
            175.078125,
            42.78509521287978
          ],
          [
            173.67187500000003,
            41.310671382690984
          ],
          [
            172.265625,
            41.224679789063124
          ],
          [
            170.859375,
            39.717801289891476
          ],
          [
            169.453125,
            38.19651800986195
          ]
        ]
      }
    },
    {
      "type": "Feature",
      "properties": {
        "discharge_m3_s": 4877.07,
        "drainage_km2": 520457.5,
        "role": "mouth"
      },
      "geometry": {
        "type": "LineString",
        "coordinates": [
          [
            -170.859375,
            43.930935502526424
          ],
          [
            -172.265625,
            44.03517382675018
          ],
          [
            -173.51594493861447,
            45.51932718293826
          ]
        ]
      }
    },
    {
      "type": "Feature",
      "properties": {
        "discharge_m3_s": 6329.34,
        "drainage_km2": 263524.46,
        "role": "mouth"
      },
      "geometry": {
        "type": "LineString",
        "coordinates": [
          [
            132.890625,
            -34.23924221375132
          ],
          [
            131.484375,
            -34.83452413891565
          ],
          [
            130.07812500000003,
            -35.405367957630546
          ]
        ]
      }
    },
    {
      "type": "Feature",
      "properties": {
        "discharge_m3_s": 2465.98,
        "drainage_km2": 133284.27,
        "role": "mouth"
      },
      "geometry": {
        "type": "LineString",
        "coordinates": [
          [
            125.859375,
            -29.075639213746186
          ],
          [
            124.45312500000001,
            -30.795471940264935
          ]
        ]
      }
    },
    {
      "type": "Feature",
      "properties": {
        "discharge_m3_s": 1939.69,
        "drainage_km2": 115677.55,
        "role": "mouth"
      },
      "geometry": {
        "type": "LineString",
        "coordinates": [
          [
            51.328125,
            -26.927166571694098
          ],
          [
            49.921875,
            -27.697842957328334
          ]
        ]
      }
    },
    {
      "type": "Feature",
      "properties": {
        "discharge_m3_s": 1832.91,
        "drainage_km2": 152055.85,
        "role": "mouth"
      },
      "geometry": {
        "type": "LineString",
        "coordinates": [
          [
            49.921875,
            -25.24304503822627
          ],
          [
            48.51562500000001,
            -25.983061585234783
          ],
          [
            47.109375,
            -26.68672306237826
          ]
        ]
      }
    },
    {
      "type": "Feature",
      "properties": {
        "discharge_m3_s": 6558.04,
        "drainage_km2": 291157.39,
        "role": "mouth"
      },
      "geometry": {
        "type": "LineString",
        "coordinates": [
          [
            54.14062500000001,
            -24.040256009939668
          ],
          [
            52.73437500000001,
            -24.883170189962758
          ],
          [
            52.734375,
            -26.122422970705987
          ],
          [
            52.73437500000001,
            -27.372803097362443
          ],
          [
            51.32812499999999,
            -28.17554591437444
          ],
          [
            49.921875,
            -28.945328523968485
          ]
        ]
      }
    },
    {
      "type": "Feature",
      "properties": {
        "discharge_m3_s": 5289.86,
        "drainage_km2": 144498.05,
        "role": "mouth"
      },
      "geometry": {
        "type": "LineString",
        "coordinates": [
          [
            61.17187499999999,
            -25.74261041580887
          ],
          [
            61.17187499999999,
            -27.048350410069073
          ],
          [
            61.17187499999999,
            -28.36099686048181
          ]
        ]
      }
    },
    {
      "type": "Feature",
      "properties": {
        "discharge_m3_s": 2670.67,
        "drainage_km2": 195859.58,
        "role": "mouth"
      },
      "geometry": {
        "type": "LineString",
        "coordinates": [
          [
            55.546875,
            -23.16249752064372
          ],
          [
            55.546875,
            -24.410877459585226
          ],
          [
            54.14062500000001,
            -25.28363926662692
          ],
          [
            54.140625,
            -26.53704170707418
          ],
          [
            54.140625,
            -27.800899101457567
          ],
          [
            55.54687500000001,
            -29.49822187513246
          ]
        ]
      }
    },
    {
      "type": "Feature",
      "properties": {
        "discharge_m3_s": 3566.17,
        "drainage_km2": 182538.49,
        "role": "mouth"
      },
      "geometry": {
        "type": "LineString",
        "coordinates": [
          [
            58.35937500000001,
            -23.83167425338014
          ],
          [
            58.35937500000001,
            -25.106888079580667
          ],
          [
            58.35937500000001,
            -26.389898926703257
          ],
          [
            58.35937500000001,
            -27.681039945169502
          ],
          [
            58.35937500000001,
            -28.98063520023317
          ]
        ]
      }
    },
    {
      "type": "Feature",
      "properties": {
        "discharge_m3_s": 4558.69,
        "drainage_km2": 247017.59,
        "role": "mouth"
      },
      "geometry": {
        "type": "LineString",
        "coordinates": [
          [
            59.765625,
            -22.86415152662356
          ],
          [
            59.765625,
            -24.144764193977412
          ],
          [
            59.765625,
            -25.432280420357024
          ],
          [
            59.765625,
            -26.727009080447335
          ],
          [
            61.17187499999999,
            -28.36099686048181
          ]
        ]
      }
    },
    {
      "type": "Feature",
      "properties": {
        "discharge_m3_s": 18200.36,
        "drainage_km2": 1028098.73,
        "role": "mouth"
      },
      "geometry": {
        "type": "LineString",
        "coordinates": [
          [
            55.546875,
            -18.25048965857723
          ],
          [
            56.953125,
            -19.764260342406835
          ],
          [
            56.953125,
            -21.00355118233318
          ],
          [
            56.95312500000001,
            -22.250083916708352
          ],
          [
            56.953125,
            -23.504246808624067
          ],
          [
            56.95312500000001,
            -24.7664221323981
          ],
          [
            56.95312500000001,
            -26.03698537855541
          ],
          [
            56.95312500000001,
            -27.316304384608113
          ],
          [
            58.35937500000001,
            -28.98063520023317
          ]
        ]
      }
    },
    {
      "type": "Feature",
      "properties": {
        "discharge_m3_s": 13473.01,
        "drainage_km2": 186355.51,
        "role": "mouth"
      },
      "geometry": {
        "type": "LineString",
        "coordinates": [
          [
            59.765625,
            -17.80430272846531
          ],
          [
            61.17187499999999,
            -18.037548642073983
          ],
          [
            62.57812500000001,
            -18.260042851111596
          ],
          [
            63.984375,
            -18.471724774733552
          ],
          [
            65.390625,
            -17.368343326576955
          ]
        ]
      }
    },
    {
      "type": "Feature",
      "properties": {
        "discharge_m3_s": 83.74,
        "drainage_km2": 129937.46,
        "role": "mouth"
      },
      "geometry": {
        "type": "LineString",
        "coordinates": [
          [
            127.265625,
            -15.31155826893415
          ],
          [
            125.859375,
            -16.765210783900926
          ]
        ]
      }
    },
    {
      "type": "Feature",
      "properties": {
        "discharge_m3_s": 12642.77,
        "drainage_km2": 3073100.22,
        "role": "mouth"
      },
      "geometry": {
        "type": "LineString",
        "coordinates": [
          [
            45.70312500000001,
            -12.775373530717703
          ],
          [
            44.296875,
            -13.832634218207206
          ],
          [
            42.89062499999999,
            -15.234209262365363
          ],
          [
            41.484375,
            -16.67746861912864
          ],
          [
            40.07812500000001,
            -15.876846471532751
          ],
          [
            38.67187499999999,
            -15.034317537358294
          ],
          [
            37.26562499999999,
            -15.31155826893415
          ],
          [
            35.859375,
            -15.579299198909277
          ],
          [
            34.45312500000001,
            -15.837438640087873
          ],
          [
            33.046875,
            -16.08588146480088
          ],
          [
            31.640624999999993,
            -15.093984179116765
          ],
          [
            31.640624999999993,
            -13.86832828125839
          ]
        ]
      }
    },
    {
      "type": "Feature",
      "properties": {
        "discharge_m3_s": 38907.2,
        "drainage_km2": 376846.95,
        "role": "mouth"
      },
      "geometry": {
        "type": "LineString",
        "coordinates": [
          [
            59.765625,
            -15.307264604907406
          ],
          [
            61.17187499999999,
            -16.77217189280741
          ],
          [
            62.57812500000001,
            -16.980999060895158
          ],
          [
            63.984375,
            -17.179743273381224
          ],
          [
            65.390625,
            -17.368343326576955
          ]
        ]
      }
    },
    {
      "type": "Feature",
      "properties": {
        "discharge_m3_s": 18200.36,
        "drainage_km2": 1028098.73,
        "role": "mouth"
      },
      "geometry": {
        "type": "LineString",
        "coordinates": [
          [
            49.92187500000001,
            -12.510907268040715
          ],
          [
            49.92187500000001,
            -13.625891992727608
          ],
          [
            49.921875,
            -14.747685508509518
          ],
          [
            51.32812500000001,
            -16.183160143086894
          ],
          [
            52.73437500000001,
            -17.65428039761661
          ],
          [
            54.140625,
            -19.157979713184172
          ],
          [
            55.546875,
            -20.691033163595094
          ],
          [
            56.95312500000001,
            -22.250083916708352
          ],
          [
            56.953125,
            -23.504246808624067
          ],
          [
            56.95312500000001,
            -24.7664221323981
          ],
          [
            56.95312500000001,
            -26.03698537855541
          ],
          [
            56.95312500000001,
            -27.316304384608113
          ],
          [
            58.35937500000001,
            -28.98063520023317
          ]
        ]
      }
    },
    {
      "type": "Feature",
      "properties": {
        "discharge_m3_s": 18200.36,
        "drainage_km2": 1028098.73,
        "role": "mouth"
      },
      "geometry": {
        "type": "LineString",
        "coordinates": [
          [
            51.328125,
            -12.757232746781648
          ],
          [
            51.32812500000001,
            -13.892518104594151
          ],
          [
            51.328125,
            -15.034317537358291
          ],
          [
            52.73437500000001,
            -16.4793167626397
          ],
          [
            54.140625,
            -17.957948993605182
          ],
          [
            55.546875,
            -19.467109155263806
          ],
          [
            56.953125,
            -21.00355118233318
          ],
          [
            56.95312500000001,
            -22.250083916708352
          ],
          [
            56.953125,
            -23.504246808624067
          ],
          [
            56.95312500000001,
            -24.7664221323981
          ],
          [
            56.95312500000001,
            -26.03698537855541
          ],
          [
            56.95312500000001,
            -27.316304384608113
          ],
          [
            58.35937500000001,
            -28.98063520023317
          ]
        ]
      }
    },
    {
      "type": "Feature",
      "properties": {
        "discharge_m3_s": 27841.72,
        "drainage_km2": 296486.99,
        "role": "mouth"
      },
      "geometry": {
        "type": "LineString",
        "coordinates": [
          [
            47.109375,
            -1.5457660675742364
          ],
          [
            45.70312500000001,
            -0.5032605580907158
          ],
          [
            47.10937500000001,
            -0.5151595137663713
          ],
          [
            48.51562500000001,
            -0.5267481300567584
          ],
          [
            49.921875,
            0.5380194289261487
          ]
        ]
      }
    },
    {
      "type": "Feature",
      "properties": {
        "discharge_m3_s": 1185.89,
        "drainage_km2": 300558.98,
        "role": "mouth"
      },
      "geometry": {
        "type": "LineString",
        "coordinates": [
          [
            -100.546875,
            -29.811455763996797
          ],
          [
            -99.140625,
            -29.916828991728888
          ],
          [
            -97.734375,
            -30.007089592368978
          ],
          [
            -96.328125,
            -30.082264544943676
          ],
          [
            -94.92187500000001,
            -30.142376661313506
          ],
          [
            -93.515625,
            -31.592444466749505
          ]
        ]
      }
    },
    {
      "type": "Feature",
      "properties": {
        "discharge_m3_s": 11453.5,
        "drainage_km2": 4539620.09,
        "role": "mouth"
      },
      "geometry": {
        "type": "LineString",
        "coordinates": [
          [
            -121.64062500000001,
            -22.563916102981334
          ],
          [
            -120.234375,
            -22.86415152662356
          ],
          [
            -118.828125,
            -23.15076324149069
          ],
          [
            -117.42187500000001,
            -24.72790030913971
          ],
          [
            -116.01562499999999,
            -24.997944249547984
          ],
          [
            -114.60937499999999,
            -26.583412831863424
          ],
          [
            -113.20312500000001,
            -28.17686397276145
          ],
          [
            -111.796875,
            -29.775110763691217
          ],
          [
            -111.796875,
            -31.134472518108364
          ],
          [
            -113.203125,
            -32.23483136612071
          ],
          [
            -114.60937499999999,
            -33.31075414656405
          ],
          [
            -114.60937499999999,
            -34.67311271792062
          ],
          [
            -114.60937499999999,
            -36.04145120737393
          ],
          [
            -116.01562499999999,
            -37.095403489948026
          ],
          [
            -117.42187500000001,
            -38.12786364803458
          ]
        ]
      }
    },
    {
      "type": "Feature",
      "properties": {
        "discharge_m3_s": 11453.5,
        "drainage_km2": 4539620.09,
        "role": "mouth"
      },
      "geometry": {
        "type": "LineString",
        "coordinates": [
          [
            -108.984375,
            -24.77439936048595
          ],
          [
            -110.390625,
            -25.934790357620415
          ],
          [
            -111.796875,
            -27.069041732316585
          ],
          [
            -111.796875,
            -28.42001252490979
          ],
          [
            -111.796875,
            -29.775110763691217
          ],
          [
            -111.796875,
            -31.134472518108364
          ],
          [
            -113.203125,
            -32.23483136612071
          ],
          [
            -114.60937499999999,
            -33.31075414656405
          ],
          [
            -114.60937499999999,
            -34.67311271792062
          ],
          [
            -114.60937499999999,
            -36.04145120737393
          ],
          [
            -116.01562499999999,
            -37.095403489948026
          ],
          [
            -117.42187500000001,
            -38.12786364803458
          ]
        ]
      }
    },
    {
      "type": "Feature",
      "properties": {
        "discharge_m3_s": 11453.5,
        "drainage_km2": 4539620.09,
        "role": "mouth"
      },
      "geometry": {
        "type": "LineString",
        "coordinates": [
          [
            -106.17187500000001,
            -25.115188548718056
          ],
          [
            -106.17187500000001,
            -26.487314347192555
          ],
          [
            -107.578125,
            -27.685725826433032
          ],
          [
            -108.984375,
            -28.85987868464739
          ],
          [
            -110.390625,
            -30.009499672133856
          ],
          [
            -110.390625,
            -31.375085921498552
          ],
          [
            -111.796875,
            -32.49822582116459
          ],
          [
            -113.20312500000001,
            -33.597471621078114
          ],
          [
            -114.60937499999999,
            -34.67311271792062
          ],
          [
            -114.60937499999999,
            -36.04145120737393
          ],
          [
            -116.01562499999999,
            -37.095403489948026
          ],
          [
            -117.42187500000001,
            -38.12786364803458
          ]
        ]
      }
    },
    {
      "type": "Feature",
      "properties": {
        "discharge_m3_s": 11453.5,
        "drainage_km2": 4539620.09,
        "role": "mouth"
      },
      "geometry": {
        "type": "LineString",
        "coordinates": [
          [
            -121.64062500000001,
            -21.303264915379106
          ],
          [
            -120.234375,
            -22.86415152662356
          ],
          [
            -118.828125,
            -23.15076324149069
          ],
          [
            -117.42187500000001,
            -24.72790030913971
          ],
          [
            -116.01562499999999,
            -24.997944249547984
          ],
          [
            -114.60937499999999,
            -26.583412831863424
          ],
          [
            -113.20312500000001,
            -28.17686397276145
          ],
          [
            -111.796875,
            -29.775110763691217
          ],
          [
            -111.796875,
            -31.134472518108364
          ],
          [
            -113.203125,
            -32.23483136612071
          ],
          [
            -114.60937499999999,
            -33.31075414656405
          ],
          [
            -114.60937499999999,
            -34.67311271792062
          ],
          [
            -114.60937499999999,
            -36.04145120737393
          ],
          [
            -116.01562499999999,
            -37.095403489948026
          ],
          [
            -117.42187500000001,
            -38.12786364803458
          ]
        ]
      }
    },
    {
      "type": "Feature",
      "properties": {
        "discharge_m3_s": 11453.5,
        "drainage_km2": 4539620.09,
        "role": "mouth"
      },
      "geometry": {
        "type": "LineString",
        "coordinates": [
          [
            -116.01562499999999,
            -22.37320120003621
          ],
          [
            -117.42187500000001,
            -23.423730203151514
          ],
          [
            -116.01562499999999,
            -24.997944249547984
          ],
          [
            -114.60937499999999,
            -26.583412831863424
          ],
          [
            -113.20312500000001,
            -28.17686397276145
          ],
          [
            -111.796875,
            -29.775110763691217
          ],
          [
            -111.796875,
            -31.134472518108364
          ],
          [
            -113.203125,
            -32.23483136612071
          ],
          [
            -114.60937499999999,
            -33.31075414656405
          ],
          [
            -114.60937499999999,
            -34.67311271792062
          ],
          [
            -114.60937499999999,
            -36.04145120737393
          ],
          [
            -116.01562499999999,
            -37.095403489948026
          ],
          [
            -117.42187500000001,
            -38.12786364803458
          ]
        ]
      }
    },
    {
      "type": "Feature",
      "properties": {
        "discharge_m3_s": 11453.5,
        "drainage_km2": 4539620.09,
        "role": "mouth"
      },
      "geometry": {
        "type": "LineString",
        "coordinates": [
          [
            -114.60937499999999,
            -22.60828841380049
          ],
          [
            -116.01562499999999,
            -23.683036618158653
          ],
          [
            -116.01562499999999,
            -24.997944249547984
          ],
          [
            -114.60937499999999,
            -26.583412831863424
          ],
          [
            -113.20312500000001,
            -28.17686397276145
          ],
          [
            -111.796875,
            -29.775110763691217
          ],
          [
            -111.796875,
            -31.134472518108364
          ],
          [
            -113.203125,
            -32.23483136612071
          ],
          [
            -114.60937499999999,
            -33.31075414656405
          ],
          [
            -114.60937499999999,
            -34.67311271792062
          ],
          [
            -114.60937499999999,
            -36.04145120737393
          ],
          [
            -116.01562499999999,
            -37.095403489948026
          ],
          [
            -117.42187500000001,
            -38.12786364803458
          ]
        ]
      }
    },
    {
      "type": "Feature",
      "properties": {
        "discharge_m3_s": 11453.5,
        "drainage_km2": 4539620.09,
        "role": "mouth"
      },
      "geometry": {
        "type": "LineString",
        "coordinates": [
          [
            -117.42187500000001,
            -20.831826733892747
          ],
          [
            -118.828125,
            -21.864091861371964
          ],
          [
            -117.42187500000001,
            -23.423730203151514
          ],
          [
            -116.01562499999999,
            -24.997944249547984
          ],
          [
            -114.60937499999999,
            -26.583412831863424
          ],
          [
            -113.20312500000001,
            -28.17686397276145
          ],
          [
            -111.796875,
            -29.775110763691217
          ],
          [
            -111.796875,
            -31.134472518108364
          ],
          [
            -113.203125,
            -32.23483136612071
          ],
          [
            -114.60937499999999,
            -33.31075414656405
          ],
          [
            -114.60937499999999,
            -34.67311271792062
          ],
          [
            -114.60937499999999,
            -36.04145120737393
          ],
          [
            -116.01562499999999,
            -37.095403489948026
          ],
          [
            -117.42187500000001,
            -38.12786364803458
          ]
        ]
      }
    },
    {
      "type": "Feature",
      "properties": {
        "discharge_m3_s": 11453.5,
        "drainage_km2": 4539620.09,
        "role": "mouth"
      },
      "geometry": {
        "type": "LineString",
        "coordinates": [
          [
            -116.01562499999999,
            -21.06820095472494
          ],
          [
            -117.42187500000001,
            -22.125127159020852
          ],
          [
            -117.42187500000001,
            -23.423730203151514
          ],
          [
            -116.01562499999999,
            -24.997944249547984
          ],
          [
            -114.60937499999999,
            -26.583412831863424
          ],
          [
            -113.20312500000001,
            -28.17686397276145
          ],
          [
            -111.796875,
            -29.775110763691217
          ],
          [
            -111.796875,
            -31.134472518108364
          ],
          [
            -113.203125,
            -32.23483136612071
          ],
          [
            -114.60937499999999,
            -33.31075414656405
          ],
          [
            -114.60937499999999,
            -34.67311271792062
          ],
          [
            -114.60937499999999,
            -36.04145120737393
          ],
          [
            -116.01562499999999,
            -37.095403489948026
          ],
          [
            -117.42187500000001,
            -38.12786364803458
          ]
        ]
      }
    },
    {
      "type": "Feature",
      "properties": {
        "discharge_m3_s": 12123.24,
        "drainage_km2": 395909.17,
        "role": "mouth"
      },
      "geometry": {
        "type": "LineString",
        "coordinates": [
          [
            -100.546875,
            -22.851677824353295
          ],
          [
            -100.546875,
            -24.2418200624851
          ],
          [
            -100.546875,
            -25.632833042744895
          ],
          [
            -100.546875,
            -27.024753730921375
          ],
          [
            -99.140625,
            -28.519870636529262
          ],
          [
            -97.734375,
            -28.607473390308627
          ],
          [
            -96.328125,
            -28.68044485635717
          ],
          [
            -94.92187500000001,
            -28.738801643855986
          ],
          [
            -93.515625,
            -30.18744440555996
          ]
        ]
      }
    },
    {
      "type": "Feature",
      "properties": {
        "discharge_m3_s": 3572.72,
        "drainage_km2": 439941.77,
        "role": "mouth"
      },
      "geometry": {
        "type": "LineString",
        "coordinates": [
          [
            -134.296875,
            -15.972531640595786
          ],
          [
            -134.296875,
            -17.056475999732005
          ],
          [
            -134.296875,
            -18.150635126672093
          ],
          [
            -132.890625,
            -18.55073993528034
          ]
        ]
      }
    },
    {
      "type": "Feature",
      "properties": {
        "discharge_m3_s": 11453.5,
        "drainage_km2": 4539620.09,
        "role": "mouth"
      },
      "geometry": {
        "type": "LineString",
        "coordinates": [
          [
            -117.42187500000001,
            -19.543557747903236
          ],
          [
            -118.828125,
            -20.583199935396905
          ],
          [
            -118.828125,
            -21.864091861371964
          ],
          [
            -117.42187500000001,
            -23.423730203151514
          ],
          [
            -116.01562499999999,
            -24.997944249547984
          ],
          [
            -114.60937499999999,
            -26.583412831863424
          ],
          [
            -113.20312500000001,
            -28.17686397276145
          ],
          [
            -111.796875,
            -29.775110763691217
          ],
          [
            -111.796875,
            -31.134472518108364
          ],
          [
            -113.203125,
            -32.23483136612071
          ],
          [
            -114.60937499999999,
            -33.31075414656405
          ],
          [
            -114.60937499999999,
            -34.67311271792062
          ],
          [
            -114.60937499999999,
            -36.04145120737393
          ],
          [
            -116.01562499999999,
            -37.095403489948026
          ],
          [
            -117.42187500000001,
            -38.12786364803458
          ]
        ]
      }
    },
    {
      "type": "Feature",
      "properties": {
        "discharge_m3_s": 11453.5,
        "drainage_km2": 4539620.09,
        "role": "mouth"
      },
      "geometry": {
        "type": "LineString",
        "coordinates": [
          [
            -108.984375,
            -20.714418538886704
          ],
          [
            -110.390625,
            -21.89048499924298
          ],
          [
            -111.796875,
            -23.039421605821776
          ],
          [
            -113.20312500000001,
            -24.16062718378126
          ],
          [
            -114.60937499999999,
            -25.253644764867918
          ],
          [
            -114.60937499999999,
            -26.583412831863424
          ],
          [
            -113.20312500000001,
            -28.17686397276145
          ],
          [
            -111.796875,
            -29.775110763691217
          ],
          [
            -111.796875,
            -31.134472518108364
          ],
          [
            -113.203125,
            -32.23483136612071
          ],
          [
            -114.60937499999999,
            -33.31075414656405
          ],
          [
            -114.60937499999999,
            -34.67311271792062
          ],
          [
            -114.60937499999999,
            -36.04145120737393
          ],
          [
            -116.01562499999999,
            -37.095403489948026
          ],
          [
            -117.42187500000001,
            -38.12786364803458
          ]
        ]
      }
    },
    {
      "type": "Feature",
      "properties": {
        "discharge_m3_s": 11453.5,
        "drainage_km2": 4539620.09,
        "role": "mouth"
      },
      "geometry": {
        "type": "LineString",
        "coordinates": [
          [
            -117.42187500000001,
            -16.980999060895158
          ],
          [
            -117.42187500000001,
            -18.260042851111596
          ],
          [
            -118.828125,
            -19.307787517027315
          ],
          [
            -118.828125,
            -20.583199935396905
          ],
          [
            -118.828125,
            -21.864091861371964
          ],
          [
            -117.42187500000001,
            -23.423730203151514
          ],
          [
            -116.01562499999999,
            -24.997944249547984
          ],
          [
            -114.60937499999999,
            -26.583412831863424
          ],
          [
            -113.20312500000001,
            -28.17686397276145
          ],
          [
            -111.796875,
            -29.775110763691217
          ],
          [
            -111.796875,
            -31.134472518108364
          ],
          [
            -113.203125,
            -32.23483136612071
          ],
          [
            -114.60937499999999,
            -33.31075414656405
          ],
          [
            -114.60937499999999,
            -34.67311271792062
          ],
          [
            -114.60937499999999,
            -36.04145120737393
          ],
          [
            -116.01562499999999,
            -37.095403489948026
          ],
          [
            -117.42187500000001,
            -38.12786364803458
          ]
        ]
      }
    },
    {
      "type": "Feature",
      "properties": {
        "discharge_m3_s": 7019.54,
        "drainage_km2": 116011.81,
        "role": "mouth"
      },
      "geometry": {
        "type": "LineString",
        "coordinates": [
          [
            -97.734375,
            -18.823879062672834
          ],
          [
            -96.328125,
            -17.477560484937168
          ]
        ]
      }
    },
    {
      "type": "Feature",
      "properties": {
        "discharge_m3_s": 11453.5,
        "drainage_km2": 4539620.09,
        "role": "mouth"
      },
      "geometry": {
        "type": "LineString",
        "coordinates": [
          [
            -132.890625,
            -13.067194173663053
          ],
          [
            -132.890625,
            -11.99502452742233
          ],
          [
            -131.484375,
            -12.25679806395502
          ],
          [
            -130.078125,
            -12.510907268040715
          ],
          [
            -128.671875,
            -12.757232746781648
          ],
          [
            -127.265625,
            -14.15050604552118
          ],
          [
            -125.859375,
            -15.579299198909277
          ],
          [
            -124.45312500000001,
            -17.040744083698694
          ],
          [
            -123.04687500000001,
            -18.53181786915619
          ],
          [
            -121.640625,
            -20.049365374651696
          ],
          [
            -120.234375,
            -21.590125797339276
          ],
          [
            -118.828125,
            -23.15076324149069
          ],
          [
            -117.42187500000001,
            -24.72790030913971
          ],
          [
            -116.01562499999999,
            -24.997944249547984
          ],
          [
            -114.60937499999999,
            -26.583412831863424
          ],
          [
            -113.20312500000001,
            -28.17686397276145
          ],
          [
            -111.796875,
            -29.775110763691217
          ],
          [
            -111.796875,
            -31.134472518108364
          ],
          [
            -113.203125,
            -32.23483136612071
          ],
          [
            -114.60937499999999,
            -33.31075414656405
          ],
          [
            -114.60937499999999,
            -34.67311271792062
          ],
          [
            -114.60937499999999,
            -36.04145120737393
          ],
          [
            -116.01562499999999,
            -37.095403489948026
          ],
          [
            -117.42187500000001,
            -38.12786364803458
          ]
        ]
      }
    },
    {
      "type": "Feature",
      "properties": {
        "discharge_m3_s": 3224.41,
        "drainage_km2": 533587.61,
        "role": "mouth"
      },
      "geometry": {
        "type": "LineString",
        "coordinates": [
          [
            -124.45312500000001,
            -13.448399987056378
          ],
          [
            -123.04687500000001,
            -14.871579750824921
          ],
          [
            -121.64062500000001,
            -16.324538844909906
          ],
          [
            -121.640625,
            -15.093984179116765
          ],
          [
            -120.234375,
            -14.065763052488329
          ]
        ]
      }
    },
    {
      "type": "Feature",
      "properties": {
        "discharge_m3_s": 3224.41,
        "drainage_km2": 533587.61,
        "role": "mouth"
      },
      "geometry": {
        "type": "LineString",
        "coordinates": [
          [
            -121.64062500000001,
            -13.86832828125839
          ],
          [
            -120.234375,
            -14.065763052488329
          ]
        ]
      }
    },
    {
      "type": "Feature",
      "properties": {
        "discharge_m3_s": 38097.78,
        "drainage_km2": 711288.64,
        "role": "mouth"
      },
      "geometry": {
        "type": "LineString",
        "coordinates": [
          [
            -103.359375,
            -15.756272616122034
          ],
          [
            -101.953125,
            -17.219751014545587
          ],
          [
            -100.546875,
            -17.299010479688707
          ],
          [
            -99.140625,
            -18.76026135933841
          ],
          [
            -97.734375,
            -20.220207195466546
          ],
          [
            -96.328125,
            -21.6764129863667
          ],
          [
            -94.92187500000001,
            -23.12657475104511
          ]
        ]
      }
    },
    {
      "type": "Feature",
      "properties": {
        "discharge_m3_s": 10796.12,
        "drainage_km2": 994035.78,
        "role": "mouth"
      },
      "geometry": {
        "type": "LineString",
        "coordinates": [
          [
            -131.484375,
            -11.169358291602911
          ],
          [
            -130.078125,
            -10.299141761988386
          ],
          [
            -130.078125,
            -9.201255899113331
          ],
          [
            -130.078125,
            -8.107968553096956
          ]
        ]
      }
    },
    {
      "type": "Feature",
      "properties": {
        "discharge_m3_s": 10796.12,
        "drainage_km2": 994035.78,
        "role": "mouth"
      },
      "geometry": {
        "type": "LineString",
        "coordinates": [
          [
            -130.078125,
            -11.402175110744665
          ],
          [
            -130.078125,
            -10.299141761988386
          ],
          [
            -130.078125,
            -9.201255899113331
          ],
          [
            -130.078125,
            -8.107968553096956
          ]
        ]
      }
    },
    {
      "type": "Feature",
      "properties": {
        "discharge_m3_s": 11453.5,
        "drainage_km2": 4539620.09,
        "role": "mouth"
      },
      "geometry": {
        "type": "LineString",
        "coordinates": [
          [
            -128.671875,
            -11.62793352517122
          ],
          [
            -127.265625,
            -12.995660963248966
          ],
          [
            -125.859375,
            -14.399746622294638
          ],
          [
            -124.45312500000001,
            -15.837438640087873
          ],
          [
            -123.04687500000001,
            -17.30582562683615
          ],
          [
            -121.640625,
            -18.80185626727112
          ],
          [
            -120.234375,
            -20.32236336442542
          ],
          [
            -120.234375,
            -21.590125797339276
          ],
          [
            -118.828125,
            -23.15076324149069
          ],
          [
            -117.42187500000001,
            -24.72790030913971
          ],
          [
            -116.01562499999999,
            -24.997944249547984
          ],
          [
            -114.60937499999999,
            -26.583412831863424
          ],
          [
            -113.20312500000001,
            -28.17686397276145
          ],
          [
            -111.796875,
            -29.775110763691217
          ],
          [
            -111.796875,
            -31.134472518108364
          ],
          [
            -113.203125,
            -32.23483136612071
          ],
          [
            -114.60937499999999,
            -33.31075414656405
          ],
          [
            -114.60937499999999,
            -34.67311271792062
          ],
          [
            -114.60937499999999,
            -36.04145120737393
          ],
          [
            -116.01562499999999,
            -37.095403489948026
          ],
          [
            -117.42187500000001,
            -38.12786364803458
          ]
        ]
      }
    },
    {
      "type": "Feature",
      "properties": {
        "discharge_m3_s": 11453.5,
        "drainage_km2": 4539620.09,
        "role": "mouth"
      },
      "geometry": {
        "type": "LineString",
        "coordinates": [
          [
            -125.859375,
            -12.057841740076503
          ],
          [
            -125.859375,
            -13.226084111753288
          ],
          [
            -124.45312500000001,
            -14.64013684802463
          ],
          [
            -123.04687500000001,
            -16.08588146480088
          ],
          [
            -121.64062500000001,
            -17.56037113025494
          ],
          [
            -120.234375,
            -19.060534241891578
          ],
          [
            -120.234375,
            -20.32236336442542
          ],
          [
            -120.234375,
            -21.590125797339276
          ],
          [
            -118.828125,
            -23.15076324149069
          ],
          [
            -117.42187500000001,
            -24.72790030913971
          ],
          [
            -116.01562499999999,
            -24.997944249547984
          ],
          [
            -114.60937499999999,
            -26.583412831863424
          ],
          [
            -113.20312500000001,
            -28.17686397276145
          ],
          [
            -111.796875,
            -29.775110763691217
          ],
          [
            -111.796875,
            -31.134472518108364
          ],
          [
            -113.203125,
            -32.23483136612071
          ],
          [
            -114.60937499999999,
            -33.31075414656405
          ],
          [
            -114.60937499999999,
            -34.67311271792062
          ],
          [
            -114.60937499999999,
            -36.04145120737393
          ],
          [
            -116.01562499999999,
            -37.095403489948026
          ],
          [
            -117.42187500000001,
            -38.12786364803458
          ]
        ]
      }
    },
    {
      "type": "Feature",
      "properties": {
        "discharge_m3_s": 3224.41,
        "drainage_km2": 533587.61,
        "role": "mouth"
      },
      "geometry": {
        "type": "LineString",
        "coordinates": [
          [
            -123.04687500000001,
            -12.458266543845186
          ],
          [
            -123.04687500000001,
            -13.66251184865717
          ],
          [
            -123.04687500000001,
            -14.871579750824921
          ],
          [
            -121.64062500000001,
            -16.324538844909906
          ],
          [
            -121.640625,
            -15.093984179116765
          ],
          [
            -120.234375,
            -14.065763052488329
          ]
        ]
      }
    },
    {
      "type": "Feature",
      "properties": {
        "discharge_m3_s": 38097.78,
        "drainage_km2": 711288.64,
        "role": "mouth"
      },
      "geometry": {
        "type": "LineString",
        "coordinates": [
          [
            -104.765625,
            -12.933274819296065
          ],
          [
            -103.359375,
            -14.382856665094527
          ],
          [
            -101.953125,
            -15.838998881007809
          ],
          [
            -100.546875,
            -17.299010479688707
          ],
          [
            -99.140625,
            -18.76026135933841
          ],
          [
            -97.734375,
            -20.220207195466546
          ],
          [
            -96.328125,
            -21.6764129863667
          ],
          [
            -94.92187500000001,
            -23.12657475104511
          ]
        ]
      }
    },
    {
      "type": "Feature",
      "properties": {
        "discharge_m3_s": 46202.81,
        "drainage_km2": 899911.14,
        "role": "mouth"
      },
      "geometry": {
        "type": "LineString",
        "coordinates": [
          [
            -107.578125,
            -10.0647064336311
          ],
          [
            -106.17187500000001,
            -10.138369771703879
          ],
          [
            -106.17187500000001,
            -8.784690136192753
          ],
          [
            -106.17187500000001,
            -7.431820162485775
          ],
          [
            -104.765625,
            -7.481900840795187
          ],
          [
            -104.765625,
            -6.120761014455373
          ],
          [
            -103.359375,
            -6.15821945331951
          ],
          [
            -101.953125,
            -6.191992124823371
          ],
          [
            -100.546875,
            -4.839120556604629
          ]
        ]
      }
    },
    {
      "type": "Feature",
      "properties": {
        "discharge_m3_s": 46202.81,
        "drainage_km2": 899911.14,
        "role": "mouth"
      },
      "geometry": {
        "type": "LineString",
        "coordinates": [
          [
            -107.578125,
            -8.720530635291784
          ],
          [
            -106.17187500000001,
            -8.784690136192753
          ],
          [
            -106.17187500000001,
            -7.431820162485775
          ],
          [
            -104.765625,
            -7.481900840795187
          ],
          [
            -104.765625,
            -6.120761014455373
          ],
          [
            -103.359375,
            -6.15821945331951
          ],
          [
            -101.953125,
            -6.191992124823371
          ],
          [
            -100.546875,
            -4.839120556604629
          ]
        ]
      }
    },
    {
      "type": "Feature",
      "properties": {
        "discharge_m3_s": 46202.81,
        "drainage_km2": 899911.14,
        "role": "mouth"
      },
      "geometry": {
        "type": "LineString",
        "coordinates": [
          [
            -107.578125,
            -7.377300403645419
          ],
          [
            -106.17187500000001,
            -7.431820162485775
          ],
          [
            -104.765625,
            -7.481900840795187
          ],
          [
            -104.765625,
            -6.120761014455373
          ],
          [
            -103.359375,
            -6.15821945331951
          ],
          [
            -101.953125,
            -6.191992124823371
          ],
          [
            -100.546875,
            -4.839120556604629
          ]
        ]
      }
    },
    {
      "type": "Feature",
      "properties": {
        "discharge_m3_s": 10796.12,
        "drainage_km2": 994035.78,
        "role": "mouth"
      },
      "geometry": {
        "type": "LineString",
        "coordinates": [
          [
            -134.296875,
            -4.538226548524
          ],
          [
            -132.890625,
            -5.68258926773919
          ],
          [
            -131.484375,
            -6.87310630737049
          ],
          [
            -130.078125,
            -8.107968553096956
          ]
        ]
      }
    },
    {
      "type": "Feature",
      "properties": {
        "discharge_m3_s": 108396.16,
        "drainage_km2": 1635339.02,
        "role": "mouth"
      },
      "geometry": {
        "type": "LineString",
        "coordinates": [
          [
            -117.42187500000001,
            -5.621934419899613
          ],
          [
            -116.01562500000001,
            -5.691368423206242
          ],
          [
            -117.42187500000001,
            -4.371129292061819
          ],
          [
            -116.01562499999999,
            -4.425255211312163
          ],
          [
            -117.42187500000001,
            -3.1214384474366446
          ],
          [
            -116.01562499999999,
            -3.1601649793010615
          ],
          [
            -117.42187500000001,
            -1.8725442236873526
          ],
          [
            -118.828125,
            -0.6159939743568233
          ],
          [
            -120.234375,
            0.6074886464851413
          ],
          [
            -118.828125,
            0.6159939743568233
          ],
          [
            -120.234375,
            1.8226514959972535
          ],
          [
            -118.828125,
            1.8481544539294943
          ],
          [
            -118.828125,
            3.0808324000470084
          ],
          [
            -118.828125,
            4.314372369025418
          ],
          [
            -118.828125,
            5.549118280655495
          ]
        ]
      }
    },
    {
      "type": "Feature",
      "properties": {
        "discharge_m3_s": 8430.49,
        "drainage_km2": 224081.95,
        "role": "mouth"
      },
      "geometry": {
        "type": "LineString",
        "coordinates": [
          [
            -113.203125,
            -1.9388917299506445
          ],
          [
            -114.60937499999999,
            -0.6392643029425213
          ],
          [
            -116.01562499999999,
            0.6318865860448523
          ],
          [
            -117.42187500000001,
            1.8725442236873526
          ],
          [
            -117.42187500000001,
            3.1214384474366446
          ],
          [
            -116.01562499999999,
            4.425255211312163
          ]
        ]
      }
    },
    {
      "type": "Feature",
      "properties": {
        "discharge_m3_s": 108396.16,
        "drainage_km2": 1635339.02,
        "role": "mouth"
      },
      "geometry": {
        "type": "LineString",
        "coordinates": [
          [
            -127.265625,
            -0.5595831226848934
          ],
          [
            -128.671875,
            0.5489666236092344
          ],
          [
            -127.265625,
            0.5595831226848934
          ],
          [
            -125.859375,
            0.5698625340316603
          ],
          [
            -124.45312500000001,
            0.5797986686625975
          ],
          [
            -123.04687500000001,
            0.5893855444373464
          ],
          [
            -121.64062500000001,
            0.5986173896492011
          ],
          [
            -120.234375,
            0.6074886464851413
          ],
          [
            -118.828125,
            0.6159939743568233
          ],
          [
            -120.234375,
            1.8226514959972535
          ],
          [
            -118.828125,
            1.8481544539294943
          ],
          [
            -118.828125,
            3.0808324000470084
          ],
          [
            -118.828125,
            4.314372369025418
          ],
          [
            -118.828125,
            5.549118280655495
          ]
        ]
      }
    },
    {
      "type": "Feature",
      "properties": {
        "discharge_m3_s": 108396.16,
        "drainage_km2": 1635339.02,
        "role": "mouth"
      },
      "geometry": {
        "type": "LineString",
        "coordinates": [
          [
            -121.64062500000001,
            -0.5986173896492011
          ],
          [
            -120.234375,
            -0.6074886464851413
          ],
          [
            -118.828125,
            -0.6159939743568233
          ],
          [
            -120.234375,
            0.6074886464851413
          ],
          [
            -118.828125,
            0.6159939743568233
          ],
          [
            -120.234375,
            1.8226514959972535
          ],
          [
            -118.828125,
            1.8481544539294943
          ],
          [
            -118.828125,
            3.0808324000470084
          ],
          [
            -118.828125,
            4.314372369025418
          ],
          [
            -118.828125,
            5.549118280655495
          ]
        ]
      }
    },
    {
      "type": "Feature",
      "properties": {
        "discharge_m3_s": 75986.58,
        "drainage_km2": 849250.86,
        "role": "mouth"
      },
      "geometry": {
        "type": "LineString",
        "coordinates": [
          [
            -128.671875,
            2.746124456457268
          ],
          [
            -130.078125,
            3.7698989651003174
          ],
          [
            -128.671875,
            3.846382556593785
          ],
          [
            -128.671875,
            4.948449853240042
          ],
          [
            -127.265625,
            5.04366525545523
          ],
          [
            -127.265625,
            6.169014026355201
          ],
          [
            -125.859375,
            6.281446935919767
          ],
          [
            -124.45312500000001,
            6.390079439596185
          ],
          [
            -123.04687500000001,
            7.681216759615104
          ],
          [
            -121.64062500000001,
            6.595699984357181
          ]
        ]
      }
    },
    {
      "type": "Feature",
      "properties": {
        "discharge_m3_s": 1135.85,
        "drainage_km2": 141202.68,
        "role": "mouth"
      },
      "geometry": {
        "type": "LineString",
        "coordinates": [
          [
            -92.109375,
            13.350646716051276
          ],
          [
            -93.515625,
            11.931275829428913
          ],
          [
            -94.92187500000001,
            10.508852479473568
          ]
        ]
      }
    },
    {
      "type": "Feature",
      "properties": {
        "discharge_m3_s": 7653.26,
        "drainage_km2": 186643.93,
        "role": "mouth"
      },
      "geometry": {
        "type": "LineString",
        "coordinates": [
          [
            -130.078125,
            11.402175110744665
          ],
          [
            -128.671875,
            12.757232746781641
          ],
          [
            -127.265625,
            12.99566096324896
          ]
        ]
      }
    },
    {
      "type": "Feature",
      "properties": {
        "discharge_m3_s": 1619.29,
        "drainage_km2": 138801.56,
        "role": "mouth"
      },
      "geometry": {
        "type": "LineString",
        "coordinates": [
          [
            -86.484375,
            14.739048579426544
          ],
          [
            -85.078125,
            13.311870570759108
          ]
        ]
      }
    },
    {
      "type": "Feature",
      "properties": {
        "discharge_m3_s": 2371.41,
        "drainage_km2": 116041.57,
        "role": "mouth"
      },
      "geometry": {
        "type": "LineString",
        "coordinates": [
          [
            -85.078125,
            14.713544805973491
          ],
          [
            -85.078125,
            13.311870570759108
          ]
        ]
      }
    },
    {
      "type": "Feature",
      "properties": {
        "discharge_m3_s": 5040.42,
        "drainage_km2": 229555.66,
        "role": "mouth"
      },
      "geometry": {
        "type": "LineString",
        "coordinates": [
          [
            -83.67187500000001,
            16.078445776712023
          ],
          [
            -83.67187500000001,
            14.679554411664174
          ],
          [
            -85.078125,
            13.311870570759108
          ]
        ]
      }
    },
    {
      "type": "Feature",
      "properties": {
        "discharge_m3_s": 1242.6,
        "drainage_km2": 503290.36,
        "role": "mouth"
      },
      "geometry": {
        "type": "LineString",
        "coordinates": [
          [
            -87.890625,
            17.566946575783106
          ],
          [
            -87.890625,
            16.161488945764646
          ],
          [
            -87.890625,
            14.75605631519241
          ],
          [
            -89.296875,
            13.358405124480003
          ],
          [
            -87.890625,
            11.945258125037375
          ]
        ]
      }
    },
    {
      "type": "Feature",
      "properties": {
        "discharge_m3_s": 182.58,
        "drainage_km2": 129737.77,
        "role": "mouth"
      },
      "geometry": {
        "type": "LineString",
        "coordinates": [
          [
            -104.765625,
            22.514450538780423
          ],
          [
            -106.17187500000001,
            21.01098561272171
          ]
        ]
      }
    },
    {
      "type": "Feature",
      "properties": {
        "discharge_m3_s": 583.99,
        "drainage_km2": 148467.28,
        "role": "mouth"
      },
      "geometry": {
        "type": "LineString",
        "coordinates": [
          [
            -104.765625,
            25.2650806782536
          ],
          [
            -106.17187500000001,
            23.74515148681056
          ],
          [
            -107.578125,
            22.227332535510154
          ]
        ]
      }
    },
    {
      "type": "Feature",
      "properties": {
        "discharge_m3_s": 441.85,
        "drainage_km2": 171018.37,
        "role": "mouth"
      },
      "geometry": {
        "type": "LineString",
        "coordinates": [
          [
            -103.359375,
            25.401313750436355
          ],
          [
            -104.765625,
            23.888926166662127
          ],
          [
            -106.17187500000001,
            22.37711468440898
          ],
          [
            -107.578125,
            20.868592480822382
          ]
        ]
      }
    },
    {
      "type": "Feature",
      "properties": {
        "discharge_m3_s": 152.43,
        "drainage_km2": 124165.8,
        "role": "mouth"
      },
      "geometry": {
        "type": "LineString",
        "coordinates": [
          [
            -110.390625,
            25.93479035762041
          ],
          [
            -111.796875,
            24.378900548013444
          ]
        ]
      }
    },
    {
      "type": "Feature",
      "properties": {
        "discharge_m3_s": 1088.35,
        "drainage_km2": 1102561.2,
        "role": "mouth"
      },
      "geometry": {
        "type": "LineString",
        "coordinates": [
          [
            -85.078125,
            28.738801643855986
          ],
          [
            -86.484375,
            30.18744440555996
          ],
          [
            -86.484375,
            31.592444466749505
          ],
          [
            -85.078125,
            32.95019572595717
          ]
        ]
      }
    },
    {
      "type": "Feature",
      "properties": {
        "discharge_m3_s": 1088.35,
        "drainage_km2": 1102561.2,
        "role": "mouth"
      },
      "geometry": {
        "type": "LineString",
        "coordinates": [
          [
            -89.296875,
            30.23249807044744
          ],
          [
            -87.890625,
            30.217481750465986
          ],
          [
            -86.484375,
            30.18744440555996
          ],
          [
            -86.484375,
            31.592444466749505
          ],
          [
            -85.078125,
            32.95019572595717
          ]
        ]
      }
    },
    {
      "type": "Feature",
      "properties": {
        "discharge_m3_s": 113.98,
        "drainage_km2": 170823.37,
        "role": "mouth"
      },
      "geometry": {
        "type": "LineString",
        "coordinates": [
          [
            -83.67187500000001,
            30.082264544943676
          ],
          [
            -85.078125,
            31.546172705367667
          ],
          [
            -85.078125,
            32.95019572595717
          ]
        ]
      }
    },
    {
      "type": "Feature",
      "properties": {
        "discharge_m3_s": 508.47,
        "drainage_km2": 226706.15,
        "role": "mouth"
      },
      "geometry": {
        "type": "LineString",
        "coordinates": [
          [
            -100.546875,
            31.20630045143519
          ],
          [
            -101.953125,
            29.69093898147729
          ],
          [
            -103.359375,
            28.169065727464268
          ],
          [
            -104.765625,
            26.642987474389983
          ],
          [
            -106.17187500000001,
            25.115188548718056
          ],
          [
            -107.578125,
            23.588308571062907
          ],
          [
            -108.98437500000001,
            22.065117395320517
          ]
        ]
      }
    },
    {
      "type": "Feature",
      "properties": {
        "discharge_m3_s": 3376.48,
        "drainage_km2": 116017.76,
        "role": "mouth"
      },
      "geometry": {
        "type": "LineString",
        "coordinates": [
          [
            -116.01562499999999,
            31.65632071395398
          ],
          [
            -117.42187500000001,
            30.00527011644599
          ]
        ]
      }
    },
    {
      "type": "Feature",
      "properties": {
        "discharge_m3_s": 425.33,
        "drainage_km2": 241809.29,
        "role": "mouth"
      },
      "geometry": {
        "type": "LineString",
        "coordinates": [
          [
            -99.140625,
            34.112332764858614
          ],
          [
            -100.546875,
            32.60217936855792
          ],
          [
            -101.953125,
            31.082475496034466
          ],
          [
            -103.359375,
            29.555244025117883
          ],
          [
            -104.765625,
            28.022716263312173
          ],
          [
            -106.17187500000001,
            26.487314347192548
          ],
          [
            -107.578125,
            24.951630232194628
          ],
          [
            -108.984375,
            23.418401580847952
          ]
        ]
      }
    },
    {
      "type": "Feature",
      "properties": {
        "discharge_m3_s": 486.2,
        "drainage_km2": 276985.11,
        "role": "mouth"
      },
      "geometry": {
        "type": "LineString",
        "coordinates": [
          [
            -99.140625,
            35.51244085754607
          ],
          [
            -100.546875,
            33.999118402662084
          ],
          [
            -101.953125,
            32.47533660521545
          ],
          [
            -103.359375,
            30.943025020532247
          ],
          [
            -104.765625,
            29.404332881693644
          ],
          [
            -106.17187500000001,
            27.861613086776003
          ],
          [
            -107.578125,
            26.31740257928538
          ],
          [
            -108.984375,
            24.77439936048595
          ],
          [
            -110.390625,
            23.235436522247234
          ]
        ]
      }
    },
    {
      "type": "Feature",
      "properties": {
        "discharge_m3_s": 622.37,
        "drainage_km2": 211290.92,
        "role": "mouth"
      },
      "geometry": {
        "type": "LineString",
        "coordinates": [
          [
            -69.609375,
            34.11795174389855
          ],
          [
            -68.203125,
            32.49822582116459
          ],
          [
            -69.60937500000001,
            31.375085921498552
          ]
        ]
      }
    },
    {
      "type": "Feature",
      "properties": {
        "discharge_m3_s": 5560.99,
        "drainage_km2": 131206.79,
        "role": "mouth"
      },
      "geometry": {
        "type": "LineString",
        "coordinates": [
          [
            -120.234375,
            33.319005174525195
          ],
          [
            -121.64062500000001,
            31.606433456618163
          ]
        ]
      }
    },
    {
      "type": "Feature",
      "properties": {
        "discharge_m3_s": 5089.73,
        "drainage_km2": 150506.5,
        "role": "mouth"
      },
      "geometry": {
        "type": "LineString",
        "coordinates": [
          [
            -117.42187500000001,
            34.03347722245971
          ],
          [
            -118.828125,
            32.342923616520984
          ],
          [
            -120.234375,
            30.65742556200535
          ]
        ]
      }
    },
    {
      "type": "Feature",
      "properties": {
        "discharge_m3_s": 4578.26,
        "drainage_km2": 170119.74,
        "role": "mouth"
      },
      "geometry": {
        "type": "LineString",
        "coordinates": [
          [
            -114.60937499999999,
            34.67311271792062
          ],
          [
            -116.01562499999999,
            33.006191233400884
          ],
          [
            -117.42187500000001,
            31.34096286598441
          ],
          [
            -118.828125,
            29.6808098253718
          ]
        ]
      }
    },
    {
      "type": "Feature",
      "properties": {
        "discharge_m3_s": 2406.15,
        "drainage_km2": 1863455.55,
        "role": "mouth"
      },
      "geometry": {
        "type": "LineString",
        "coordinates": [
          [
            -100.546875,
            38.19651800986195
          ],
          [
            -101.953125,
            36.662189285835765
          ],
          [
            -103.359375,
            35.11643050315402
          ],
          [
            -104.765625,
            33.56110637817428
          ],
          [
            -104.765625,
            32.173472553778566
          ],
          [
            -104.765625,
            30.78789912015474
          ],
          [
            -106.17187500000001,
            29.23816448203862
          ],
          [
            -107.578125,
            27.685725826433032
          ],
          [
            -108.98437500000001,
            26.13323390638923
          ],
          [
            -110.390625,
            24.583490698489392
          ]
        ]
      }
    },
    {
      "type": "Feature",
      "properties": {
        "discharge_m3_s": 2406.15,
        "drainage_km2": 1863455.55,
        "role": "mouth"
      },
      "geometry": {
        "type": "LineString",
        "coordinates": [
          [
            -99.140625,
            38.315162641883894
          ],
          [
            -100.546875,
            36.796268078495366
          ],
          [
            -101.953125,
            35.26516444917908
          ],
          [
            -103.359375,
            33.72357734711242
          ],
          [
            -104.765625,
            32.173472553778566
          ],
          [
            -104.765625,
            30.78789912015474
          ],
          [
            -106.17187500000001,
            29.23816448203862
          ],
          [
            -107.578125,
            27.685725826433032
          ],
          [
            -108.98437500000001,
            26.13323390638923
          ],
          [
            -110.390625,
            24.583490698489392
          ]
        ]
      }
    },
    {
      "type": "Feature",
      "properties": {
        "discharge_m3_s": 2406.15,
        "drainage_km2": 1863455.55,
        "role": "mouth"
      },
      "geometry": {
        "type": "LineString",
        "coordinates": [
          [
            -97.734375,
            38.41668244288364
          ],
          [
            -99.140625,
            36.91337965874747
          ],
          [
            -100.546875,
            35.39714099571122
          ],
          [
            -101.953125,
            33.869556042451535
          ],
          [
            -103.359375,
            32.332455191604
          ],
          [
            -104.765625,
            30.78789912015474
          ],
          [
            -106.17187500000001,
            29.23816448203862
          ],
          [
            -107.578125,
            27.685725826433032
          ],
          [
            -108.98437500000001,
            26.13323390638923
          ],
          [
            -110.390625,
            24.583490698489392
          ]
        ]
      }
    },
    {
      "type": "Feature",
      "properties": {
        "discharge_m3_s": 10980.05,
        "drainage_km2": 411490.13,
        "role": "mouth"
      },
      "geometry": {
        "type": "LineString",
        "coordinates": [
          [
            -72.421875,
            37.342695489540596
          ],
          [
            -73.828125,
            37.54862412257552
          ],
          [
            -75.234375,
            37.73683319360119
          ],
          [
            -76.640625,
            36.51104976592646
          ]
        ]
      }
    },
    {
      "type": "Feature",
      "properties": {
        "discharge_m3_s": 2406.15,
        "drainage_km2": 1863455.55,
        "role": "mouth"
      },
      "geometry": {
        "type": "LineString",
        "coordinates": [
          [
            -107.578125,
            38.734367966510604
          ],
          [
            -107.578125,
            37.342695489540596
          ],
          [
            -106.17187500000001,
            36.1571605037103
          ],
          [
            -104.765625,
            34.95084925166343
          ],
          [
            -104.765625,
            33.56110637817428
          ],
          [
            -104.765625,
            32.173472553778566
          ],
          [
            -104.765625,
            30.78789912015474
          ],
          [
            -106.17187500000001,
            29.23816448203862
          ],
          [
            -107.578125,
            27.685725826433032
          ],
          [
            -108.98437500000001,
            26.13323390638923
          ],
          [
            -110.390625,
            24.583490698489392
          ]
        ]
      }
    },
    {
      "type": "Feature",
      "properties": {
        "discharge_m3_s": 2406.15,
        "drainage_km2": 1863455.55,
        "role": "mouth"
      },
      "geometry": {
        "type": "LineString",
        "coordinates": [
          [
            -101.953125,
            39.46058169418834
          ],
          [
            -103.359375,
            37.907466221334424
          ],
          [
            -104.765625,
            36.342745144192484
          ],
          [
            -104.765625,
            34.95084925166343
          ],
          [
            -104.765625,
            33.56110637817428
          ],
          [
            -104.765625,
            32.173472553778566
          ],
          [
            -104.765625,
            30.78789912015474
          ],
          [
            -106.17187500000001,
            29.23816448203862
          ],
          [
            -107.578125,
            27.685725826433032
          ],
          [
            -108.98437500000001,
            26.13323390638923
          ],
          [
            -110.390625,
            24.583490698489392
          ]
        ]
      }
    },
    {
      "type": "Feature",
      "properties": {
        "discharge_m3_s": 2406.15,
        "drainage_km2": 1863455.55,
        "role": "mouth"
      },
      "geometry": {
        "type": "LineString",
        "coordinates": [
          [
            -99.140625,
            41.12130506072594
          ],
          [
            -100.546875,
            39.59790652125546
          ],
          [
            -101.953125,
            38.06065474888131
          ],
          [
            -103.359375,
            36.51104976592646
          ],
          [
            -104.765625,
            34.95084925166343
          ],
          [
            -104.765625,
            33.56110637817428
          ],
          [
            -104.765625,
            32.173472553778566
          ],
          [
            -104.765625,
            30.78789912015474
          ],
          [
            -106.17187500000001,
            29.23816448203862
          ],
          [
            -107.578125,
            27.685725826433032
          ],
          [
            -108.98437500000001,
            26.13323390638923
          ],
          [
            -110.390625,
            24.583490698489392
          ]
        ]
      }
    },
    {
      "type": "Feature",
      "properties": {
        "discharge_m3_s": 48.46,
        "drainage_km2": 271866.88,
        "role": "mouth"
      },
      "geometry": {
        "type": "LineString",
        "coordinates": [
          [
            -78.046875,
            43.669288455611515
          ],
          [
            -79.453125,
            42.404148779162306
          ],
          [
            -80.859375,
            41.12130506072594
          ]
        ]
      }
    },
    {
      "type": "Feature",
      "properties": {
        "discharge_m3_s": 707.32,
        "drainage_km2": 132667.74,
        "role": "mouth"
      },
      "geometry": {
        "type": "LineString",
        "coordinates": [
          [
            -55.546875,
            38.81998866678404
          ],
          [
            -55.546875,
            37.45226907439324
          ]
        ]
      }
    },
    {
      "type": "Feature",
      "properties": {
        "discharge_m3_s": 23760.45,
        "drainage_km2": 1930709.48,
        "role": "mouth"
      },
      "geometry": {
        "type": "LineString",
        "coordinates": [
          [
            -58.09983101883604,
            43.8342487675471
          ],
          [
            -57.8961681640074,
            42.36083264489647
          ],
          [
            -57.72783583902063,
            40.90999146817201
          ],
          [
            -58.35937500000001,
            39.71682214136856
          ],
          [
            -58.35937500000001,
            38.33936242147962
          ],
          [
            -56.95312500000001,
            36.545515389310296
          ]
        ]
      }
    },
    {
      "type": "Feature",
      "properties": {
        "discharge_m3_s": 23760.45,
        "drainage_km2": 1930709.48,
        "role": "mouth"
      },
      "geometry": {
        "type": "LineString",
        "coordinates": [
          [
            -58.95188832507747,
            48.392384564230795
          ],
          [
            -60.217710555786205,
            47.31951571082545
          ],
          [
            -59.88406567485378,
            45.791879970435005
          ],
          [
            -59.597340712684186,
            44.28663051788243
          ],
          [
            -59.353728088601024,
            42.80369294644687
          ],
          [
            -59.150114639059744,
            41.34286002034289
          ],
          [
            -58.35937500000001,
            39.71682214136856
          ],
          [
            -58.35937500000001,
            38.33936242147962
          ],
          [
            -56.95312500000001,
            36.545515389310296
          ]
        ]
      }
    },
    {
      "type": "Feature",
      "properties": {
        "discharge_m3_s": 23760.45,
        "drainage_km2": 1930709.48,
        "role": "mouth"
      },
      "geometry": {
        "type": "LineString",
        "coordinates": [
          [
            -61.82649320580485,
            47.763273412142965
          ],
          [
            -61.43815335221071,
            46.22838993706744
          ],
          [
            -61.10278404764305,
            44.71506774483501
          ],
          [
            -59.597340712684186,
            44.28663051788243
          ],
          [
            -59.353728088601024,
            42.80369294644687
          ],
          [
            -59.150114639059744,
            41.34286002034289
          ],
          [
            -58.35937500000001,
            39.71682214136856
          ],
          [
            -58.35937500000001,
            38.33936242147962
          ],
          [
            -56.95312500000001,
            36.545515389310296
          ]
        ]
      }
    },
    {
      "type": "Feature",
      "properties": {
        "discharge_m3_s": 23760.45,
        "drainage_km2": 1930709.48,
        "role": "mouth"
      },
      "geometry": {
        "type": "LineString",
        "coordinates": [
          [
            -63.4501005207395,
            48.181156940599436
          ],
          [
            -63.003394582843256,
            46.64016898163651
          ],
          [
            -61.43815335221071,
            46.22838993706744
          ],
          [
            -61.10278404764305,
            44.71506774483501
          ],
          [
            -59.597340712684186,
            44.28663051788243
          ],
          [
            -59.353728088601024,
            42.80369294644687
          ],
          [
            -59.150114639059744,
            41.34286002034289
          ],
          [
            -58.35937500000001,
            39.71682214136856
          ],
          [
            -58.35937500000001,
            38.33936242147962
          ],
          [
            -56.95312500000001,
            36.545515389310296
          ]
        ]
      }
    },
    {
      "type": "Feature",
      "properties": {
        "discharge_m3_s": 23760.45,
        "drainage_km2": 1930709.48,
        "role": "mouth"
      },
      "geometry": {
        "type": "LineString",
        "coordinates": [
          [
            -66.16595493231407,
            47.38988825573088
          ],
          [
            -64.57945463732888,
            47.02730729924538
          ],
          [
            -63.003394582843256,
            46.64016898163651
          ],
          [
            -61.43815335221071,
            46.22838993706744
          ],
          [
            -61.10278404764305,
            44.71506774483501
          ],
          [
            -59.597340712684186,
            44.28663051788243
          ],
          [
            -59.353728088601024,
            42.80369294644687
          ],
          [
            -59.150114639059744,
            41.34286002034289
          ],
          [
            -58.35937500000001,
            39.71682214136856
          ],
          [
            -58.35937500000001,
            38.33936242147962
          ],
          [
            -56.95312500000001,
            36.545515389310296
          ]
        ]
      }
    },
    {
      "type": "Feature",
      "properties": {
        "discharge_m3_s": 23760.45,
        "drainage_km2": 1930709.48,
        "role": "mouth"
      },
      "geometry": {
        "type": "LineString",
        "coordinates": [
          [
            -65.0880781557656,
            48.57314437032625
          ],
          [
            -64.57945463732888,
            47.02730729924538
          ],
          [
            -63.003394582843256,
            46.64016898163651
          ],
          [
            -61.43815335221071,
            46.22838993706744
          ],
          [
            -61.10278404764305,
            44.71506774483501
          ],
          [
            -59.597340712684186,
            44.28663051788243
          ],
          [
            -59.353728088601024,
            42.80369294644687
          ],
          [
            -59.150114639059744,
            41.34286002034289
          ],
          [
            -58.35937500000001,
            39.71682214136856
          ],
          [
            -58.35937500000001,
            38.33936242147962
          ],
          [
            -56.95312500000001,
            36.545515389310296
          ]
        ]
      }
    },
    {
      "type": "Feature",
      "properties": {
        "discharge_m3_s": 63.47,
        "drainage_km2": 203454.48,
        "role": "mouth"
      },
      "geometry": {
        "type": "LineString",
        "coordinates": [
          [
            -71.16920188465893,
            45.5353384748411
          ],
          [
            -72.01289277967483,
            44.26776671650081
          ],
          [
            -73.828125,
            43.14148990041424
          ],
          [
            -75.234375,
            41.93256639114352
          ],
          [
            -76.640625,
            40.70579434147264
          ]
        ]
      }
    },
    {
      "type": "Feature",
      "properties": {
        "discharge_m3_s": 33.31,
        "drainage_km2": 183717.18,
        "role": "mouth"
      },
      "geometry": {
        "type": "LineString",
        "coordinates": [
          [
            -73.44800013384743,
            44.49080143987884
          ],
          [
            -75.234375,
            43.335713241093245
          ],
          [
            -76.640625,
            42.10774718821986
          ],
          [
            -78.046875,
            40.861987567149406
          ]
        ]
      }
    },
    {
      "type": "Feature",
      "properties": {
        "discharge_m3_s": 2565.61,
        "drainage_km2": 934219.62,
        "role": "mouth"
      },
      "geometry": {
        "type": "LineString",
        "coordinates": [
          [
            -70.90678891922192,
            54.01971454946697
          ],
          [
            -72.8514332705154,
            54.32177617192413
          ],
          [
            -74.81692548755731,
            54.59130191984641
          ],
          [
            -74.02953969172762,
            55.91421743870853
          ],
          [
            -76.8013109317244,
            54.827948415938295
          ],
          [
            -79.35803034379671,
            53.66742489011092
          ],
          [
            -81.27722296399621,
            53.82359278135204
          ],
          [
            -83.20576356274687,
            53.94871223197169
          ],
          [
            -84.88296557410429,
            55.44006260916572
          ]
        ]
      }
    },
    {
      "type": "Feature",
      "properties": {
        "discharge_m3_s": 2565.61,
        "drainage_km2": 934219.62,
        "role": "mouth"
      },
      "geometry": {
        "type": "LineString",
        "coordinates": [
          [
            -77.45009551391337,
            53.48035800428153
          ],
          [
            -76.8013109317244,
            54.827948415938295
          ],
          [
            -79.35803034379671,
            53.66742489011092
          ],
          [
            -81.27722296399621,
            53.82359278135204
          ],
          [
            -83.20576356274687,
            53.94871223197169
          ],
          [
            -84.88296557410429,
            55.44006260916572
          ]
        ]
      }
    },
    {
      "type": "Feature",
      "properties": {
        "discharge_m3_s": 8384.09,
        "drainage_km2": 120389.48,
        "role": "mouth"
      },
      "geometry": {
        "type": "LineString",
        "coordinates": [
          [
            -45.0,
            77.18068908853951
          ],
          [
            -45.0,
            75.24850568559248
          ]
        ]
      }
    },
    {
      "type": "Feature",
      "properties": {
        "discharge_m3_s": 11180.2,
        "drainage_km2": 142748.52,
        "role": "mouth"
      },
      "geometry": {
        "type": "LineString",
        "coordinates": [
          [
            -53.89044813218747,
            77.02229431039203
          ],
          [
            -52.76377161757057,
            75.10919700024581
          ],
          [
            -51.903913775223685,
            73.20787141047316
          ]
        ]
      }
    },
    {
      "type": "Feature",
      "properties": {
        "discharge_m3_s": 10183.11,
        "drainage_km2": 143802.43,
        "role": "mouth"
      },
      "geometry": {
        "type": "LineString",
        "coordinates": [
          [
            -49.83240502416654,
            78.10952044280687
          ],
          [
            -49.16643443665748,
            76.17546083735691
          ],
          [
            -48.669314813698264,
            74.2554464377838
          ]
        ]
      }
    },
    {
      "type": "Feature",
      "properties": {
        "discharge_m3_s": 11892.34,
        "drainage_km2": 245152.99,
        "role": "mouth"
      },
      "geometry": {
        "type": "LineString",
        "coordinates": [
          [
            -77.19876318110813,
            63.41154852584513
          ],
          [
            -73.48384143888363,
            64.46406379200258
          ],
          [
            -71.75424138353672,
            62.8009904154507
          ]
        ]
      }
    },
    {
      "type": "Feature",
      "properties": {
        "discharge_m3_s": 2565.61,
        "drainage_km2": 934219.62,
        "role": "mouth"
      },
      "geometry": {
        "type": "LineString",
        "coordinates": [
          [
            -83.98251989223566,
            59.62771389839532
          ],
          [
            -82.04412612207543,
            58.1113511547877
          ],
          [
            -82.45970507907509,
            56.72527061497755
          ],
          [
            -84.88296557410429,
            55.44006260916572
          ]
        ]
      }
    },
    {
      "type": "Feature",
      "properties": {
        "discharge_m3_s": 2565.61,
        "drainage_km2": 934219.62,
        "role": "mouth"
      },
      "geometry": {
        "type": "LineString",
        "coordinates": [
          [
            -87.22851094106886,
            52.70205606981651
          ],
          [
            -85.14166173658579,
            54.04266107040119
          ],
          [
            -84.88296557410429,
            55.44006260916572
          ]
        ]
      }
    },
    {
      "type": "Feature",
      "properties": {
        "discharge_m3_s": 2565.61,
        "drainage_km2": 934219.62,
        "role": "mouth"
      },
      "geometry": {
        "type": "LineString",
        "coordinates": [
          [
            -85.68435847909736,
            63.920192694410304
          ],
          [
            -83.24693368542135,
            62.41473376938588
          ],
          [
            -81.10757581929259,
            60.87825311524529
          ],
          [
            -79.22660456727867,
            59.3204319099664
          ],
          [
            -79.7973624368836,
            57.95006368007751
          ],
          [
            -82.45970507907509,
            56.72527061497755
          ],
          [
            -84.88296557410429,
            55.44006260916572
          ]
        ]
      }
    },
    {
      "type": "Feature",
      "properties": {
        "discharge_m3_s": 22933.78,
        "drainage_km2": 2541330.21,
        "role": "mouth"
      },
      "geometry": {
        "type": "LineString",
        "coordinates": [
          [
            -78.80992670883197,
            79.2534468692634
          ],
          [
            -77.1064796166016,
            80.62709015505075
          ],
          [
            -85.63831244814635,
            80.83327540737501
          ],
          [
            -84.8367320699041,
            82.23449706593739
          ],
          [
            -83.6850861376712,
            83.63356004752056
          ],
          [
            -96.3149138623288,
            83.63356004752056
          ],
          [
            -113.15687888315878,
            84.64923164423014
          ],
          [
            -125.5049501898272,
            83.96149713576682
          ],
          [
            -135.0,
            83.056438663066
          ],
          [
            -144.49504981017282,
            83.96149713576682
          ],
          [
            -142.16981549045687,
            82.00752202862016
          ],
          [
            -155.6604316560669,
            81.52161308169971
          ]
        ]
      }
    },
    {
      "type": "Feature",
      "properties": {
        "discharge_m3_s": 18356.02,
        "drainage_km2": 1935439.84,
        "role": "mouth"
      },
      "geometry": {
        "type": "LineString",
        "coordinates": [
          [
            -95.26218672162956,
            68.11956759223156
          ],
          [
            -98.73384741234392,
            67.97175430658383
          ],
          [
            -99.3850101141492,
            69.35593299387598
          ],
          [
            -103.04370992817563,
            69.1153839327366
          ],
          [
            -104.05335938161515,
            70.47361640692876
          ],
          [
            -105.20717409760157,
            71.82529236046277
          ],
          [
            -106.538958841649,
            73.16887866976208
          ],
          [
            -112.81910467418093,
            74.04212706382215
          ]
        ]
      }
    },
    {
      "type": "Feature",
      "properties": {
        "discharge_m3_s": 2565.61,
        "drainage_km2": 934219.62,
        "role": "mouth"
      },
      "geometry": {
        "type": "LineString",
        "coordinates": [
          [
            -95.11703442589571,
            55.44006260916572
          ],
          [
            -92.91713741108636,
            54.10534610750161
          ],
          [
            -90.9727358409194,
            54.13670446125198
          ],
          [
            -89.02726415908062,
            54.13670446125198
          ],
          [
            -87.08286258891364,
            54.10534610750161
          ],
          [
            -84.88296557410429,
            55.44006260916572
          ]
        ]
      }
    },
    {
      "type": "Feature",
      "properties": {
        "discharge_m3_s": 18356.02,
        "drainage_km2": 1935439.84,
        "role": "mouth"
      },
      "geometry": {
        "type": "LineString",
        "coordinates": [
          [
            -100.97506921166904,
            72.11507408192294
          ],
          [
            -101.9614488019878,
            73.48854640265246
          ],
          [
            -106.538958841649,
            73.16887866976208
          ],
          [
            -112.81910467418093,
            74.04212706382215
          ]
        ]
      }
    },
    {
      "type": "Feature",
      "properties": {
        "discharge_m3_s": 18356.02,
        "drainage_km2": 1935439.84,
        "role": "mouth"
      },
      "geometry": {
        "type": "LineString",
        "coordinates": [
          [
            -104.50422824343394,
            76.21735297223569
          ],
          [
            -108.09351992388368,
            74.50231863513002
          ],
          [
            -112.81910467418093,
            74.04212706382215
          ]
        ]
      }
    },
    {
      "type": "Feature",
      "properties": {
        "discharge_m3_s": 350.58,
        "drainage_km2": 120116.52,
        "role": "mouth"
      },
      "geometry": {
        "type": "LineString",
        "coordinates": [
          [
            114.33956834393311,
            81.52161308169971
          ],
          [
            108.37271579017634,
            83.33496195210228
          ]
        ]
      }
    },
    {
      "type": "Feature",
      "properties": {
        "discharge_m3_s": 237.66,
        "drainage_km2": 119654.27,
        "role": "mouth"
      },
      "geometry": {
        "type": "LineString",
        "coordinates": [
          [
            110.89816545214589,
            80.22773892569141
          ],
          [
            105.17316990100113,
            81.98982332835973
          ]
        ]
      }
    },
    {
      "type": "Feature",
      "properties": {
        "discharge_m3_s": 18356.02,
        "drainage_km2": 1935439.84,
        "role": "mouth"
      },
      "geometry": {
        "type": "LineString",
        "coordinates": [
          [
            -112.13524487586808,
            77.12637458970917
          ],
          [
            -109.93128217335943,
            75.82279729090895
          ],
          [
            -112.81910467418093,
            74.04212706382215
          ]
        ]
      }
    },
    {
      "type": "Feature",
      "properties": {
        "discharge_m3_s": 2320.9,
        "drainage_km2": 266247.09,
        "role": "mouth"
      },
      "geometry": {
        "type": "LineString",
        "coordinates": [
          [
            144.49504981017282,
            83.96149713576682
          ],
          [
            135.0,
            85.03437630679747
          ],
          [
            113.15687888315878,
            84.64923164423014
          ]
        ]
      }
    },
    {
      "type": "Feature",
      "properties": {
        "discharge_m3_s": 18356.02,
        "drainage_km2": 1935439.84,
        "role": "mouth"
      },
      "geometry": {
        "type": "LineString",
        "coordinates": [
          [
            -106.6122048137943,
            68.79869000938992
          ],
          [
            -104.05335938161515,
            70.47361640692876
          ],
          [
            -105.20717409760157,
            71.82529236046277
          ],
          [
            -106.538958841649,
            73.16887866976208
          ],
          [
            -112.81910467418093,
            74.04212706382215
          ]
        ]
      }
    },
    {
      "type": "Feature",
      "properties": {
        "discharge_m3_s": 22933.78,
        "drainage_km2": 2541330.21,
        "role": "mouth"
      },
      "geometry": {
        "type": "LineString",
        "coordinates": [
          [
            -173.68508613767122,
            83.63356004752056
          ],
          [
            -161.62728420982367,
            83.33496195210228
          ],
          [
            -155.6604316560669,
            81.52161308169971
          ]
        ]
      }
    },
    {
      "type": "Feature",
      "properties": {
        "discharge_m3_s": 2320.9,
        "drainage_km2": 266247.09,
        "role": "mouth"
      },
      "geometry": {
        "type": "LineString",
        "coordinates": [
          [
            173.68508613767122,
            83.63356004752056
          ],
          [
            156.84312111684122,
            84.64923164423014
          ],
          [
            135.0,
            85.03437630679747
          ],
          [
            113.15687888315878,
            84.64923164423014
          ]
        ]
      }
    },
    {
      "type": "Feature",
      "properties": {
        "discharge_m3_s": 21628.4,
        "drainage_km2": 2121837.41,
        "role": "mouth"
      },
      "geometry": {
        "type": "LineString",
        "coordinates": [
          [
            -100.6419696562033,
            53.66742489011092
          ],
          [
            -102.54990448608665,
            53.48035800428153
          ],
          [
            -104.44476678312962,
            53.262566799829045
          ],
          [
            -106.32484949964923,
            53.014248856141904
          ],
          [
            -108.18856389067939,
            52.73562210786701
          ],
          [
            -110.03444800552526,
            52.42692213889343
          ],
          [
            -111.01523626510102,
            53.685487534793225
          ]
        ]
      }
    },
    {
      "type": "Feature",
      "properties": {
        "discharge_m3_s": 22933.78,
        "drainage_km2": 2541330.21,
        "role": "mouth"
      },
      "geometry": {
        "type": "LineString",
        "coordinates": [
          [
            -164.82683009899887,
            81.98982332835973
          ],
          [
            -155.6604316560669,
            81.52161308169971
          ]
        ]
      }
    },
    {
      "type": "Feature",
      "properties": {
        "discharge_m3_s": 2041.46,
        "drainage_km2": 671239.17,
        "role": "mouth"
      },
      "geometry": {
        "type": "LineString",
        "coordinates": [
          [
            -105.43350331061747,
            58.84200349547575
          ],
          [
            -107.71647334470592,
            58.54027950314536
          ],
          [
            -108.68947234923833,
            59.84202548609866
          ],
          [
            -111.03856320168937,
            59.471963189086956
          ],
          [
            -113.33926869302631,
            59.05969520246118
          ],
          [
            -115.58857034797953,
            58.606455520307584
          ],
          [
            -117.78409419749943,
            58.113523403511294
          ],
          [
            -119.20230681105637,
            59.273621933450784
          ],
          [
            -119.92408238441375,
            57.58220474256192
          ],
          [
            -123.54705076837108,
            58.09656536170907
          ],
          [
            -125.17859024457191,
            59.15731293282547
          ]
        ]
      }
    },
    {
      "type": "Feature",
      "properties": {
        "discharge_m3_s": 2041.46,
        "drainage_km2": 671239.17,
        "role": "mouth"
      },
      "geometry": {
        "type": "LineString",
        "coordinates": [
          [
            -106.2956726714696,
            60.16871329166327
          ],
          [
            -107.71647334470592,
            58.54027950314536
          ],
          [
            -108.68947234923833,
            59.84202548609866
          ],
          [
            -111.03856320168937,
            59.471963189086956
          ],
          [
            -113.33926869302631,
            59.05969520246118
          ],
          [
            -115.58857034797953,
            58.606455520307584
          ],
          [
            -117.78409419749943,
            58.113523403511294
          ],
          [
            -119.20230681105637,
            59.273621933450784
          ],
          [
            -119.92408238441375,
            57.58220474256192
          ],
          [
            -123.54705076837108,
            58.09656536170907
          ],
          [
            -125.17859024457191,
            59.15731293282547
          ]
        ]
      }
    },
    {
      "type": "Feature",
      "properties": {
        "discharge_m3_s": 18356.02,
        "drainage_km2": 1935439.84,
        "role": "mouth"
      },
      "geometry": {
        "type": "LineString",
        "coordinates": [
          [
            -119.02337809316252,
            71.65233316532297
          ],
          [
            -115.09560407639843,
            72.2437247953048
          ],
          [
            -112.81910467418093,
            74.04212706382215
          ]
        ]
      }
    },
    {
      "type": "Feature",
      "properties": {
        "discharge_m3_s": 22933.78,
        "drainage_km2": 2541330.21,
        "role": "mouth"
      },
      "geometry": {
        "type": "LineString",
        "coordinates": [
          [
            -159.1018345478541,
            80.22773892569141
          ],
          [
            -155.6604316560669,
            81.52161308169971
          ]
        ]
      }
    },
    {
      "type": "Feature",
      "properties": {
        "discharge_m3_s": 2041.46,
        "drainage_km2": 671239.17,
        "role": "mouth"
      },
      "geometry": {
        "type": "LineString",
        "coordinates": [
          [
            -109.74065904448612,
            61.135108215847524
          ],
          [
            -108.68947234923833,
            59.84202548609866
          ],
          [
            -111.03856320168937,
            59.471963189086956
          ],
          [
            -113.33926869302631,
            59.05969520246118
          ],
          [
            -115.58857034797953,
            58.606455520307584
          ],
          [
            -117.78409419749943,
            58.113523403511294
          ],
          [
            -119.20230681105637,
            59.273621933450784
          ],
          [
            -119.92408238441375,
            57.58220474256192
          ],
          [
            -123.54705076837108,
            58.09656536170907
          ],
          [
            -125.17859024457191,
            59.15731293282547
          ]
        ]
      }
    },
    {
      "type": "Feature",
      "properties": {
        "discharge_m3_s": 18356.02,
        "drainage_km2": 1935439.84,
        "role": "mouth"
      },
      "geometry": {
        "type": "LineString",
        "coordinates": [
          [
            -114.96529066229483,
            66.19650854125783
          ],
          [
            -111.91717891315983,
            66.68088537125267
          ],
          [
            -110.07139108989489,
            68.40902800378367
          ],
          [
            -107.8670621488943,
            70.12734448353255
          ],
          [
            -105.20717409760157,
            71.82529236046277
          ],
          [
            -106.538958841649,
            73.16887866976208
          ],
          [
            -112.81910467418093,
            74.04212706382215
          ]
        ]
      }
    },
    {
      "type": "Feature",
      "properties": {
        "discharge_m3_s": 18356.02,
        "drainage_km2": 1935439.84,
        "role": "mouth"
      },
      "geometry": {
        "type": "LineString",
        "coordinates": [
          [
            -122.7017010573555,
            70.9851031324229
          ],
          [
            -116.92592745480658,
            70.43898176949953
          ],
          [
            -115.09560407639843,
            72.2437247953048
          ],
          [
            -112.81910467418093,
            74.04212706382215
          ]
        ]
      }
    },
    {
      "type": "Feature",
      "properties": {
        "discharge_m3_s": 22933.78,
        "drainage_km2": 2541330.21,
        "role": "mouth"
      },
      "geometry": {
        "type": "LineString",
        "coordinates": [
          [
            -176.22878819867526,
            79.43075282991533
          ],
          [
            -167.1064796166016,
            80.62709015505075
          ],
          [
            -155.6604316560669,
            81.52161308169971
          ]
        ]
      }
    },
    {
      "type": "Feature",
      "properties": {
        "discharge_m3_s": 18356.02,
        "drainage_km2": 1935439.84,
        "role": "mouth"
      },
      "geometry": {
        "type": "LineString",
        "coordinates": [
          [
            -119.66297218394836,
            66.8402681119423
          ],
          [
            -116.6057531160867,
            67.42574863563524
          ],
          [
            -115.06576416354667,
            69.20370024046544
          ],
          [
            -113.2055394643947,
            70.9817239918795
          ],
          [
            -110.9275377916695,
            72.7516953097383
          ],
          [
            -112.81910467418093,
            74.04212706382215
          ]
        ]
      }
    },
    {
      "type": "Feature",
      "properties": {
        "discharge_m3_s": 18356.02,
        "drainage_km2": 1935439.84,
        "role": "mouth"
      },
      "geometry": {
        "type": "LineString",
        "coordinates": [
          [
            -126.1301590840305,
            70.24949687552667
          ],
          [
            -120.4431443829195,
            69.82367630939453
          ],
          [
            -116.92592745480658,
            70.43898176949953
          ],
          [
            -115.09560407639843,
            72.2437247953048
          ],
          [
            -112.81910467418093,
            74.04212706382215
          ]
        ]
      }
    },
    {
      "type": "Feature",
      "properties": {
        "discharge_m3_s": 18356.02,
        "drainage_km2": 1935439.84,
        "role": "mouth"
      },
      "geometry": {
        "type": "LineString",
        "coordinates": [
          [
            -142.76377161757057,
            75.10919700024581
          ],
          [
            -135.0,
            75.24850568559248
          ],
          [
            -127.23622838242943,
            75.10919700024581
          ],
          [
            -119.76504329814688,
            74.69952225734964
          ],
          [
            -112.81910467418093,
            74.04212706382215
          ]
        ]
      }
    },
    {
      "type": "Feature",
      "properties": {
        "discharge_m3_s": 4155.73,
        "drainage_km2": 631168.84,
        "role": "mouth"
      },
      "geometry": {
        "type": "LineString",
        "coordinates": [
          [
            138.66931481369826,
            74.2554464377838
          ],
          [
            131.33068518630174,
            74.2554464377838
          ],
          [
            124.11857403837082,
            73.9939827408725
          ],
          [
            119.76504329814685,
            74.69952225734964
          ],
          [
            115.03112358205347,
            75.31305726233226
          ],
          [
            109.93128217335942,
            75.82279729090894
          ],
          [
            104.50422824343394,
            76.21735297223569
          ]
        ]
      }
    },
    {
      "type": "Feature",
      "properties": {
        "discharge_m3_s": 9712.84,
        "drainage_km2": 2065051.81,
        "role": "mouth"
      },
      "geometry": {
        "type": "LineString",
        "coordinates": [
          [
            154.96887641794652,
            75.31305726233226
          ],
          [
            150.23495670185315,
            74.69952225734964
          ],
          [
            145.8814259616292,
            73.9939827408725
          ],
          [
            141.90391377522369,
            73.20787141047316
          ],
          [
            148.59718815125635,
            72.83924640258758
          ],
          [
            150.9766219068375,
            71.65233316532297
          ]
        ]
      }
    },
    {
      "type": "Feature",
      "properties": {
        "discharge_m3_s": 22933.78,
        "drainage_km2": 2541330.21,
        "role": "mouth"
      },
      "geometry": {
        "type": "LineString",
        "coordinates": [
          [
            -157.18089532581908,
            74.04212706382215
          ],
          [
            -150.23495670185315,
            74.69952225734964
          ],
          [
            -147.31797087489284,
            75.8816768837517
          ],
          [
            -143.8904481321875,
            77.02229431039203
          ],
          [
            -139.83240502416655,
            78.10952044280687
          ],
          [
            -140.76736976706067,
            80.05480747922608
          ],
          [
            -142.16981549045687,
            82.00752202862016
          ],
          [
            -155.6604316560669,
            81.52161308169971
          ]
        ]
      }
    },
    {
      "type": "Feature",
      "properties": {
        "discharge_m3_s": 9712.84,
        "drainage_km2": 2065051.81,
        "role": "mouth"
      },
      "geometry": {
        "type": "LineString",
        "coordinates": [
          [
            157.18089532581908,
            74.04212706382215
          ],
          [
            152.73814918197382,
            73.48466315602163
          ],
          [
            148.59718815125635,
            72.83924640258758
          ],
          [
            150.9766219068375,
            71.65233316532297
          ]
        ]
      }
    },
    {
      "type": "Feature",
      "properties": {
        "discharge_m3_s": 398.04,
        "drainage_km2": 284749.17,
        "role": "mouth"
      },
      "geometry": {
        "type": "LineString",
        "coordinates": [
          [
            -143.14335177485827,
            68.3999260676286
          ],
          [
            -140.24026131681896,
            67.60321145194791
          ],
          [
            -139.87071063833721,
            65.77498491042975
          ],
          [
            -142.03997190703907,
            64.75844539731811
          ],
          [
            -146.61210552461387,
            64.40779108663584
          ],
          [
            -151.0131403374789,
            63.892664456718336
          ],
          [
            -150.08227246789755,
            62.14560037429141
          ],
          [
            -149.28266694219585,
            60.415425511974355
          ],
          [
            -148.59194338717714,
            58.70427588506562
          ],
          [
            -147.9926468021993,
            57.01381512106834
          ],
          [
            -147.47100257598507,
            55.34532404936935
          ],
          [
            -145.5434948388429,
            54.746346131584296
          ]
        ]
      }
    },
    {
      "type": "Feature",
      "properties": {
        "discharge_m3_s": 2041.46,
        "drainage_km2": 671239.17,
        "role": "mouth"
      },
      "geometry": {
        "type": "LineString",
        "coordinates": [
          [
            -130.70389365354757,
            62.18742407406851
          ],
          [
            -126.46569872800933,
            61.94129254548452
          ],
          [
            -124.66963220504557,
            60.88583778564051
          ],
          [
            -122.98695397980282,
            59.80611693056742
          ],
          [
            -125.17859024457191,
            59.15731293282547
          ]
        ]
      }
    },
    {
      "type": "Feature",
      "properties": {
        "discharge_m3_s": 9712.84,
        "drainage_km2": 2065051.81,
        "role": "mouth"
      },
      "geometry": {
        "type": "LineString",
        "coordinates": [
          [
            154.93423583645333,
            69.20370024046544
          ],
          [
            156.7944605356053,
            70.9817239918795
          ],
          [
            150.9766219068375,
            71.65233316532297
          ]
        ]
      }
    },
    {
      "type": "Feature",
      "properties": {
        "discharge_m3_s": 22933.78,
        "drainage_km2": 2541330.21,
        "role": "mouth"
      },
      "geometry": {
        "type": "LineString",
        "coordinates": [
          [
            -178.10899849700812,
            69.59917975498908
          ],
          [
            -173.88900533303908,
            70.91495966363587
          ],
          [
            -173.3683521026665,
            72.31082935461701
          ],
          [
            -168.03855119801221,
            73.48854640265246
          ],
          [
            -161.90648007611634,
            74.50231863513002
          ],
          [
            -154.96887641794652,
            75.31305726233226
          ],
          [
            -152.35262623152556,
            76.55902981195659
          ],
          [
            -149.22063466457212,
            77.77248998598672
          ],
          [
            -145.4242557144317,
            78.94280514985546
          ],
          [
            -147.62309688287917,
            80.8641350260091
          ],
          [
            -155.6604316560669,
            81.52161308169971
          ]
        ]
      }
    },
    {
      "type": "Feature",
      "properties": {
        "discharge_m3_s": 9712.84,
        "drainage_km2": 2065051.81,
        "role": "mouth"
      },
      "geometry": {
        "type": "LineString",
        "coordinates": [
          [
            170.6149898858508,
            69.35593299387601
          ],
          [
            165.94664061838483,
            70.47361640692876
          ],
          [
            160.7069848251082,
            71.44576996296583
          ],
          [
            154.90439592360153,
            72.24372479530484
          ],
          [
            150.9766219068375,
            71.65233316532297
          ]
        ]
      }
    },
    {
      "type": "Feature",
      "properties": {
        "discharge_m3_s": 9712.84,
        "drainage_km2": 2065051.81,
        "role": "mouth"
      },
      "geometry": {
        "type": "LineString",
        "coordinates": [
          [
            163.3877951862057,
            68.79869000938992
          ],
          [
            162.1329378511057,
            70.12734448353255
          ],
          [
            156.7944605356053,
            70.9817239918795
          ],
          [
            150.9766219068375,
            71.65233316532297
          ]
        ]
      }
    },
    {
      "type": "Feature",
      "properties": {
        "discharge_m3_s": 2356.3,
        "drainage_km2": 982721.78,
        "role": "mouth"
      },
      "geometry": {
        "type": "LineString",
        "coordinates": [
          [
            -171.26615258765608,
            67.97175430658383
          ],
          [
            -168.641003196613,
            66.38363719500373
          ],
          [
            -166.38961274791174,
            64.76701459986454
          ]
        ]
      }
    },
    {
      "type": "Feature",
      "properties": {
        "discharge_m3_s": 22933.78,
        "drainage_km2": 2541330.21,
        "role": "mouth"
      },
      "geometry": {
        "type": "LineString",
        "coordinates": [
          [
            -174.73781327837045,
            68.11956759223156
          ],
          [
            -174.34112674538534,
            69.5177918567699
          ],
          [
            -173.88900533303908,
            70.91495966363587
          ],
          [
            -173.3683521026665,
            72.31082935461701
          ],
          [
            -168.03855119801221,
            73.48854640265246
          ],
          [
            -161.90648007611634,
            74.50231863513002
          ],
          [
            -154.96887641794652,
            75.31305726233226
          ],
          [
            -152.35262623152556,
            76.55902981195659
          ],
          [
            -149.22063466457212,
            77.77248998598672
          ],
          [
            -145.4242557144317,
            78.94280514985546
          ],
          [
            -147.62309688287917,
            80.8641350260091
          ],
          [
            -155.6604316560669,
            81.52161308169971
          ]
        ]
      }
    },
    {
      "type": "Feature",
      "properties": {
        "discharge_m3_s": 22933.78,
        "drainage_km2": 2541330.21,
        "role": "mouth"
      },
      "geometry": {
        "type": "LineString",
        "coordinates": [
          [
            -178.24224737463376,
            68.19382603002984
          ],
          [
            -174.34112674538534,
            69.5177918567699
          ],
          [
            -173.88900533303908,
            70.91495966363587
          ],
          [
            -173.3683521026665,
            72.31082935461701
          ],
          [
            -168.03855119801221,
            73.48854640265246
          ],
          [
            -161.90648007611634,
            74.50231863513002
          ],
          [
            -154.96887641794652,
            75.31305726233226
          ],
          [
            -152.35262623152556,
            76.55902981195659
          ],
          [
            -149.22063466457212,
            77.77248998598672
          ],
          [
            -145.4242557144317,
            78.94280514985546
          ],
          [
            -147.62309688287917,
            80.8641350260091
          ],
          [
            -155.6604316560669,
            81.52161308169971
          ]
        ]
      }
    },
    {
      "type": "Feature",
      "properties": {
        "discharge_m3_s": 9712.84,
        "drainage_km2": 2065051.81,
        "role": "mouth"
      },
      "geometry": {
        "type": "LineString",
        "coordinates": [
          [
            174.73781327837045,
            68.11956759223156
          ],
          [
            174.34112674538534,
            69.5177918567699
          ],
          [
            169.87472387828794,
            70.73725249448091
          ],
          [
            164.79282590239845,
            71.82529236046277
          ],
          [
            159.07246220833053,
            72.7516953097383
          ],
          [
            152.73814918197382,
            73.48466315602163
          ],
          [
            148.59718815125635,
            72.83924640258758
          ],
          [
            150.9766219068375,
            71.65233316532297
          ]
        ]
      }
    },
    {
      "type": "Feature",
      "properties": {
        "discharge_m3_s": 21628.4,
        "drainage_km2": 2121837.41,
        "role": "mouth"
      },
      "geometry": {
        "type": "LineString",
        "coordinates": [
          [
            -119.3970966925318,
            48.86945870043562
          ],
          [
            -117.72679374464435,
            49.31947982291386
          ],
          [
            -116.03770375316807,
            49.742303968353916
          ],
          [
            -115.45251953467455,
            51.322944572603454
          ],
          [
            -113.6675475100211,
            51.72031629932274
          ],
          [
            -111.86117303026433,
            52.08839938355561
          ],
          [
            -111.01523626510102,
            53.685487534793225
          ]
        ]
      }
    },
    {
      "type": "Feature",
      "properties": {
        "discharge_m3_s": 21628.4,
        "drainage_km2": 2121837.41,
        "role": "mouth"
      },
      "geometry": {
        "type": "LineString",
        "coordinates": [
          [
            -120.67058882463714,
            49.95789710445916
          ],
          [
            -118.95474623692076,
            50.441452003014234
          ],
          [
            -117.21517701798903,
            50.8965624151274
          ],
          [
            -115.45251953467455,
            51.322944572603454
          ],
          [
            -113.6675475100211,
            51.72031629932274
          ],
          [
            -111.86117303026433,
            52.08839938355561
          ],
          [
            -111.01523626510102,
            53.685487534793225
          ]
        ]
      }
    },
    {
      "type": "Feature",
      "properties": {
        "discharge_m3_s": 15090.33,
        "drainage_km2": 314410.61,
        "role": "mouth"
      },
      "geometry": {
        "type": "LineString",
        "coordinates": [
          [
            -133.10298556373127,
            57.89853103657282
          ],
          [
            -133.18160713442307,
            56.204277594005575
          ],
          [
            -135.0,
            55.38518376243741
          ],
          [
            -138.5615670644888,
            55.31338286560289
          ]
        ]
      }
    },
    {
      "type": "Feature",
      "properties": {
        "discharge_m3_s": 2356.3,
        "drainage_km2": 982721.78,
        "role": "mouth"
      },
      "geometry": {
        "type": "LineString",
        "coordinates": [
          [
            -165.49529246084836,
            66.1173039022847
          ],
          [
            -166.38961274791174,
            64.76701459986454
          ]
        ]
      }
    },
    {
      "type": "Feature",
      "properties": {
        "discharge_m3_s": 288.49,
        "drainage_km2": 1199572.31,
        "role": "mouth"
      },
      "geometry": {
        "type": "LineString",
        "coordinates": [
          [
            -159.11951897218867,
            62.41847695951148
          ],
          [
            -156.55109568238854,
            61.986766090187004
          ],
          [
            -154.0534438583139,
            61.507723678289885
          ],
          [
            -153.06931103798885,
            59.80298619260823
          ],
          [
            -152.21590580250057,
            58.113523403511294
          ],
          [
            -150.07591761558626,
            57.58220474256192
          ],
          [
            -149.44770281996242,
            55.91074679632266
          ],
          [
            -148.8996099892873,
            54.26056295296811
          ],
          [
            -145.5434948388429,
            54.746346131584296
          ]
        ]
      }
    },
    {
      "type": "Feature",
      "properties": {
        "discharge_m3_s": 2356.3,
        "drainage_km2": 982721.78,
        "role": "mouth"
      },
      "geometry": {
        "type": "LineString",
        "coordinates": [
          [
            -164.44960347790294,
            63.13254988128175
          ],
          [
            -163.48384143888362,
            64.46406379200255
          ],
          [
            -166.38961274791174,
            64.76701459986454
          ]
        ]
      }
    },
    {
      "type": "Feature",
      "properties": {
        "discharge_m3_s": 13536.7,
        "drainage_km2": 142551.33,
        "role": "mouth"
      },
      "geometry": {
        "type": "LineString",
        "coordinates": [
          [
            -135.0,
            53.73087079173838
          ],
          [
            -138.43450918372295,
            53.660819976447456
          ]
        ]
      }
    },
    {
      "type": "Feature",
      "properties": {
        "discharge_m3_s": 61680.49,
        "drainage_km2": 773174.72,
        "role": "mouth"
      },
      "geometry": {
        "type": "LineString",
        "coordinates": [
          [
            -125.88180414053662,
            46.80024084995032
          ],
          [
            -127.4524791807539,
            46.21633208346196
          ],
          [
            -129.00269408266618,
            45.60603817351697
          ],
          [
            -130.5324518156305,
            44.96947937323704
          ],
          [
            -132.04182327562262,
            44.3067716498136
          ],
          [
            -135.0,
            44.37123399159845
          ],
          [
            -136.49306928248612,
            45.0985934058288
          ]
        ]
      }
    },
    {
      "type": "Feature",
      "properties": {
        "discharge_m3_s": 26227.86,
        "drainage_km2": 1954717.76,
        "role": "mouth"
      },
      "geometry": {
        "type": "LineString",
        "coordinates": [
          [
            170.8180932497981,
            55.20139188309168
          ],
          [
            173.20576356274685,
            53.94871223197169
          ],
          [
            171.70721375565736,
            52.44375996388283
          ],
          [
            172.1111817279512,
            51.0620636764722
          ],
          [
            172.49182807291854,
            49.678651352671416
          ],
          [
            174.43758358366048,
            48.381387703482346
          ],
          [
            176.2162487413442,
            47.04702526171573
          ],
          [
            176.39723941337385,
            45.64646794182029
          ],
          [
            175.07812500000003,
            44.191080790569906
          ],
          [
            173.67187500000003,
            42.716053333475344
          ],
          [
            172.265625,
            41.224679789063124
          ],
          [
            170.859375,
            39.717801289891476
          ],
          [
            169.453125,
            38.19651800986195
          ]
        ]
      }
    },
    {
      "type": "Feature",
      "properties": {
        "discharge_m3_s": 10826.84,
        "drainage_km2": 159491.25,
        "role": "mouth"
      },
      "geometry": {
        "type": "LineString",
        "coordinates": [
          [
            158.984763734899,
            53.685487534793225
          ],
          [
            155.97489771020796,
            54.5385646022685
          ]
        ]
      }
    },
    {
      "type": "Feature",
      "properties": {
        "discharge_m3_s": 26227.86,
        "drainage_km2": 1954717.76,
        "role": "mouth"
      },
      "geometry": {
        "type": "LineString",
        "coordinates": [
          [
            179.0272641590806,
            54.13670446125198
          ],
          [
            177.08286258891363,
            54.10534610750161
          ],
          [
            175.14166173658577,
            54.04266107040119
          ],
          [
            173.20576356274685,
            53.94871223197169
          ],
          [
            171.70721375565736,
            52.44375996388283
          ],
          [
            172.1111817279512,
            51.0620636764722
          ],
          [
            172.49182807291854,
            49.678651352671416
          ],
          [
            174.43758358366048,
            48.381387703482346
          ],
          [
            176.2162487413442,
            47.04702526171573
          ],
          [
            176.39723941337385,
            45.64646794182029
          ],
          [
            175.07812500000003,
            44.191080790569906
          ],
          [
            173.67187500000003,
            42.716053333475344
          ],
          [
            172.265625,
            41.224679789063124
          ],
          [
            170.859375,
            39.717801289891476
          ],
          [
            169.453125,
            38.19651800986195
          ]
        ]
      }
    },
    {
      "type": "Feature",
      "properties": {
        "discharge_m3_s": 26227.86,
        "drainage_km2": 1954717.76,
        "role": "mouth"
      },
      "geometry": {
        "type": "LineString",
        "coordinates": [
          [
            169.3580303437967,
            53.66742489011092
          ],
          [
            171.27722296399622,
            53.82359278135203
          ],
          [
            173.20576356274685,
            53.94871223197169
          ],
          [
            171.70721375565736,
            52.44375996388283
          ],
          [
            172.1111817279512,
            51.0620636764722
          ],
          [
            172.49182807291854,
            49.678651352671416
          ],
          [
            174.43758358366048,
            48.381387703482346
          ],
          [
            176.2162487413442,
            47.04702526171573
          ],
          [
            176.39723941337385,
            45.64646794182029
          ],
          [
            175.07812500000003,
            44.191080790569906
          ],
          [
            173.67187500000003,
            42.716053333475344
          ],
          [
            172.265625,
            41.224679789063124
          ],
          [
            170.859375,
            39.717801289891476
          ],
          [
            169.453125,
            38.19651800986195
          ]
        ]
      }
    },
    {
      "type": "Feature",
      "properties": {
        "discharge_m3_s": 4877.07,
        "drainage_km2": 520457.5,
        "role": "mouth"
      },
      "geometry": {
        "type": "LineString",
        "coordinates": [
          [
            -166.24949978890152,
            51.92849173297546
          ],
          [
            -168.0592312104931,
            52.128668232899685
          ],
          [
            -166.90413048041557,
            50.58949364774645
          ],
          [
            -168.6327891890081,
            50.773208043077084
          ],
          [
            -169.17432616116798,
            49.41426394170525
          ],
          [
            -169.686962341908,
            48.052086983789124
          ],
          [
            -171.2677970769688,
            48.1839022301584
          ],
          [
            -170.17344597319007,
            46.68689850591335
          ],
          [
            -171.68207819298686,
            46.80712866966384
          ],
          [
            -173.51594493861447,
            45.51932718293826
          ]
        ]
      }
    },
    {
      "type": "Feature",
      "properties": {
        "discharge_m3_s": 4877.07,
        "drainage_km2": 520457.5,
        "role": "mouth"
      },
      "geometry": {
        "type": "LineString",
        "coordinates": [
          [
            -175.38354254099602,
            52.64461783050796
          ],
          [
            -173.85876672443473,
            51.16715286238715
          ],
          [
            -172.49182807291854,
            49.678651352671416
          ],
          [
            -171.2677970769688,
            48.1839022301584
          ],
          [
            -170.17344597319007,
            46.68689850591335
          ],
          [
            -171.68207819298686,
            46.80712866966384
          ],
          [
            -173.51594493861447,
            45.51932718293826
          ]
        ]
      }
    },
    {
      "type": "Feature",
      "properties": {
        "discharge_m3_s": 4877.07,
        "drainage_km2": 520457.5,
        "role": "mouth"
      },
      "geometry": {
        "type": "LineString",
        "coordinates": [
          [
            -172.1111817279512,
            51.0620636764722
          ],
          [
            -170.83085533172368,
            49.558494176452406
          ],
          [
            -169.686962341908,
            48.052086983789124
          ],
          [
            -171.2677970769688,
            48.1839022301584
          ],
          [
            -170.17344597319007,
            46.68689850591335
          ],
          [
            -171.68207819298686,
            46.80712866966384
          ],
          [
            -173.51594493861447,
            45.51932718293826
          ]
        ]
      }
    },
    {
      "type": "Feature",
      "properties": {
        "discharge_m3_s": 1655.16,
        "drainage_km2": 183636.88,
        "role": "mouth"
      },
      "geometry": {
        "type": "LineString",
        "coordinates": [
          [
            157.76247316913282,
            47.72798834510016
          ],
          [
            156.73990471894066,
            48.93921004972346
          ]
        ]
      }
    },
    {
      "type": "Feature",
      "properties": {
        "discharge_m3_s": 4877.07,
        "drainage_km2": 520457.5,
        "role": "mouth"
      },
      "geometry": {
        "type": "LineString",
        "coordinates": [
          [
            -174.70375865809123,
            46.987121570989096
          ],
          [
            -173.51594493861447,
            45.51932718293826
          ]
        ]
      }
    },
    {
      "type": "Feature",
      "properties": {
        "discharge_m3_s": 4292.85,
        "drainage_km2": 293178.96,
        "role": "mouth"
      },
      "geometry": {
        "type": "LineString",
        "coordinates": [
          [
            174.95644018160147,
            45.59201781093599
          ],
          [
            173.67187500000003,
            44.12185554901666
          ],
          [
            172.265625,
            42.6296127411908
          ],
          [
            170.859375,
            41.12130506072594
          ],
          [
            169.453125,
            39.59790652125546
          ],
          [
            168.04687500000003,
            38.06065474888131
          ]
        ]
      }
    },
    {
      "type": "Feature",
      "properties": {
        "discharge_m3_s": 235.17,
        "drainage_km2": 648638.99,
        "role": "mouth"
      },
      "geometry": {
        "type": "LineString",
        "coordinates": [
          [
            -176.2162487413442,
            -47.04702526171571
          ],
          [
            -177.83825638342338,
            -45.682735726688996
          ],
          [
            -179.296875,
            -44.29471843707817
          ]
        ]
      }
    },
    {
      "type": "Feature",
      "properties": {
        "discharge_m3_s": 16231.2,
        "drainage_km2": 416585.96,
        "role": "mouth"
      },
      "geometry": {
        "type": "LineString",
        "coordinates": [
          [
            139.25322878747494,
            -39.19876351518387
          ],
          [
            139.2276442015308,
            -37.81608687044718
          ],
          [
            138.515625,
            -36.16575149581514
          ],
          [
            137.10937500000003,
            -34.23924221375132
          ],
          [
            135.703125,
            -34.929533592634456
          ],
          [
            134.296875,
            -34.929533592634456
          ],
          [
            132.890625,
            -35.56057253711163
          ],
          [
            131.484375,
            -36.16575149581514
          ],
          [
            130.07812500000003,
            -35.405367957630546
          ]
        ]
      }
    },
    {
      "type": "Feature",
      "properties": {
        "discharge_m3_s": 806.45,
        "drainage_km2": 328028.15,
        "role": "mouth"
      },
      "geometry": {
        "type": "LineString",
        "coordinates": [
          [
            169.686962341908,
            -48.052086983789124
          ],
          [
            169.17432616116798,
            -49.41426394170525
          ],
          [
            168.6327891890081,
            -50.77320804307706
          ],
          [
            168.0592312104931,
            -52.128668232899685
          ],
          [
            167.45009551391337,
            -53.48035800428153
          ],
          [
            166.8013109317244,
            -54.827948415938295
          ],
          [
            166.1081971924936,
            -56.171059539295314
          ],
          [
            165.3653494467844,
            -57.50924991809167
          ]
        ]
      }
    },
    {
      "type": "Feature",
      "properties": {
        "discharge_m3_s": 33.87,
        "drainage_km2": 190915.01,
        "role": "mouth"
      },
      "geometry": {
        "type": "LineString",
        "coordinates": [
          [
            163.40199347847428,
            -47.30273116208544
          ],
          [
            164.23878519704758,
            -48.83687450603587
          ]
        ]
      }
    },
    {
      "type": "Feature",
      "properties": {
        "discharge_m3_s": 5802.69,
        "drainage_km2": 594973.33,
        "role": "mouth"
      },
      "geometry": {
        "type": "LineString",
        "coordinates": [
          [
            158.74095124041895,
            -46.50481703681641
          ],
          [
            161.16920188465892,
            -45.5353384748411
          ]
        ]
      }
    },
    {
      "type": "Feature",
      "properties": {
        "discharge_m3_s": 1009.05,
        "drainage_km2": 134285.56,
        "role": "mouth"
      },
      "geometry": {
        "type": "LineString",
        "coordinates": [
          [
            157.19942275903358,
            -46.193266849664035
          ],
          [
            159.6787002281538,
            -45.27032788418836
          ]
        ]
      }
    },
    {
      "type": "Feature",
      "properties": {
        "discharge_m3_s": 235.17,
        "drainage_km2": 648638.99,
        "role": "reach"
      },
      "geometry": {
        "type": "LineString",
        "coordinates": [
          [
            177.49356155233767,
            -49.89485632009482
          ],
          [
            177.61477523716147,
            -48.490979023797
          ],
          [
            179.2431050942842,
            -47.10688198880187
          ]
        ]
      }
    },
    {
      "type": "Feature",
      "properties": {
        "discharge_m3_s": 235.17,
        "drainage_km2": 648638.99,
        "role": "mouth"
      },
      "geometry": {
        "type": "LineString",
        "coordinates": [
          [
            -179.27940423826908,
            -45.7008599289336
          ],
          [
            -179.296875,
            -44.29471843707817
          ]
        ]
      }
    },
    {
      "type": "Feature",
      "properties": {
        "discharge_m3_s": 6289.59,
        "drainage_km2": 228775.14,
        "role": "mouth"
      },
      "geometry": {
        "type": "LineString",
        "coordinates": [
          [
            135.0,
            -40.04259497128096
          ],
          [
            133.5787971986333,
            -39.32659262274935
          ],
          [
            132.1696308799301,
            -38.584457813202164
          ],
          [
            129.35976671646733,
            -38.3930415593422
          ]
        ]
      }
    },
    {
      "type": "Feature",
      "properties": {
        "discharge_m3_s": 44.74,
        "drainage_km2": 363232.48,
        "role": "mouth"
      },
      "geometry": {
        "type": "LineString",
        "coordinates": [
          [
            -161.77225878680574,
            -49.881576014794334
          ],
          [
            -164.2387851970476,
            -48.836874506035876
          ]
        ]
      }
    },
    {
      "type": "Feature",
      "properties": {
        "discharge_m3_s": 225.75,
        "drainage_km2": 235783.7,
        "role": "mouth"
      },
      "geometry": {
        "type": "LineString",
        "coordinates": [
          [
            163.47293272851962,
            -50.14364419454872
          ],
          [
            164.4510796699933,
            -51.70003079925984
          ]
        ]
      }
    },
    {
      "type": "Feature",
      "properties": {
        "discharge_m3_s": 85.37,
        "drainage_km2": 179537.38,
        "role": "mouth"
      },
      "geometry": {
        "type": "LineString",
        "coordinates": [
          [
            -160.8931171455599,
            -51.15872685449744
          ],
          [
            -163.47293272851962,
            -50.14364419454872
          ]
        ]
      }
    },
    {
      "type": "Feature",
      "properties": {
        "discharge_m3_s": 806.45,
        "drainage_km2": 328028.15,
        "role": "mouth"
      },
      "geometry": {
        "type": "LineString",
        "coordinates": [
          [
            162.66522805600187,
            -51.443400983777295
          ],
          [
            163.6751505003508,
            -53.014248856141904
          ],
          [
            164.8169254875573,
            -54.59130191984641
          ],
          [
            166.1081971924936,
            -56.171059539295314
          ],
          [
            165.3653494467844,
            -57.50924991809167
          ]
        ]
      }
    },
    {
      "type": "Feature",
      "properties": {
        "discharge_m3_s": 989.17,
        "drainage_km2": 464456.84,
        "role": "mouth"
      },
      "geometry": {
        "type": "LineString",
        "coordinates": [
          [
            -179.0272641590806,
            -54.13670446125198
          ],
          [
            -178.97520942170868,
            -55.54259935565732
          ]
        ]
      }
    },
    {
      "type": "Feature",
      "properties": {
        "discharge_m3_s": 5802.69,
        "drainage_km2": 594973.33,
        "role": "mouth"
      },
      "geometry": {
        "type": "LineString",
        "coordinates": [
          [
            149.76247271523508,
            -51.546169713230576
          ],
          [
            151.04525376307924,
            -50.441452003014234
          ],
          [
            152.27320625535563,
            -49.31947982291386
          ],
          [
            155.0880781557656,
            -48.57314437032626
          ],
          [
            157.76247316913282,
            -47.72798834510016
          ],
          [
            160.28879828154473,
            -46.79348603991254
          ],
          [
            161.16920188465892,
            -45.5353384748411
          ]
        ]
      }
    },
    {
      "type": "Feature",
      "properties": {
        "discharge_m3_s": 13803.3,
        "drainage_km2": 136605.62,
        "role": "mouth"
      },
      "geometry": {
        "type": "LineString",
        "coordinates": [
          [
            138.07224431707573,
            -47.318941264512766
          ],
          [
            138.14428059939252,
            -48.86433252980738
          ]
        ]
      }
    },
    {
      "type": "Feature",
      "properties": {
        "discharge_m3_s": 3017.28,
        "drainage_km2": 923805.58,
        "role": "mouth"
      },
      "geometry": {
        "type": "LineString",
        "coordinates": [
          [
            -174.60530267589613,
            -56.83675805772637
          ],
          [
            -172.04412612207543,
            -58.1113511547877
          ],
          [
            -169.79736243688362,
            -57.95006368007751
          ],
          [
            -166.88224220236526,
            -59.10230256216138
          ],
          [
            -163.70432732853038,
            -60.16871329166327
          ],
          [
            -166.1385055089042,
            -60.45094365745101
          ],
          [
            -162.77027325969604,
            -61.48866088277282
          ],
          [
            -165.330752215254,
            -61.79457852657638
          ]
        ]
      }
    },
    {
      "type": "Feature",
      "properties": {
        "discharge_m3_s": 806.45,
        "drainage_km2": 328028.15,
        "role": "mouth"
      },
      "geometry": {
        "type": "LineString",
        "coordinates": [
          [
            164.02953969172762,
            -55.91421743870853
          ],
          [
            165.3653494467844,
            -57.50924991809167
          ]
        ]
      }
    },
    {
      "type": "Feature",
      "properties": {
        "discharge_m3_s": 249.73,
        "drainage_km2": 167499.72,
        "role": "mouth"
      },
      "geometry": {
        "type": "LineString",
        "coordinates": [
          [
            163.18729429732588,
            -57.23075846455039
          ],
          [
            164.56649668938255,
            -58.84200349547575
          ],
          [
            166.1385055089042,
            -60.45094365745101
          ]
        ]
      }
    },
    {
      "type": "Feature",
      "properties": {
        "discharge_m3_s": 22987.99,
        "drainage_km2": 531514.72,
        "role": "mouth"
      },
      "geometry": {
        "type": "LineString",
        "coordinates": [
          [
            173.98251989223567,
            -59.62771389839532
          ],
          [
            171.59500959698866,
            -59.49574657177927
          ],
          [
            173.63086758869193,
            -61.021777549298776
          ],
          [
            173.24693368542137,
            -62.41473376938588
          ],
          [
            175.68435847909734,
            -63.920192694410304
          ],
          [
            172.36047678251452,
            -65.19666220170714
          ],
          [
            168.641003196613,
            -66.38363719500373
          ],
          [
            164.50085774431307,
            -67.46155502153027
          ],
          [
            159.92860891010514,
            -68.40902800378367
          ],
          [
            154.93423583645333,
            -69.20370024046544
          ],
          [
            149.5568556170805,
            -69.82367630939453
          ],
          [
            143.86984091596952,
            -70.24949687552667
          ]
        ]
      }
    },
    {
      "type": "Feature",
      "properties": {
        "discharge_m3_s": 22987.99,
        "drainage_km2": 531514.72,
        "role": "mouth"
      },
      "geometry": {
        "type": "LineString",
        "coordinates": [
          [
            150.07591761558623,
            -57.58220474256192
          ],
          [
            150.79769318894364,
            -59.273621933450784
          ],
          [
            151.62988627017128,
            -60.98328625141525
          ],
          [
            154.05344385831387,
            -61.507723678289885
          ],
          [
            157.80294543706458,
            -60.73530850444923
          ],
          [
            159.11951897218867,
            -62.41847695951148
          ],
          [
            160.64427846116982,
            -64.10467546040248
          ],
          [
            162.4199553806224,
            -65.78815355091179
          ],
          [
            164.50085774431307,
            -67.46155502153027
          ],
          [
            159.92860891010514,
            -68.40902800378367
          ],
          [
            154.93423583645333,
            -69.20370024046544
          ],
          [
            149.5568556170805,
            -69.82367630939453
          ],
          [
            143.86984091596952,
            -70.24949687552667
          ]
        ]
      }
    },
    {
      "type": "Feature",
      "properties": {
        "discharge_m3_s": 22987.99,
        "drainage_km2": 531514.72,
        "role": "mouth"
      },
      "geometry": {
        "type": "LineString",
        "coordinates": [
          [
            147.9926468021993,
            -57.01381512106834
          ],
          [
            148.59194338717714,
            -58.704275885065606
          ],
          [
            149.28266694219585,
            -60.415425511974355
          ],
          [
            147.0130460201972,
            -59.80611693056742
          ],
          [
            147.66089361230388,
            -61.53708943708998
          ],
          [
            150.08227246789755,
            -62.145600374291426
          ],
          [
            154.05344385831387,
            -61.507723678289885
          ],
          [
            157.80294543706458,
            -60.73530850444923
          ],
          [
            159.11951897218867,
            -62.41847695951148
          ],
          [
            160.64427846116982,
            -64.10467546040248
          ],
          [
            162.4199553806224,
            -65.78815355091179
          ],
          [
            164.50085774431307,
            -67.46155502153027
          ],
          [
            159.92860891010514,
            -68.40902800378367
          ],
          [
            154.93423583645333,
            -69.20370024046544
          ],
          [
            149.5568556170805,
            -69.82367630939453
          ],
          [
            143.86984091596952,
            -70.24949687552667
          ]
        ]
      }
    },
    {
      "type": "Feature",
      "properties": {
        "discharge_m3_s": 2044.96,
        "drainage_km2": 241364.29,
        "role": "mouth"
      },
      "geometry": {
        "type": "LineString",
        "coordinates": [
          [
            -146.45294923162893,
            -58.09656536170907
          ],
          [
            -148.59194338717717,
            -58.70427588506562
          ],
          [
            -147.0130460201972,
            -59.80611693056742
          ],
          [
            -143.09030708909975,
            -60.19416519877359
          ],
          [
            -140.93945687047778,
            -59.46431256461172
          ],
          [
            -138.87586098583526,
            -58.698423379559635
          ],
          [
            -135.0,
            -58.77475037001499
          ],
          [
            -131.12413901416477,
            -58.698423379559635
          ]
        ]
      }
    },
    {
      "type": "Feature",
      "properties": {
        "discharge_m3_s": 2044.96,
        "drainage_km2": 241364.29,
        "role": "mouth"
      },
      "geometry": {
        "type": "LineString",
        "coordinates": [
          [
            -160.25934095551392,
            -61.135108215847524
          ],
          [
            -157.80294543706458,
            -60.73530850444923
          ],
          [
            -155.40519197348584,
            -60.290748698090376
          ],
          [
            -153.06931103798885,
            -59.802986192608216
          ],
          [
            -150.7976931889436,
            -59.273621933450784
          ],
          [
            -148.59194338717717,
            -58.70427588506562
          ],
          [
            -147.0130460201972,
            -59.80611693056742
          ],
          [
            -143.09030708909975,
            -60.19416519877359
          ],
          [
            -140.93945687047778,
            -59.46431256461172
          ],
          [
            -138.87586098583526,
            -58.698423379559635
          ],
          [
            -135.0,
            -58.77475037001499
          ],
          [
            -131.12413901416477,
            -58.698423379559635
          ]
        ]
      }
    },
    {
      "type": "Feature",
      "properties": {
        "discharge_m3_s": 3017.28,
        "drainage_km2": 923805.58,
        "role": "mouth"
      },
      "geometry": {
        "type": "LineString",
        "coordinates": [
          [
            -164.44960347790294,
            -63.13254988128175
          ],
          [
            -165.330752215254,
            -61.79457852657638
          ]
        ]
      }
    },
    {
      "type": "Feature",
      "properties": {
        "discharge_m3_s": 22987.99,
        "drainage_km2": 531514.72,
        "role": "mouth"
      },
      "geometry": {
        "type": "LineString",
        "coordinates": [
          [
            156.55109568238854,
            -61.986766090187004
          ],
          [
            157.8788260981768,
            -63.69088154167328
          ],
          [
            159.42615145364374,
            -65.39847641699671
          ],
          [
            161.24155518569822,
            -67.1036320011489
          ],
          [
            159.92860891010514,
            -68.40902800378367
          ],
          [
            154.93423583645333,
            -69.20370024046544
          ],
          [
            149.5568556170805,
            -69.82367630939453
          ],
          [
            143.86984091596952,
            -70.24949687552667
          ]
        ]
      }
    },
    {
      "type": "Feature",
      "properties": {
        "discharge_m3_s": 2044.96,
        "drainage_km2": 241364.29,
        "role": "mouth"
      },
      "geometry": {
        "type": "LineString",
        "coordinates": [
          [
            -145.3303677949544,
            -60.88583778564051
          ],
          [
            -143.09030708909975,
            -60.19416519877359
          ],
          [
            -140.93945687047778,
            -59.46431256461172
          ],
          [
            -138.87586098583526,
            -58.698423379559635
          ],
          [
            -135.0,
            -58.77475037001499
          ],
          [
            -131.12413901416477,
            -58.698423379559635
          ]
        ]
      }
    },
    {
      "type": "Feature",
      "properties": {
        "discharge_m3_s": 22987.99,
        "drainage_km2": 531514.72,
        "role": "mouth"
      },
      "geometry": {
        "type": "LineString",
        "coordinates": [
          [
            178.46519562098976,
            -65.3828402987575
          ],
          [
            175.68435847909734,
            -63.920192694410304
          ],
          [
            172.36047678251452,
            -65.19666220170714
          ],
          [
            168.641003196613,
            -66.38363719500373
          ],
          [
            164.50085774431307,
            -67.46155502153027
          ],
          [
            159.92860891010514,
            -68.40902800378367
          ],
          [
            154.93423583645333,
            -69.20370024046544
          ],
          [
            149.5568556170805,
            -69.82367630939453
          ],
          [
            143.86984091596952,
            -70.24949687552667
          ]
        ]
      }
    },
    {
      "type": "Feature",
      "properties": {
        "discharge_m3_s": 1391.28,
        "drainage_km2": 154309.44,
        "role": "mouth"
      },
      "geometry": {
        "type": "LineString",
        "coordinates": [
          [
            -139.07030404114917,
            -60.4302006114277
          ],
          [
            -135.0,
            -60.5094270698181
          ],
          [
            -133.0122596893581,
            -59.61935308388936
          ]
        ]
      }
    },
    {
      "type": "Feature",
      "properties": {
        "discharge_m3_s": 22987.99,
        "drainage_km2": 531514.72,
        "role": "mouth"
      },
      "geometry": {
        "type": "LineString",
        "coordinates": [
          [
            156.5228785732237,
            -64.95082578910863
          ],
          [
            158.08282108684017,
            -66.68088537125267
          ],
          [
            159.92860891010514,
            -68.40902800378367
          ],
          [
            154.93423583645333,
            -69.20370024046544
          ],
          [
            149.5568556170805,
            -69.82367630939453
          ],
          [
            143.86984091596952,
            -70.24949687552667
          ]
        ]
      }
    },
    {
      "type": "Feature",
      "properties": {
        "discharge_m3_s": 6124.26,
        "drainage_km2": 135749.6,
        "role": "mouth"
      },
      "geometry": {
        "type": "LineString",
        "coordinates": [
          [
            -137.21535768228802,
            -63.13877913584263
          ],
          [
            -132.784642317712,
            -63.13877913584263
          ]
        ]
      }
    },
    {
      "type": "Feature",
      "properties": {
        "discharge_m3_s": 987.49,
        "drainage_km2": 349491.4,
        "role": "mouth"
      },
      "geometry": {
        "type": "LineString",
        "coordinates": [
          [
            -149.5568556170805,
            -69.82367630939453
          ],
          [
            -150.9766219068375,
            -71.65233316532297
          ],
          [
            -154.90439592360156,
            -72.2437247953048
          ],
          [
            -160.7069848251082,
            -71.44576996296583
          ]
        ]
      }
    },
    {
      "type": "Feature",
      "properties": {
        "discharge_m3_s": 22987.99,
        "drainage_km2": 531514.72,
        "role": "mouth"
      },
      "geometry": {
        "type": "LineString",
        "coordinates": [
          [
            153.07407254519342,
            -70.43898176949953
          ],
          [
            149.5568556170805,
            -69.82367630939453
          ],
          [
            143.86984091596952,
            -70.24949687552667
          ]
        ]
      }
    },
    {
      "type": "Feature",
      "properties": {
        "discharge_m3_s": 22987.99,
        "drainage_km2": 531514.72,
        "role": "mouth"
      },
      "geometry": {
        "type": "LineString",
        "coordinates": [
          [
            143.14335177485825,
            -68.3999260676286
          ],
          [
            143.86984091596952,
            -70.24949687552667
          ]
        ]
      }
    },
    {
      "type": "Feature",
      "properties": {
        "discharge_m3_s": 18713.51,
        "drainage_km2": 273406.92,
        "role": "mouth"
      },
      "geometry": {
        "type": "LineString",
        "coordinates": [
          [
            -143.86984091596952,
            -70.24949687552667
          ],
          [
            -143.14335177485827,
            -68.3999260676286
          ],
          [
            -142.54281100907988,
            -66.56892860152135
          ],
          [
            -142.03997190703907,
            -64.75844539731807
          ],
          [
            -141.61450485797212,
            -62.97004556157558
          ],
          [
            -139.29610634645243,
            -62.18742407406851
          ],
          [
            -135.0,
            -62.270086293911014
          ],
          [
            -132.9071332683667,
            -61.36630024859489
          ]
        ]
      }
    },
    {
      "type": "Feature",
      "properties": {
        "discharge_m3_s": 267.88,
        "drainage_km2": 141947.92,
        "role": "mouth"
      },
      "geometry": {
        "type": "LineString",
        "coordinates": [
          [
            172.76162617942896,
            -73.7050762292457
          ],
          [
            169.02493078833098,
            -72.11507408192294
          ]
        ]
      }
    },
    {
      "type": "Feature",
      "properties": {
        "discharge_m3_s": 22987.99,
        "drainage_km2": 531514.72,
        "role": "mouth"
      },
      "geometry": {
        "type": "LineString",
        "coordinates": [
          [
            144.76264656252724,
            -72.11521587114564
          ],
          [
            143.86984091596952,
            -70.24949687552667
          ]
        ]
      }
    },
    {
      "type": "Feature",
      "properties": {
        "discharge_m3_s": 20876.16,
        "drainage_km2": 1211925.39,
        "role": "mouth"
      },
      "geometry": {
        "type": "LineString",
        "coordinates": [
          [
            -49.16643443665748,
            -76.17546083735691
          ],
          [
            -49.83240502416654,
            -78.10952044280687
          ],
          [
            -50.76736976706066,
            -80.05480747922608
          ],
          [
            -52.16981549045686,
            -82.00752202862016
          ],
          [
            -65.66043165606689,
            -81.52161308169971
          ],
          [
            -77.1064796166016,
            -80.62709015505075
          ]
        ]
      }
    },
    {
      "type": "Feature",
      "properties": {
        "discharge_m3_s": 20876.16,
        "drainage_km2": 1211925.39,
        "role": "mouth"
      },
      "geometry": {
        "type": "LineString",
        "coordinates": [
          [
            -24.821581702786656,
            -78.40739706967797
          ],
          [
            -34.57574428556833,
            -78.94280514985546
          ],
          [
            -45.0,
            -79.1274284864095
          ],
          [
            -50.76736976706066,
            -80.05480747922608
          ],
          [
            -52.16981549045686,
            -82.00752202862016
          ],
          [
            -65.66043165606689,
            -81.52161308169971
          ],
          [
            -77.1064796166016,
            -80.62709015505075
          ]
        ]
      }
    },
    {
      "type": "Feature",
      "properties": {
        "discharge_m3_s": 20876.16,
        "drainage_km2": 1211925.39,
        "role": "mouth"
      },
      "geometry": {
        "type": "LineString",
        "coordinates": [
          [
            -48.28511500931157,
            -72.35177503735756
          ],
          [
            -48.669314813698264,
            -74.2554464377838
          ],
          [
            -52.76377161757057,
            -75.10919700024581
          ],
          [
            -53.89044813218747,
            -77.02229431039203
          ],
          [
            -55.42425571443167,
            -78.94280514985546
          ],
          [
            -57.62309688287915,
            -80.8641350260091
          ],
          [
            -65.66043165606689,
            -81.52161308169971
          ],
          [
            -77.1064796166016,
            -80.62709015505075
          ]
        ]
      }
    },
    {
      "type": "Feature",
      "properties": {
        "discharge_m3_s": 26797.06,
        "drainage_km2": 475727.04,
        "role": "mouth"
      },
      "geometry": {
        "type": "LineString",
        "coordinates": [
          [
            -14.50422824343394,
            -76.21735297223569
          ],
          [
            -16.18286376978443,
            -77.5687593087241
          ],
          [
            -18.261549744724842,
            -78.90730732703533
          ],
          [
            -11.190073291168043,
            -79.2534468692634
          ],
          [
            -4.361687551853663,
            -80.83327540737501
          ],
          [
            5.163267930095913,
            -82.23449706593739
          ],
          [
            15.17316990100112,
            -81.98982332835973
          ],
          [
            28.986021743361736,
            -82.77467639203658
          ]
        ]
      }
    },
    {
      "type": "Feature",
      "properties": {
        "discharge_m3_s": 6159.82,
        "drainage_km2": 481946.55,
        "role": "mouth"
      },
      "geometry": {
        "type": "LineString",
        "coordinates": [
          [
            -45.0,
            -69.55737263152541
          ],
          [
            -42.019833955567414,
            -70.46640586737487
          ]
        ]
      }
    },
    {
      "type": "Feature",
      "properties": {
        "discharge_m3_s": 5221.77,
        "drainage_km2": 144986.35,
        "role": "mouth"
      },
      "geometry": {
        "type": "LineString",
        "coordinates": [
          [
            63.546267504792006,
            -56.93673914583269
          ],
          [
            64.41142965202047,
            -58.606455520307584
          ],
          [
            65.40519197348583,
            -60.290748698090376
          ]
        ]
      }
    },
    {
      "type": "Feature",
      "properties": {
        "discharge_m3_s": 27647.46,
        "drainage_km2": 435854.9,
        "role": "mouth"
      },
      "geometry": {
        "type": "LineString",
        "coordinates": [
          [
            -10.975069211669032,
            -72.11507408192294
          ],
          [
            -6.631647897333496,
            -72.31082935461701
          ],
          [
            -6.110994666960928,
            -70.91495966363587
          ],
          [
            -2.0430699726111254,
            -71.00441454106401
          ],
          [
            -1.8910015029918847,
            -69.59917975498908
          ],
          [
            1.7577526253662485,
            -68.19382603002984
          ]
        ]
      }
    },
    {
      "type": "Feature",
      "properties": {
        "discharge_m3_s": 17926.49,
        "drainage_km2": 1146105.55,
        "role": "mouth"
      },
      "geometry": {
        "type": "LineString",
        "coordinates": [
          [
            -35.339407235598074,
            -65.50254115778951
          ],
          [
            -35.947857108640754,
            -63.71121309143916
          ],
          [
            -31.58575639479006,
            -63.28789152136801
          ]
        ]
      }
    },
    {
      "type": "Feature",
      "properties": {
        "discharge_m3_s": 17926.49,
        "drainage_km2": 1146105.55,
        "role": "mouth"
      },
      "geometry": {
        "type": "LineString",
        "coordinates": [
          [
            -38.385495142027864,
            -62.97004556157558
          ],
          [
            -35.947857108640754,
            -63.71121309143916
          ],
          [
            -31.58575639479006,
            -63.28789152136801
          ]
        ]
      }
    },
    {
      "type": "Feature",
      "properties": {
        "discharge_m3_s": 17926.49,
        "drainage_km2": 1146105.55,
        "role": "mouth"
      },
      "geometry": {
        "type": "LineString",
        "coordinates": [
          [
            -33.38789447538613,
            -64.40779108663584
          ],
          [
            -31.58575639479006,
            -63.28789152136801
          ]
        ]
      }
    },
    {
      "type": "Feature",
      "properties": {
        "discharge_m3_s": 17926.49,
        "drainage_km2": 1146105.55,
        "role": "mouth"
      },
      "geometry": {
        "type": "LineString",
        "coordinates": [
          [
            -27.89565046892305,
            -65.65388428648164
          ],
          [
            -30.703848916507603,
            -65.05648578935214
          ],
          [
            -31.58575639479006,
            -63.28789152136801
          ]
        ]
      }
    },
    {
      "type": "Feature",
      "properties": {
        "discharge_m3_s": 5962.42,
        "drainage_km2": 124566.36,
        "role": "mouth"
      },
      "geometry": {
        "type": "LineString",
        "coordinates": [
          [
            -43.181607134423054,
            -56.204277594005575
          ],
          [
            -46.818392865576946,
            -56.204277594005575
          ]
        ]
      }
    },
    {
      "type": "Feature",
      "properties": {
        "discharge_m3_s": 9297.91,
        "drainage_km2": 495778.54,
        "role": "mouth"
      },
      "geometry": {
        "type": "LineString",
        "coordinates": [
          [
            -37.292612309368444,
            -58.470920848907845
          ],
          [
            -35.17859024457191,
            -59.15731293282547
          ],
          [
            -34.66963220504558,
            -60.88583778564051
          ]
        ]
      }
    },
    {
      "type": "Feature",
      "properties": {
        "discharge_m3_s": 17926.49,
        "drainage_km2": 1146105.55,
        "role": "mouth"
      },
      "geometry": {
        "type": "LineString",
        "coordinates": [
          [
            -32.9869539798028,
            -59.80611693056742
          ],
          [
            -32.33910638769615,
            -61.53708943708998
          ],
          [
            -31.58575639479006,
            -63.28789152136801
          ]
        ]
      }
    },
    {
      "type": "Feature",
      "properties": {
        "discharge_m3_s": 11699.53,
        "drainage_km2": 122028.43,
        "role": "mouth"
      },
      "geometry": {
        "type": "LineString",
        "coordinates": [
          [
            48.43450918372293,
            -53.660819976447456
          ],
          [
            46.75007261655802,
            -54.536895566275376
          ]
        ]
      }
    },
    {
      "type": "Feature",
      "properties": {
        "discharge_m3_s": 5203.33,
        "drainage_km2": 144217.29,
        "role": "mouth"
      },
      "geometry": {
        "type": "LineString",
        "coordinates": [
          [
            -41.438432935511216,
            -55.31338286560289
          ],
          [
            -45.0,
            -55.38518376243741
          ],
          [
            -48.561567064488784,
            -55.31338286560288
          ]
        ]
      }
    },
    {
      "type": "Feature",
      "properties": {
        "discharge_m3_s": 6853.7,
        "drainage_km2": 142767.62,
        "role": "mouth"
      },
      "geometry": {
        "type": "LineString",
        "coordinates": [
          [
            -39.76696593034278,
            -54.39541965708053
          ],
          [
            -43.249927383441985,
            -54.536895566275376
          ],
          [
            -46.75007261655802,
            -54.536895566275376
          ]
        ]
      }
    },
    {
      "type": "Feature",
      "properties": {
        "discharge_m3_s": 996.14,
        "drainage_km2": 127087.45,
        "role": "mouth"
      },
      "geometry": {
        "type": "LineString",
        "coordinates": [
          [
            -8.892424180707417,
            -60.87825311524529
          ],
          [
            -6.753066314578655,
            -62.41473376938588
          ]
        ]
      }
    },
    {
      "type": "Feature",
      "properties": {
        "discharge_m3_s": 3889.84,
        "drainage_km2": 119172.31,
        "role": "mouth"
      },
      "geometry": {
        "type": "LineString",
        "coordinates": [
          [
            45.0,
            -52.103711226003576
          ],
          [
            45.0,
            -53.73087079173838
          ]
        ]
      }
    },
    {
      "type": "Feature",
      "properties": {
        "discharge_m3_s": 5640.03,
        "drainage_km2": 140914.34,
        "role": "mouth"
      },
      "geometry": {
        "type": "LineString",
        "coordinates": [
          [
            -39.94390137776555,
            -52.75827145341841
          ],
          [
            -43.30937812533862,
            -52.89655668385246
          ],
          [
            -46.69062187466139,
            -52.896556683852474
          ]
        ]
      }
    },
    {
      "type": "Feature",
      "properties": {
        "discharge_m3_s": 6115.98,
        "drainage_km2": 141235.18,
        "role": "mouth"
      },
      "geometry": {
        "type": "LineString",
        "coordinates": [
          [
            -38.16365410503929,
            -53.45182536513295
          ],
          [
            -41.56549081627707,
            -53.660819976447456
          ],
          [
            -45.00000000000001,
            -53.73087079173838
          ]
        ]
      }
    },
    {
      "type": "Feature",
      "properties": {
        "discharge_m3_s": 9297.91,
        "drainage_km2": 495778.54,
        "role": "mouth"
      },
      "geometry": {
        "type": "LineString",
        "coordinates": [
          [
            -28.526909952718256,
            -56.441568939284785
          ],
          [
            -32.00735319780073,
            -57.01381512106834
          ],
          [
            -35.61904210162788,
            -57.452086488825636
          ],
          [
            -35.17859024457191,
            -59.15731293282547
          ],
          [
            -34.66963220504558,
            -60.88583778564051
          ]
        ]
      }
    },
    {
      "type": "Feature",
      "properties": {
        "discharge_m3_s": 3239.25,
        "drainage_km2": 118533.3,
        "role": "mouth"
      },
      "geometry": {
        "type": "LineString",
        "coordinates": [
          [
            43.36110712460953,
            -51.28331146144509
          ],
          [
            43.30937812533861,
            -52.896556683852474
          ]
        ]
      }
    },
    {
      "type": "Feature",
      "properties": {
        "discharge_m3_s": 8261.13,
        "drainage_km2": 278214.19,
        "role": "mouth"
      },
      "geometry": {
        "type": "LineString",
        "coordinates": [
          [
            46.59395867554653,
            -49.697099194354806
          ],
          [
            46.638892875390475,
            -51.28331146144509
          ],
          [
            46.69062187466139,
            -52.896556683852474
          ],
          [
            46.75007261655802,
            -54.536895566275376
          ]
        ]
      }
    },
    {
      "type": "Feature",
      "properties": {
        "discharge_m3_s": 6422.76,
        "drainage_km2": 118665.41,
        "role": "mouth"
      },
      "geometry": {
        "type": "LineString",
        "coordinates": [
          [
            -41.77228135195787,
            -50.436331175344485
          ],
          [
            -45.0,
            -50.503690099070695
          ]
        ]
      }
    },
    {
      "type": "Feature",
      "properties": {
        "discharge_m3_s": 7897.79,
        "drainage_km2": 139127.3,
        "role": "mouth"
      },
      "geometry": {
        "type": "LineString",
        "coordinates": [
          [
            -40.097925600648395,
            -51.14769513826502
          ],
          [
            -43.36110712460953,
            -51.28331146144509
          ],
          [
            -46.638892875390475,
            -51.28331146144509
          ]
        ]
      }
    },
    {
      "type": "Feature",
      "properties": {
        "discharge_m3_s": 6557.74,
        "drainage_km2": 139389.06,
        "role": "mouth"
      },
      "geometry": {
        "type": "LineString",
        "coordinates": [
          [
            -38.38231678382871,
            -51.83047474911913
          ],
          [
            -41.67609140334287,
            -52.03512964189872
          ],
          [
            -45.0,
            -52.103711226003576
          ]
        ]
      }
    },
    {
      "type": "Feature",
      "properties": {
        "discharge_m3_s": 17926.49,
        "drainage_km2": 1146105.55,
        "role": "mouth"
      },
      "geometry": {
        "type": "LineString",
        "coordinates": [
          [
            -21.07730506125371,
            -56.56071157991174
          ],
          [
            -19.962963257065596,
            -58.19796147420233
          ],
          [
            -21.038563201689367,
            -59.471963189086956
          ],
          [
            -24.594808026514166,
            -60.29074869809039
          ],
          [
            -28.37011372982871,
            -60.98328625141525
          ],
          [
            -32.33910638769615,
            -61.53708943708998
          ],
          [
            -31.58575639479006,
            -63.28789152136801
          ]
        ]
      }
    },
    {
      "type": "Feature",
      "properties": {
        "discharge_m3_s": 6106.53,
        "drainage_km2": 117085.63,
        "role": "mouth"
      },
      "geometry": {
        "type": "LineString",
        "coordinates": [
          [
            -43.444933420242194,
            -48.137757946113446
          ],
          [
            -46.55506657975781,
            -48.13775794611345
          ]
        ]
      }
    },
    {
      "type": "Feature",
      "properties": {
        "discharge_m3_s": 5683.54,
        "drainage_km2": 117244.63,
        "role": "mouth"
      },
      "geometry": {
        "type": "LineString",
        "coordinates": [
          [
            -41.85571940060749,
            -48.86433252980738
          ],
          [
            -45.00000000000001,
            -48.9306879605734
          ]
        ]
      }
    },
    {
      "type": "Feature",
      "properties": {
        "discharge_m3_s": 9297.91,
        "drainage_km2": 495778.54,
        "role": "mouth"
      },
      "geometry": {
        "type": "LineString",
        "coordinates": [
          [
            -22.054624753440475,
            -54.93365844810748
          ],
          [
            -23.158647692299574,
            -56.17056438584178
          ],
          [
            -24.334086414962982,
            -57.3952104643144
          ],
          [
            -27.784094197499428,
            -58.113523403511294
          ],
          [
            -31.40805661282287,
            -58.70427588506562
          ],
          [
            -35.17859024457191,
            -59.15731293282547
          ],
          [
            -34.66963220504558,
            -60.88583778564051
          ]
        ]
      }
    },
    {
      "type": "Feature",
      "properties": {
        "discharge_m3_s": 5392.59,
        "drainage_km2": 136894.41,
        "role": "mouth"
      },
      "geometry": {
        "type": "LineString",
        "coordinates": [
          [
            41.85571940060749,
            -48.86433252980738
          ],
          [
            41.77228135195787,
            -50.436331175344485
          ],
          [
            41.676091403342866,
            -52.03512964189872
          ]
        ]
      }
    },
    {
      "type": "Feature",
      "properties": {
        "discharge_m3_s": 7669.45,
        "drainage_km2": 156366.9,
        "role": "mouth"
      },
      "geometry": {
        "type": "LineString",
        "coordinates": [
          [
            -37.097833694881565,
            -49.29888339864551
          ],
          [
            -40.23176943560677,
            -49.5636906235781
          ],
          [
            -43.406041324453476,
            -49.697099194354806
          ],
          [
            -46.59395867554654,
            -49.697099194354806
          ]
        ]
      }
    },
    {
      "type": "Feature",
      "properties": {
        "discharge_m3_s": 17926.49,
        "drainage_km2": 1146105.55,
        "role": "mouth"
      },
      "geometry": {
        "type": "LineString",
        "coordinates": [
          [
            -17.1485667294846,
            -54.32177617192413
          ],
          [
            -18.0253421530623,
            -55.62203306526222
          ],
          [
            -18.96118390166713,
            -56.91435219798286
          ],
          [
            -19.962963257065596,
            -58.19796147420233
          ],
          [
            -21.038563201689367,
            -59.471963189086956
          ],
          [
            -24.594808026514166,
            -60.29074869809039
          ],
          [
            -28.37011372982871,
            -60.98328625141525
          ],
          [
            -32.33910638769615,
            -61.53708943708998
          ],
          [
            -31.58575639479006,
            -63.28789152136801
          ]
        ]
      }
    },
    {
      "type": "Feature",
      "properties": {
        "discharge_m3_s": 148.77,
        "drainage_km2": 153738.81,
        "role": "mouth"
      },
      "geometry": {
        "type": "LineString",
        "coordinates": [
          [
            -6.794236437253133,
            -53.94871223197169
          ],
          [
            -5.117034425895713,
            -55.44006260916572
          ],
          [
            -3.240348783072959,
            -56.911205214963495
          ]
        ]
      }
    },
    {
      "type": "Feature",
      "properties": {
        "discharge_m3_s": 4026.33,
        "drainage_km2": 135560.17,
        "role": "mouth"
      },
      "geometry": {
        "type": "LineString",
        "coordinates": [
          [
            -40.53245181563049,
            -44.96947937323704
          ],
          [
            -43.50693071751389,
            -45.0985934058288
          ],
          [
            -46.49306928248611,
            -45.09859340582881
          ]
        ]
      }
    },
    {
      "type": "Feature",
      "properties": {
        "discharge_m3_s": 9068.58,
        "drainage_km2": 360696.18,
        "role": "mouth"
      },
      "geometry": {
        "type": "LineString",
        "coordinates": [
          [
            -36.06237893059104,
            -45.28603214957936
          ],
          [
            -37.59249264360722,
            -44.713081325922005
          ],
          [
            -39.10639147122457,
            -44.114297063383326
          ],
          [
            -42.041823275622605,
            -44.3067716498136
          ],
          [
            -44.99999999999999,
            -44.37123399159845
          ],
          [
            -47.958176724377395,
            -44.3067716498136
          ]
        ]
      }
    },
    {
      "type": "Feature",
      "properties": {
        "discharge_m3_s": 364.36,
        "drainage_km2": 1061386.95,
        "role": "mouth"
      },
      "geometry": {
        "type": "LineString",
        "coordinates": [
          [
            -4.3895472407299625,
            -51.24598805266329
          ],
          [
            -4.616457459003994,
            -52.64461783050796
          ],
          [
            -4.858338263414218,
            -54.04266107040119
          ],
          [
            -3.072985130945347,
            -55.508403666535564
          ],
          [
            -3.240348783072959,
            -56.911205214963495
          ]
        ]
      }
    },
    {
      "type": "Feature",
      "properties": {
        "discharge_m3_s": 364.36,
        "drainage_km2": 1061386.95,
        "role": "mouth"
      },
      "geometry": {
        "type": "LineString",
        "coordinates": [
          [
            -16.598006521525736,
            -47.30273116208544
          ],
          [
            -17.33699611250992,
            -45.77918139560207
          ],
          [
            -15.840114553853459,
            -46.00204401221069
          ],
          [
            -14.340384515567221,
            -46.204098317395584
          ],
          [
            -12.838046685311658,
            -46.38550081525896
          ],
          [
            -11.333350632577927,
            -46.54639244060009
          ],
          [
            -10.313037658092009,
            -48.052086983789124
          ],
          [
            -8.732202923031206,
            -48.1839022301584
          ],
          [
            -7.508171927081489,
            -49.678651352671416
          ],
          [
            -6.141233275565254,
            -51.16715286238715
          ],
          [
            -4.616457459003994,
            -52.64461783050796
          ],
          [
            -4.858338263414218,
            -54.04266107040119
          ],
          [
            -3.072985130945347,
            -55.508403666535564
          ],
          [
            -3.240348783072959,
            -56.911205214963495
          ]
        ]
      }
    },
    {
      "type": "Feature",
      "properties": {
        "discharge_m3_s": 364.36,
        "drainage_km2": 1061386.95,
        "role": "mouth"
      },
      "geometry": {
        "type": "LineString",
        "coordinates": [
          [
            -18.830798115341082,
            -45.535338474841105
          ],
          [
            -17.33699611250992,
            -45.77918139560207
          ],
          [
            -15.840114553853459,
            -46.00204401221069
          ],
          [
            -14.340384515567221,
            -46.204098317395584
          ],
          [
            -12.838046685311658,
            -46.38550081525896
          ],
          [
            -11.333350632577927,
            -46.54639244060009
          ],
          [
            -10.313037658092009,
            -48.052086983789124
          ],
          [
            -8.732202923031206,
            -48.1839022301584
          ],
          [
            -7.508171927081489,
            -49.678651352671416
          ],
          [
            -6.141233275565254,
            -51.16715286238715
          ],
          [
            -4.616457459003994,
            -52.64461783050796
          ],
          [
            -4.858338263414218,
            -54.04266107040119
          ],
          [
            -3.072985130945347,
            -55.508403666535564
          ],
          [
            -3.240348783072959,
            -56.911205214963495
          ]
        ]
      }
    }
  ]
}
