{
  "type": "FeatureCollection",
  "name": "settlement-sites-v2",
  "schema_version": "2.1",
  "features": [
    {
      "type": "Feature",
      "properties": {
        "rank": 1,
        "h_pre": 0.9201,
        "h_ind": 0.9546,
        "h_ac": 0.9546,
        "settle_ind": 0.9881,
        "settle_ac": 0.9881,
        "settle_no_incentive": 0.919,
        "mechanism": "environment_led",
        "dominant_incentive": "resource",
        "ac_kwh_pc_yr": 0.0,
        "ac_water_l_pc_day": 0.0,
        "lon": -101.42578125,
        "lat": -31.653359949062214
      },
      "geometry": {
        "type": "Polygon",
        "coordinates": [
          [
            [
              -100.47508418461992,
              -31.610854319187172
            ],
            [
              -101.00312836758917,
              -30.90084742051901
            ],
            [
              -101.56598533708953,
              -30.83541550067722
            ],
            [
              -102.12664609357738,
              -31.52547564335923
            ],
            [
              -102.31058747127798,
              -31.886780653970657
            ],
            [
              -101.59611811879651,
              -32.01228507053746
            ],
            [
              -101.04562842909084,
              -32.02454791051585
            ],
            [
              -100.47508418461992,
              -31.610854319187172
            ]
          ]
        ]
      }
    },
    {
      "type": "Feature",
      "properties": {
        "rank": 2,
        "h_pre": 0.5991,
        "h_ind": 0.708,
        "h_ac": 0.8316,
        "settle_ind": 0.975,
        "settle_ac": 0.9876,
        "settle_no_incentive": 0.5614,
        "mechanism": "technology_enabled",
        "dominant_incentive": "resource",
        "ac_kwh_pc_yr": 512.2,
        "ac_water_l_pc_day": 0.98,
        "lon": 54.31640625000001,
        "lat": 11.937773020714438
      },
      "geometry": {
        "type": "Polygon",
        "coordinates": [
          [
            [
              54.62677041753874,
              11.945623532934503
            ],
            [
              54.76319374447794,
              12.58227715046552
            ],
            [
              54.24328870573452,
              12.662639422263364
            ],
            [
              53.82122420355834,
              12.055367333696136
            ],
            [
              53.70786838992417,
              11.524114413117498
            ],
            [
              54.37001654838245,
              11.443061681528162
            ],
            [
              54.51008451714714,
              11.563643430267375
            ],
            [
              54.62677041753874,
              11.945623532934503
            ]
          ]
        ]
      }
    },
    {
      "type": "Feature",
      "properties": {
        "rank": 3,
        "h_pre": 0.8576,
        "h_ind": 0.9205,
        "h_ac": 0.9205,
        "settle_ind": 0.9761,
        "settle_ac": 0.9761,
        "settle_no_incentive": 0.8523,
        "mechanism": "environment_led",
        "dominant_incentive": "resource",
        "ac_kwh_pc_yr": 0.0,
        "ac_water_l_pc_day": 0.0,
        "lon": 168.22265625,
        "lat": -4.646622002088755
      },
      "geometry": {
        "type": "Polygon",
        "coordinates": [
          [
            [
              168.74388966476891,
              -4.7405928832133055
            ],
            [
              168.45204192788313,
              -4.2295033544880845
            ],
            [
              167.97054361118344,
              -4.184900180615062
            ],
            [
              167.60432048754905,
              -4.3949545612243055
            ],
            [
              167.70619764911933,
              -4.713891270605618
            ],
            [
              168.06794280291757,
              -4.9859585913555
            ],
            [
              168.65535456435646,
              -5.0514085703261005
            ],
            [
              168.74388966476891,
              -4.7405928832133055
            ]
          ]
        ]
      }
    },
    {
      "type": "Feature",
      "properties": {
        "rank": 4,
        "h_pre": 0.9014,
        "h_ind": 0.9424,
        "h_ac": 0.9424,
        "settle_ind": 0.9719,
        "settle_ac": 0.9719,
        "settle_no_incentive": 0.8919,
        "mechanism": "environment_led",
        "dominant_incentive": "resource",
        "ac_kwh_pc_yr": 0.0,
        "ac_water_l_pc_day": 0.0,
        "lon": 54.31640625000001,
        "lat": -20.862890971740367
      },
      "geometry": {
        "type": "Polygon",
        "coordinates": [
          [
            [
              55.17452753076116,
              -20.599290208040482
            ],
            [
              54.62926098051919,
              -20.463247548148832
            ],
            [
              54.34830186010103,
              -20.385514549122213
            ],
            [
              53.53951788351298,
              -20.374734060576575
            ],
            [
              53.77607923727114,
              -20.964215500800574
            ],
            [
              54.03749819808787,
              -21.34924115607016
            ],
            [
              54.94478095759821,
              -21.438715412890566
            ],
            [
              55.17452753076116,
              -20.599290208040482
            ]
          ]
        ]
      }
    },
    {
      "type": "Feature",
      "properties": {
        "rank": 5,
        "h_pre": 0.9556,
        "h_ind": 0.9778,
        "h_ac": 0.9778,
        "settle_ind": 0.9643,
        "settle_ac": 0.9643,
        "settle_no_incentive": 0.9594,
        "mechanism": "environment_led",
        "dominant_incentive": "trade",
        "ac_kwh_pc_yr": 0.0,
        "ac_water_l_pc_day": 0.0,
        "lon": -116.19140625,
        "lat": 0.7886762329065814
      },
      "geometry": {
        "type": "Polygon",
        "coordinates": [
          [
            [
              -115.60027591405003,
              0.5971000375173335
            ],
            [
              -115.78114768866222,
              1.0707634024406478
            ],
            [
              -116.18724389455467,
              1.599086687630401
            ],
            [
              -116.8343314722109,
              1.282729100764804
            ],
            [
              -116.95628078072593,
              0.5880328317292547
            ],
            [
              -116.44146104100403,
              0.016594293823475326
            ],
            [
              -116.02384754963519,
              0.4565097143689105
            ],
            [
              -115.60027591405003,
              0.5971000375173335
            ]
          ]
        ]
      }
    },
    {
      "type": "Feature",
      "properties": {
        "rank": 6,
        "h_pre": 0.8959,
        "h_ind": 0.9338,
        "h_ac": 0.9338,
        "settle_ind": 0.9589,
        "settle_ac": 0.9589,
        "settle_no_incentive": 0.875,
        "mechanism": "environment_led",
        "dominant_incentive": "resource",
        "ac_kwh_pc_yr": 0.0,
        "ac_water_l_pc_day": 0.0,
        "lon": 25.839843749999996,
        "lat": 11.266230261802743
      },
      "geometry": {
        "type": "Polygon",
        "coordinates": [
          [
            [
              26.400622568059692,
              11.09271668809466
            ],
            [
              25.946360963450633,
              11.533471021817068
            ],
            [
              25.56772033502627,
              11.721274778319387
            ],
            [
              25.3302821648958,
              11.540948728493753
            ],
            [
              25.34004669921067,
              10.840186065044046
            ],
            [
              25.48124650564064,
              10.592680945521543
            ],
            [
              26.212069018764318,
              10.80720716448503
            ],
            [
              26.400622568059692,
              11.09271668809466
            ]
          ]
        ]
      }
    },
    {
      "type": "Feature",
      "properties": {
        "rank": 7,
        "h_pre": 0.9185,
        "h_ind": 0.9527,
        "h_ac": 0.9527,
        "settle_ind": 0.9582,
        "settle_ac": 0.9582,
        "settle_no_incentive": 0.9162,
        "mechanism": "environment_led",
        "dominant_incentive": "resource",
        "ac_kwh_pc_yr": 0.0,
        "ac_water_l_pc_day": 0.0,
        "lon": -101.77734375,
        "lat": -30.924740730426546
      },
      "geometry": {
        "type": "Polygon",
        "coordinates": [
          [
            [
              -101.06069845899634,
              -30.78613926822311
            ],
            [
              -100.9293804643121,
              -30.461241919601836
            ],
            [
              -101.87866946424741,
              -30.170591026845052
            ],
            [
              -102.64319626459468,
              -30.584778550577568
            ],
            [
              -102.36544875512485,
              -31.17919943451587
            ],
            [
              -102.2403559418311,
              -31.5960954911755
            ],
            [
              -101.00897870740759,
              -31.489538148872217
            ],
            [
              -101.06069845899634,
              -30.78613926822311
            ]
          ]
        ]
      }
    },
    {
      "type": "Feature",
      "properties": {
        "rank": 8,
        "h_pre": 0.9425,
        "h_ind": 0.9659,
        "h_ac": 0.9659,
        "settle_ind": 0.9574,
        "settle_ac": 0.9574,
        "settle_no_incentive": 0.9415,
        "mechanism": "environment_led",
        "dominant_incentive": "trade",
        "ac_kwh_pc_yr": 0.0,
        "ac_water_l_pc_day": 0.0,
        "lon": 76.46484375,
        "lat": 0.5126983598015395
      },
      "geometry": {
        "type": "Polygon",
        "coordinates": [
          [
            [
              76.80648953449592,
              0.5999180862475927
            ],
            [
              76.77072573481163,
              1.03925039936909
            ],
            [
              76.51738389613885,
              1.2502743798110438
            ],
            [
              76.1791469154774,
              0.8013307889452435
            ],
            [
              76.10652315442786,
              0.19518007840650742
            ],
            [
              76.43755820240212,
              0.0003287711963803064
            ],
            [
              76.71207279153518,
              -0.17972804152039112
            ],
            [
              76.80648953449592,
              0.5999180862475927
            ]
          ]
        ]
      }
    },
    {
      "type": "Feature",
      "properties": {
        "rank": 9,
        "h_pre": 0.9464,
        "h_ind": 0.9683,
        "h_ac": 0.9683,
        "settle_ind": 0.9559,
        "settle_ac": 0.9559,
        "settle_no_incentive": 0.9438,
        "mechanism": "environment_led",
        "dominant_incentive": "trade",
        "ac_kwh_pc_yr": 0.0,
        "ac_water_l_pc_day": 0.0,
        "lon": -84.90234375,
        "lat": -5.77799296871215
      },
      "geometry": {
        "type": "Polygon",
        "coordinates": [
          [
            [
              -84.59303563128822,
              -5.750347348879051
            ],
            [
              -84.732419862963,
              -5.422962633577068
            ],
            [
              -85.21077512352589,
              -5.22512945381652
            ],
            [
              -85.51311421866586,
              -5.231094941267819
            ],
            [
              -85.52579982203049,
              -5.879596920451054
            ],
            [
              -85.16091206351568,
              -6.325221673980258
            ],
            [
              -84.57098815566223,
              -6.433424817661812
            ],
            [
              -84.59303563128822,
              -5.750347348879051
            ]
          ]
        ]
      }
    },
    {
      "type": "Feature",
      "properties": {
        "rank": 10,
        "h_pre": 0.9415,
        "h_ind": 0.9654,
        "h_ac": 0.9654,
        "settle_ind": 0.9558,
        "settle_ac": 0.9558,
        "settle_no_incentive": 0.9401,
        "mechanism": "environment_led",
        "dominant_incentive": "trade",
        "ac_kwh_pc_yr": 0.0,
        "ac_water_l_pc_day": 0.0,
        "lon": -129.90234375,
        "lat": 18.636015501260093
      },
      "geometry": {
        "type": "Polygon",
        "coordinates": [
          [
            [
              -129.1484697122335,
              18.84651115987786
            ],
            [
              -129.63837692262916,
              19.306254614538336
            ],
            [
              -129.92419317679725,
              19.06005374949205
            ],
            [
              -130.75790774744607,
              18.818910809384366
            ],
            [
              -130.20892624289604,
              18.405110331882604
            ],
            [
              -130.22388950902078,
              18.13229426172952
            ],
            [
              -129.3295970948234,
              18.036609465653267
            ],
            [
              -129.1484697122335,
              18.84651115987786
            ]
          ]
        ]
      }
    },
    {
      "type": "Feature",
      "properties": {
        "rank": 11,
        "h_pre": 0.9484,
        "h_ind": 0.9728,
        "h_ac": 0.9728,
        "settle_ind": 0.9556,
        "settle_ac": 0.9556,
        "settle_no_incentive": 0.9499,
        "mechanism": "environment_led",
        "dominant_incentive": "trade",
        "ac_kwh_pc_yr": 0.0,
        "ac_water_l_pc_day": 0.0,
        "lon": -115.48828124999999,
        "lat": 0.15867313641005484
      },
      "geometry": {
        "type": "Polygon",
        "coordinates": [
          [
            [
              -114.62047375867701,
              0.1900687005492457
            ],
            [
              -115.04358372432172,
              0.7398941635239453
            ],
            [
              -115.48469369801914,
              0.9686481310691227
            ],
            [
              -116.06428384250144,
              0.32236930901834865
            ],
            [
              -116.11814615802146,
              0.011039972908380075
            ],
            [
              -115.47695114325188,
              -0.2476123743336752
            ],
            [
              -115.10697508181987,
              -0.21675249384878917
            ],
            [
              -114.62047375867701,
              0.1900687005492457
            ]
          ]
        ]
      }
    },
    {
      "type": "Feature",
      "properties": {
        "rank": 12,
        "h_pre": 0.944,
        "h_ind": 0.9681,
        "h_ac": 0.9681,
        "settle_ind": 0.9546,
        "settle_ac": 0.9546,
        "settle_no_incentive": 0.9435,
        "mechanism": "environment_led",
        "dominant_incentive": "trade",
        "ac_kwh_pc_yr": 0.0,
        "ac_water_l_pc_day": 0.0,
        "lon": -147.48046875000003,
        "lat": 2.2237565336520784
      },
      "geometry": {
        "type": "Polygon",
        "coordinates": [
          [
            [
              -147.05979205796643,
              2.1639041019664575
            ],
            [
              -147.12398349813358,
              2.488089486319682
            ],
            [
              -147.79478308662104,
              2.987753800481138
            ],
            [
              -148.05028136206118,
              2.34396855630098
            ],
            [
              -147.85522969624384,
              2.06354329973735
            ],
            [
              -147.42383612975462,
              1.659885606899035
            ],
            [
              -147.15346869999166,
              1.8357988510421728
            ],
            [
              -147.05979205796643,
              2.1639041019664575
            ]
          ]
        ]
      }
    },
    {
      "type": "Feature",
      "properties": {
        "rank": 13,
        "h_pre": 0.9478,
        "h_ind": 0.9679,
        "h_ac": 0.9679,
        "settle_ind": 0.954,
        "settle_ac": 0.954,
        "settle_no_incentive": 0.9434,
        "mechanism": "environment_led",
        "dominant_incentive": "trade",
        "ac_kwh_pc_yr": 0.0,
        "ac_water_l_pc_day": 0.0,
        "lon": -116.19140625,
        "lat": -3.313282082879048
      },
      "geometry": {
        "type": "Polygon",
        "coordinates": [
          [
            [
              -115.37542267204321,
              -3.073437063623393
            ],
            [
              -115.65692308311297,
              -2.9273119148704048
            ],
            [
              -116.30686016385322,
              -2.791667211799345
            ],
            [
              -116.87248856662883,
              -2.8587958057422345
            ],
            [
              -116.58946811918732,
              -3.618162908552423
            ],
            [
              -116.2484802982173,
              -3.6326486929073885
            ],
            [
              -115.57582520925962,
              -3.84554214547823
            ],
            [
              -115.37542267204321,
              -3.073437063623393
            ]
          ]
        ]
      }
    },
    {
      "type": "Feature",
      "properties": {
        "rank": 14,
        "h_pre": 0.9404,
        "h_ind": 0.9666,
        "h_ac": 0.9666,
        "settle_ind": 0.9535,
        "settle_ac": 0.9535,
        "settle_no_incentive": 0.9408,
        "mechanism": "environment_led",
        "dominant_incentive": "trade",
        "ac_kwh_pc_yr": 0.0,
        "ac_water_l_pc_day": 0.0,
        "lon": 81.03515625,
        "lat": -6.7725059274506405
      },
      "geometry": {
        "type": "Polygon",
        "coordinates": [
          [
            [
              81.70773550629188,
              -6.86993921800375
            ],
            [
              81.14108977849521,
              -6.495841585785249
            ],
            [
              81.04774685088215,
              -5.911406377829297
            ],
            [
              80.66734407657384,
              -6.595032397133549
            ],
            [
              80.32363638061618,
              -7.029975519335922
            ],
            [
              80.86797062058774,
              -7.460270054825461
            ],
            [
              81.37997087997628,
              -7.16251559805496
            ],
            [
              81.70773550629188,
              -6.86993921800375
            ]
          ]
        ]
      }
    },
    {
      "type": "Feature",
      "properties": {
        "rank": 15,
        "h_pre": 0.9447,
        "h_ind": 0.9661,
        "h_ac": 0.9661,
        "settle_ind": 0.9528,
        "settle_ac": 0.9528,
        "settle_no_incentive": 0.9402,
        "mechanism": "environment_led",
        "dominant_incentive": "trade",
        "ac_kwh_pc_yr": 0.0,
        "ac_water_l_pc_day": 0.0,
        "lon": -117.24609375000001,
        "lat": -1.0939814669632903
      },
      "geometry": {
        "type": "Polygon",
        "coordinates": [
          [
            [
              -116.94415713450354,
              -1.075179946164388
            ],
            [
              -116.74779144564707,
              -0.6255917132911513
            ],
            [
              -117.48067641402587,
              -0.6886066922413625
            ],
            [
              -117.84378063497563,
              -0.6622540113893527
            ],
            [
              -117.81429131951845,
              -1.3730751163671424
            ],
            [
              -117.35278665939833,
              -1.4798864756279135
            ],
            [
              -117.0123068010784,
              -1.568037069180988
            ],
            [
              -116.94415713450354,
              -1.075179946164388
            ]
          ]
        ]
      }
    },
    {
      "type": "Feature",
      "properties": {
        "rank": 16,
        "h_pre": 0.9464,
        "h_ind": 0.9724,
        "h_ac": 0.9724,
        "settle_ind": 0.9525,
        "settle_ac": 0.9525,
        "settle_no_incentive": 0.9483,
        "mechanism": "environment_led",
        "dominant_incentive": "trade",
        "ac_kwh_pc_yr": 0.0,
        "ac_water_l_pc_day": 0.0,
        "lon": 77.51953125,
        "lat": 2.5744972208927237
      },
      "geometry": {
        "type": "Polygon",
        "coordinates": [
          [
            [
              78.23782412544942,
              2.3998029146452136
            ],
            [
              77.99992088463598,
              3.2123622409888846
            ],
            [
              77.55065370288588,
              2.989238327001361
            ],
            [
              76.93484099373234,
              3.130331149510512
            ],
            [
              77.14307595782545,
              2.2457764378655516
            ],
            [
              77.3734398289911,
              2.2330534258312644
            ],
            [
              77.75644457888103,
              2.395895925958647
            ],
            [
              78.23782412544942,
              2.3998029146452136
            ]
          ]
        ]
      }
    },
    {
      "type": "Feature",
      "properties": {
        "rank": 17,
        "h_pre": 0.9402,
        "h_ind": 0.9656,
        "h_ac": 0.9656,
        "settle_ind": 0.9522,
        "settle_ac": 0.9522,
        "settle_no_incentive": 0.9392,
        "mechanism": "environment_led",
        "dominant_incentive": "trade",
        "ac_kwh_pc_yr": 0.0,
        "ac_water_l_pc_day": 0.0,
        "lon": -84.90234375,
        "lat": -1.2256033654853105
      },
      "geometry": {
        "type": "Polygon",
        "coordinates": [
          [
            [
              -84.14317979885307,
              -1.0071211518026102
            ],
            [
              -84.72020985325918,
              -1.008203477431256
            ],
            [
              -84.87213562467338,
              -0.7838076878691451
            ],
            [
              -85.32403259834824,
              -0.83736495156407
            ],
            [
              -85.1894798514536,
              -1.434588885981828
            ],
            [
              -85.11104399709076,
              -1.7160823405198833
            ],
            [
              -84.33940555688349,
              -1.6418683257348234
            ],
            [
              -84.14317979885307,
              -1.0071211518026102
            ]
          ]
        ]
      }
    },
    {
      "type": "Feature",
      "properties": {
        "rank": 18,
        "h_pre": 0.9226,
        "h_ind": 0.9568,
        "h_ac": 0.9568,
        "settle_ind": 0.9518,
        "settle_ac": 0.9518,
        "settle_no_incentive": 0.9267,
        "mechanism": "environment_led",
        "dominant_incentive": "trade",
        "ac_kwh_pc_yr": 0.0,
        "ac_water_l_pc_day": 0.0,
        "lon": -172.44140625000003,
        "lat": -37.90189628798867
      },
      "geometry": {
        "type": "Polygon",
        "coordinates": [
          [
            [
              -172.01994584288434,
              -37.83884812556607
            ],
            [
              -171.7452333425559,
              -37.35544417669594
            ],
            [
              -172.48698814338277,
              -37.48079634675699
            ],
            [
              -172.76807440905833,
              -37.6415556644134
            ],
            [
              -173.4607485948599,
              -38.15360975695999
            ],
            [
              -172.82176937300056,
              -38.485922354859284
            ],
            [
              -171.76266989788093,
              -38.53560570606428
            ],
            [
              -172.01994584288434,
              -37.83884812556607
            ]
          ]
        ]
      }
    },
    {
      "type": "Feature",
      "properties": {
        "rank": 19,
        "h_pre": 0.9416,
        "h_ind": 0.9688,
        "h_ac": 0.9688,
        "settle_ind": 0.9515,
        "settle_ac": 0.9515,
        "settle_no_incentive": 0.943,
        "mechanism": "environment_led",
        "dominant_incentive": "trade",
        "ac_kwh_pc_yr": 0.0,
        "ac_water_l_pc_day": 0.0,
        "lon": 70.83984375000001,
        "lat": 35.186477439511606
      },
      "geometry": {
        "type": "Polygon",
        "coordinates": [
          [
            [
              71.58516804659878,
              35.19312407059914
            ],
            [
              71.13031852026974,
              35.35328569808173
            ],
            [
              70.67315613004988,
              35.88781320129996
            ],
            [
              70.25357351581481,
              35.43061609961312
            ],
            [
              70.49156897457017,
              35.08489831662589
            ],
            [
              70.82487544749739,
              34.87014191717606
            ],
            [
              71.22483796963803,
              34.55173234778624
            ],
            [
              71.58516804659878,
              35.19312407059914
            ]
          ]
        ]
      }
    },
    {
      "type": "Feature",
      "properties": {
        "rank": 20,
        "h_pre": 0.9399,
        "h_ind": 0.9632,
        "h_ac": 0.9632,
        "settle_ind": 0.9509,
        "settle_ac": 0.9509,
        "settle_no_incentive": 0.9357,
        "mechanism": "environment_led",
        "dominant_incentive": "trade",
        "ac_kwh_pc_yr": 0.0,
        "ac_water_l_pc_day": 0.0,
        "lon": 80.68359375,
        "lat": -13.015652880025208
      },
      "geometry": {
        "type": "Polygon",
        "coordinates": [
          [
            [
              81.16064524092583,
              -12.944260563158549
            ],
            [
              81.34267563301634,
              -12.534769285697225
            ],
            [
              80.56568112332896,
              -12.457794400842886
            ],
            [
              80.0180968224913,
              -12.431662769795885
            ],
            [
              80.25716911303573,
              -13.407588456379672
            ],
            [
              80.36319733191814,
              -13.569842187497091
            ],
            [
              80.82431748134657,
              -13.387097393768324
            ],
            [
              81.16064524092583,
              -12.944260563158549
            ]
          ]
        ]
      }
    },
    {
      "type": "Feature",
      "properties": {
        "rank": 21,
        "h_pre": 0.9479,
        "h_ind": 0.9731,
        "h_ac": 0.9731,
        "settle_ind": 0.9507,
        "settle_ac": 0.9507,
        "settle_no_incentive": 0.9489,
        "mechanism": "environment_led",
        "dominant_incentive": "trade",
        "ac_kwh_pc_yr": 0.0,
        "ac_water_l_pc_day": 0.0,
        "lon": 77.51953125000001,
        "lat": 3.261094733757869
      },
      "geometry": {
        "type": "Polygon",
        "coordinates": [
          [
            [
              78.34749689988278,
              3.133438602576029
            ],
            [
              77.79351621839628,
              3.9512955967819714
            ],
            [
              77.53286358067948,
              3.6589278537100123
            ],
            [
              76.99849631518852,
              3.5499679360604004
            ],
            [
              76.92097594273419,
              2.8459645894733705
            ],
            [
              77.20255707798647,
              2.7630168572426856
            ],
            [
              78.12732975518985,
              2.806339656429654
            ],
            [
              78.34749689988278,
              3.133438602576029
            ]
          ]
        ]
      }
    },
    {
      "type": "Feature",
      "properties": {
        "rank": 22,
        "h_pre": 0.9423,
        "h_ind": 0.9673,
        "h_ac": 0.9673,
        "settle_ind": 0.9505,
        "settle_ac": 0.9505,
        "settle_no_incentive": 0.9407,
        "mechanism": "environment_led",
        "dominant_incentive": "trade",
        "ac_kwh_pc_yr": 0.0,
        "ac_water_l_pc_day": 0.0,
        "lon": 169.98046875,
        "lat": 7.7910073995958635
      },
      "geometry": {
        "type": "Polygon",
        "coordinates": [
          [
            [
              170.46497485274438,
              7.660795683885159
            ],
            [
              170.44548512520777,
              8.18294933630731
            ],
            [
              169.97258082837308,
              8.121814422237517
            ],
            [
              169.47063605953136,
              7.8532228320365345
            ],
            [
              169.46273975160304,
              7.471156393452162
            ],
            [
              170.01062875088542,
              6.991552154377391
            ],
            [
              170.30227096227617,
              7.502023871337863
            ],
            [
              170.46497485274438,
              7.660795683885159
            ]
          ]
        ]
      }
    },
    {
      "type": "Feature",
      "properties": {
        "rank": 23,
        "h_pre": 0.9257,
        "h_ind": 0.9555,
        "h_ac": 0.9555,
        "settle_ind": 0.9503,
        "settle_ac": 0.9503,
        "settle_no_incentive": 0.925,
        "mechanism": "environment_led",
        "dominant_incentive": "trade",
        "ac_kwh_pc_yr": 0.0,
        "ac_water_l_pc_day": 0.0,
        "lon": 76.81640625,
        "lat": -0.1711484311904787
      },
      "geometry": {
        "type": "Polygon",
        "coordinates": [
          [
            [
              77.32651031326823,
              -0.07839561684718092
            ],
            [
              77.49130280377359,
              0.3225507736505937
            ],
            [
              76.71207200334605,
              0.5089891457200549
            ],
            [
              76.26531133539078,
              -0.009875310676599164
            ],
            [
              76.44287192350069,
              -0.4680312434634545
            ],
            [
              76.77282065913482,
              -0.4655645522577355
            ],
            [
              76.95316330490206,
              -0.45796260000827715
            ],
            [
              77.32651031326823,
              -0.07839561684718092
            ]
          ]
        ]
      }
    },
    {
      "type": "Feature",
      "properties": {
        "rank": 24,
        "h_pre": 0.93,
        "h_ind": 0.9628,
        "h_ac": 0.9628,
        "settle_ind": 0.9503,
        "settle_ac": 0.9503,
        "settle_no_incentive": 0.9341,
        "mechanism": "environment_led",
        "dominant_incentive": "trade",
        "ac_kwh_pc_yr": 0.0,
        "ac_water_l_pc_day": 0.0,
        "lon": 145.77157814831523,
        "lat": 42.19638009756278
      },
      "geometry": {
        "type": "Polygon",
        "coordinates": [
          [
            [
              146.71285199891034,
              42.05751182366515
            ],
            [
              146.07568673542397,
              42.65829326942336
            ],
            [
              145.29154676674867,
              42.87010563330743
            ],
            [
              145.3264052532425,
              42.4314737873077
            ],
            [
              144.82241527183274,
              41.767298643366736
            ],
            [
              145.62064332352853,
              41.92882501513494
            ],
            [
              146.2351714510249,
              41.66663551002324
            ],
            [
              146.71285199891034,
              42.05751182366515
            ]
          ]
        ]
      }
    },
    {
      "type": "Feature",
      "properties": {
        "rank": 25,
        "h_pre": 0.9485,
        "h_ind": 0.9691,
        "h_ac": 0.9691,
        "settle_ind": 0.9496,
        "settle_ac": 0.9496,
        "settle_no_incentive": 0.9433,
        "mechanism": "environment_led",
        "dominant_incentive": "trade",
        "ac_kwh_pc_yr": 0.0,
        "ac_water_l_pc_day": 0.0,
        "lon": 31.113281250000004,
        "lat": -2.25784518171537
      },
      "geometry": {
        "type": "Polygon",
        "coordinates": [
          [
            [
              31.574763971736985,
              -2.155254354522969
            ],
            [
              31.335692588292474,
              -2.001815996385454
            ],
            [
              31.087308460961857,
              -1.9356570331313923
            ],
            [
              30.824250667206282,
              -2.1491746685123876
            ],
            [
              30.532387994805454,
              -2.7820500696349404
            ],
            [
              31.0121354998542,
              -2.676342937800853
            ],
            [
              31.410543920220423,
              -2.5066826010144028
            ],
            [
              31.574763971736985,
              -2.155254354522969
            ]
          ]
        ]
      }
    },
    {
      "type": "Feature",
      "properties": {
        "rank": 26,
        "h_pre": 0.9303,
        "h_ind": 0.9579,
        "h_ac": 0.9579,
        "settle_ind": 0.9491,
        "settle_ac": 0.9491,
        "settle_no_incentive": 0.9279,
        "mechanism": "environment_led",
        "dominant_incentive": "trade",
        "ac_kwh_pc_yr": 0.0,
        "ac_water_l_pc_day": 0.0,
        "lon": 170.68359375,
        "lat": 7.460021737551101
      },
      "geometry": {
        "type": "Polygon",
        "coordinates": [
          [
            [
              171.07635558820482,
              7.598330424013319
            ],
            [
              171.20863705121738,
              7.94378874615845
            ],
            [
              170.65012544785625,
              8.197180087205556
            ],
            [
              169.84724928044247,
              7.732879995700007
            ],
            [
              170.14491738670904,
              7.205246641491898
            ],
            [
              170.6144023955783,
              6.958871053201441
            ],
            [
              170.96924388830374,
              6.817962008825695
            ],
            [
              171.07635558820482,
              7.598330424013319
            ]
          ]
        ]
      }
    },
    {
      "type": "Feature",
      "properties": {
        "rank": 27,
        "h_pre": 0.9341,
        "h_ind": 0.9591,
        "h_ac": 0.9591,
        "settle_ind": 0.9488,
        "settle_ac": 0.9488,
        "settle_no_incentive": 0.9294,
        "mechanism": "environment_led",
        "dominant_incentive": "trade",
        "ac_kwh_pc_yr": 0.0,
        "ac_water_l_pc_day": 0.0,
        "lon": 64.51171875,
        "lat": -13.864871103160318
      },
      "geometry": {
        "type": "Polygon",
        "coordinates": [
          [
            [
              65.17456899369307,
              -13.866294002562327
            ],
            [
              64.79918258287721,
              -13.43800784539046
            ],
            [
              64.49657530019086,
              -13.133271983506008
            ],
            [
              64.01265669020286,
              -13.602124690308147
            ],
            [
              63.81860213760719,
              -14.249117818223862
            ],
            [
              64.50275805834123,
              -14.234309382329286
            ],
            [
              64.68729762317822,
              -14.173955938852956
            ],
            [
              65.17456899369307,
              -13.866294002562327
            ]
          ]
        ]
      }
    },
    {
      "type": "Feature",
      "properties": {
        "rank": 28,
        "h_pre": 0.9242,
        "h_ind": 0.9614,
        "h_ac": 0.9614,
        "settle_ind": 0.9487,
        "settle_ac": 0.9487,
        "settle_no_incentive": 0.9315,
        "mechanism": "environment_led",
        "dominant_incentive": "trade",
        "ac_kwh_pc_yr": 0.0,
        "ac_water_l_pc_day": 0.0,
        "lon": 146.0251218022231,
        "lat": 44.40527851687001
      },
      "geometry": {
        "type": "Polygon",
        "coordinates": [
          [
            [
              146.6133896891523,
              44.42687522835826
            ],
            [
              146.3303170758547,
              45.02991227217141
            ],
            [
              146.07388509978583,
              44.98018823759697
            ],
            [
              145.2368811242166,
              44.57655074245839
            ],
            [
              145.32133193972928,
              43.892622758244826
            ],
            [
              145.65811770146345,
              43.66360793755625
            ],
            [
              146.42310465755006,
              44.04605501939706
            ],
            [
              146.6133896891523,
              44.42687522835826
            ]
          ]
        ]
      }
    },
    {
      "type": "Feature",
      "properties": {
        "rank": 29,
        "h_pre": 0.9488,
        "h_ind": 0.9649,
        "h_ac": 0.9649,
        "settle_ind": 0.9481,
        "settle_ac": 0.9481,
        "settle_no_incentive": 0.9368,
        "mechanism": "environment_led",
        "dominant_incentive": "trade",
        "ac_kwh_pc_yr": 0.0,
        "ac_water_l_pc_day": 0.0,
        "lon": -116.89453125,
        "lat": -5.1769868282989036
      },
      "geometry": {
        "type": "Polygon",
        "coordinates": [
          [
            [
              -116.25800795991987,
              -4.971235707940998
            ],
            [
              -116.61631189674335,
              -4.764418888709307
            ],
            [
              -117.0765795457738,
              -4.876798755026707
            ],
            [
              -117.4078782255028,
              -4.870945675228885
            ],
            [
              -117.58309860274815,
              -5.6713820407571625
            ],
            [
              -116.97149457742371,
              -5.45450981185094
            ],
            [
              -116.60641691735529,
              -5.522540678302315
            ],
            [
              -116.25800795991987,
              -4.971235707940998
            ]
          ]
        ]
      }
    },
    {
      "type": "Feature",
      "properties": {
        "rank": 30,
        "h_pre": 0.9255,
        "h_ind": 0.9527,
        "h_ac": 0.9527,
        "settle_ind": 0.948,
        "settle_ac": 0.948,
        "settle_no_incentive": 0.9207,
        "mechanism": "environment_led",
        "dominant_incentive": "trade",
        "ac_kwh_pc_yr": 0.0,
        "ac_water_l_pc_day": 0.0,
        "lon": -114.08203125,
        "lat": -10.777376214519991
      },
      "geometry": {
        "type": "Polygon",
        "coordinates": [
          [
            [
              -113.40841920920187,
              -10.609414701517162
            ],
            [
              -113.89173222184222,
              -10.499326149845782
            ],
            [
              -114.20936851272134,
              -10.120518074094308
            ],
            [
              -114.82633414098105,
              -10.68867820851196
            ],
            [
              -114.67337148858546,
              -11.114969723709269
            ],
            [
              -114.12461367418247,
              -11.648125788317161
            ],
            [
              -113.79815078112964,
              -11.303752226547076
            ],
            [
              -113.40841920920187,
              -10.609414701517162
            ]
          ]
        ]
      }
    },
    {
      "type": "Feature",
      "properties": {
        "rank": 31,
        "h_pre": 0.9334,
        "h_ind": 0.9634,
        "h_ac": 0.9634,
        "settle_ind": 0.9476,
        "settle_ac": 0.9476,
        "settle_no_incentive": 0.9343,
        "mechanism": "environment_led",
        "dominant_incentive": "trade",
        "ac_kwh_pc_yr": 0.0,
        "ac_water_l_pc_day": 0.0,
        "lon": 128.14453125000003,
        "lat": 16.730814000680496
      },
      "geometry": {
        "type": "Polygon",
        "coordinates": [
          [
            [
              129.04443488807397,
              16.619924193439637
            ],
            [
              128.51186913831137,
              17.52613325452714
            ],
            [
              127.87598929305818,
              17.267908668934357
            ],
            [
              127.84371884037604,
              16.933670704090346
            ],
            [
              127.80709216768312,
              16.552987650241892
            ],
            [
              127.99960674033936,
              15.947902973969507
            ],
            [
              128.67093429924853,
              16.401871415896352
            ],
            [
              129.04443488807397,
              16.619924193439637
            ]
          ]
        ]
      }
    },
    {
      "type": "Feature",
      "properties": {
        "rank": 32,
        "h_pre": 0.9391,
        "h_ind": 0.9662,
        "h_ac": 0.9662,
        "settle_ind": 0.9463,
        "settle_ac": 0.9463,
        "settle_no_incentive": 0.938,
        "mechanism": "environment_led",
        "dominant_incentive": "trade",
        "ac_kwh_pc_yr": 0.0,
        "ac_water_l_pc_day": 0.0,
        "lon": 147.48046875000003,
        "lat": 9.97112694512402
      },
      "geometry": {
        "type": "Polygon",
        "coordinates": [
          [
            [
              148.17460414985086,
              9.999395093487191
            ],
            [
              148.15797888920406,
              10.475946707562736
            ],
            [
              147.37193763473627,
              10.276597016431039
            ],
            [
              147.11111863318757,
              10.008334536864277
            ],
            [
              146.87427713291927,
              9.844323463039048
            ],
            [
              147.23902064516358,
              9.36234629015399
            ],
            [
              147.70634528717486,
              9.385907937613002
            ],
            [
              148.17460414985086,
              9.999395093487191
            ]
          ]
        ]
      }
    },
    {
      "type": "Feature",
      "properties": {
        "rank": 33,
        "h_pre": 0.9324,
        "h_ind": 0.9602,
        "h_ac": 0.9602,
        "settle_ind": 0.9461,
        "settle_ac": 0.9461,
        "settle_no_incentive": 0.9296,
        "mechanism": "environment_led",
        "dominant_incentive": "trade",
        "ac_kwh_pc_yr": 0.0,
        "ac_water_l_pc_day": 0.0,
        "lon": -135.87890625000003,
        "lat": 21.70185551999887
      },
      "geometry": {
        "type": "Polygon",
        "coordinates": [
          [
            [
              -135.15696056231263,
              21.60983979808268
            ],
            [
              -135.63013558654794,
              21.894150248245854
            ],
            [
              -136.04233188764772,
              22.044716376782084
            ],
            [
              -136.47198991353474,
              22.235561063970955
            ],
            [
              -136.58275268445271,
              21.40284825428223
            ],
            [
              -136.114213294913,
              21.2967464120647
            ],
            [
              -135.357342291488,
              21.07293871350394
            ],
            [
              -135.15696056231263,
              21.60983979808268
            ]
          ]
        ]
      }
    },
    {
      "type": "Feature",
      "properties": {
        "rank": 34,
        "h_pre": 0.9308,
        "h_ind": 0.9594,
        "h_ac": 0.9594,
        "settle_ind": 0.9454,
        "settle_ac": 0.9454,
        "settle_no_incentive": 0.9288,
        "mechanism": "environment_led",
        "dominant_incentive": "trade",
        "ac_kwh_pc_yr": 0.0,
        "ac_water_l_pc_day": 0.0,
        "lon": 27.24609375,
        "lat": 5.474133442395131
      },
      "geometry": {
        "type": "Polygon",
        "coordinates": [
          [
            [
              27.89977010615884,
              5.253283029772622
            ],
            [
              27.610077903463182,
              6.040884162164347
            ],
            [
              27.297268333472505,
              6.163724226718304
            ],
            [
              26.981944922831907,
              5.644229060695434
            ],
            [
              26.812998996749858,
              5.362960817871843
            ],
            [
              27.303336923733035,
              4.763181143372875
            ],
            [
              27.614430808984295,
              4.9334458403552945
            ],
            [
              27.89977010615884,
              5.253283029772622
            ]
          ]
        ]
      }
    },
    {
      "type": "Feature",
      "properties": {
        "rank": 35,
        "h_pre": 0.9398,
        "h_ind": 0.9631,
        "h_ac": 0.9631,
        "settle_ind": 0.9454,
        "settle_ac": 0.9454,
        "settle_no_incentive": 0.9336,
        "mechanism": "environment_led",
        "dominant_incentive": "trade",
        "ac_kwh_pc_yr": 0.0,
        "ac_water_l_pc_day": 0.0,
        "lon": -114.78515625000001,
        "lat": 2.7134512692539174
      },
      "geometry": {
        "type": "Polygon",
        "coordinates": [
          [
            [
              -114.0415289611274,
              2.7868235695910637
            ],
            [
              -114.52951619897155,
              3.195246961862562
            ],
            [
              -114.85060296424543,
              3.162667403876603
            ],
            [
              -115.59070368579701,
              2.9714657360215644
            ],
            [
              -115.31134026399883,
              2.5904137334088606
            ],
            [
              -114.82435377530699,
              2.401030967935198
            ],
            [
              -114.63983447747779,
              2.429825612611309
            ],
            [
              -114.0415289611274,
              2.7868235695910637
            ]
          ]
        ]
      }
    },
    {
      "type": "Feature",
      "properties": {
        "rank": 36,
        "h_pre": 0.9378,
        "h_ind": 0.9669,
        "h_ac": 0.9669,
        "settle_ind": 0.9453,
        "settle_ac": 0.9453,
        "settle_no_incentive": 0.9384,
        "mechanism": "environment_led",
        "dominant_incentive": "trade",
        "ac_kwh_pc_yr": 0.0,
        "ac_water_l_pc_day": 0.0,
        "lon": -51.15234375000001,
        "lat": -33.07401817449017
      },
      "geometry": {
        "type": "Polygon",
        "coordinates": [
          [
            [
              -50.13509332194398,
              -33.12327607961795
            ],
            [
              -50.40348282940107,
              -32.65689274353924
            ],
            [
              -51.38928275764835,
              -32.382411955031536
            ],
            [
              -51.65168514989237,
              -32.80882178544583
            ],
            [
              -51.88987501806878,
              -33.542116368592374
            ],
            [
              -51.39292452032368,
              -33.39398238628468
            ],
            [
              -50.71219264305588,
              -33.85561443736759
            ],
            [
              -50.13509332194398,
              -33.12327607961795
            ]
          ]
        ]
      }
    },
    {
      "type": "Feature",
      "properties": {
        "rank": 37,
        "h_pre": 0.9323,
        "h_ind": 0.9628,
        "h_ac": 0.9628,
        "settle_ind": 0.9448,
        "settle_ac": 0.9448,
        "settle_no_incentive": 0.9325,
        "mechanism": "environment_led",
        "dominant_incentive": "trade",
        "ac_kwh_pc_yr": 0.0,
        "ac_water_l_pc_day": 0.0,
        "lon": 76.11328125,
        "lat": -0.1706435712015734
      },
      "geometry": {
        "type": "Polygon",
        "coordinates": [
          [
            [
              76.93101153590965,
              0.0693888665245469
            ],
            [
              76.71557573189918,
              0.424065969430925
            ],
            [
              76.04002031558423,
              0.6447948767335877
            ],
            [
              75.82616242860058,
              -0.10093510732336793
            ],
            [
              75.40603704474678,
              -0.4283226434665274
            ],
            [
              75.75873912485444,
              -0.9025336934964592
            ],
            [
              76.45267641963096,
              -0.4885103807951474
            ],
            [
              76.93101153590965,
              0.0693888665245469
            ]
          ]
        ]
      }
    },
    {
      "type": "Feature",
      "properties": {
        "rank": 38,
        "h_pre": 0.9389,
        "h_ind": 0.9702,
        "h_ac": 0.9702,
        "settle_ind": 0.9448,
        "settle_ac": 0.9448,
        "settle_no_incentive": 0.9427,
        "mechanism": "environment_led",
        "dominant_incentive": "trade",
        "ac_kwh_pc_yr": 0.0,
        "ac_water_l_pc_day": 0.0,
        "lon": -115.48828124999999,
        "lat": 0.7933767444583312
      },
      "geometry": {
        "type": "Polygon",
        "coordinates": [
          [
            [
              -114.69677812454351,
              0.5713816350800145
            ],
            [
              -115.22992876057879,
              1.1628751797757921
            ],
            [
              -115.51686672381514,
              1.4703588495137063
            ],
            [
              -116.13724045903489,
              1.218636495046805
            ],
            [
              -115.9291672008843,
              0.7413612182100334
            ],
            [
              -115.4300293581504,
              0.2726485145159555
            ],
            [
              -115.03314958219342,
              0.4350834848757169
            ],
            [
              -114.69677812454351,
              0.5713816350800145
            ]
          ]
        ]
      }
    },
    {
      "type": "Feature",
      "properties": {
        "rank": 39,
        "h_pre": 0.9398,
        "h_ind": 0.9647,
        "h_ac": 0.9647,
        "settle_ind": 0.9446,
        "settle_ac": 0.9446,
        "settle_no_incentive": 0.935,
        "mechanism": "environment_led",
        "dominant_incentive": "trade",
        "ac_kwh_pc_yr": 0.0,
        "ac_water_l_pc_day": 0.0,
        "lon": 82.79296875,
        "lat": -8.546239198666703
      },
      "geometry": {
        "type": "Polygon",
        "coordinates": [
          [
            [
              83.4614099372892,
              -8.535707426872973
            ],
            [
              82.99605942613336,
              -8.34424272986033
            ],
            [
              82.59626421578994,
              -8.037644218203432
            ],
            [
              82.33021737061966,
              -8.100103272312992
            ],
            [
              82.21916051133391,
              -8.70991015381079
            ],
            [
              82.56942286760774,
              -9.105752872575403
            ],
            [
              83.30497899654114,
              -9.254095241068926
            ],
            [
              83.4614099372892,
              -8.535707426872973
            ]
          ]
        ]
      }
    },
    {
      "type": "Feature",
      "properties": {
        "rank": 40,
        "h_pre": 0.9381,
        "h_ind": 0.9682,
        "h_ac": 0.9682,
        "settle_ind": 0.9444,
        "settle_ac": 0.9444,
        "settle_no_incentive": 0.94,
        "mechanism": "environment_led",
        "dominant_incentive": "trade",
        "ac_kwh_pc_yr": 0.0,
        "ac_water_l_pc_day": 0.0,
        "lon": -115.83984375000001,
        "lat": -0.47462030150681994
      },
      "geometry": {
        "type": "Polygon",
        "coordinates": [
          [
            [
              -115.56794555265282,
              -0.5666487617141548
            ],
            [
              -115.56734894675591,
              0.06239692542030678
            ],
            [
              -115.87494984589746,
              -0.1156006174824305
            ],
            [
              -116.38845842675929,
              -0.010038063659988494
            ],
            [
              -116.4690015753436,
              -0.6991314786471065
            ],
            [
              -116.12413840360743,
              -1.1678559821393804
            ],
            [
              -115.61382574981313,
              -0.7935160488222239
            ],
            [
              -115.56794555265282,
              -0.5666487617141548
            ]
          ]
        ]
      }
    },
    {
      "type": "Feature",
      "properties": {
        "rank": 41,
        "h_pre": 0.9387,
        "h_ind": 0.9643,
        "h_ac": 0.9643,
        "settle_ind": 0.9443,
        "settle_ac": 0.9443,
        "settle_no_incentive": 0.9345,
        "mechanism": "environment_led",
        "dominant_incentive": "trade",
        "ac_kwh_pc_yr": 0.0,
        "ac_water_l_pc_day": 0.0,
        "lon": 10.371093750000004,
        "lat": -31.744148958659732
      },
      "geometry": {
        "type": "Polygon",
        "coordinates": [
          [
            [
              10.906733443501993,
              -31.693340317815096
            ],
            [
              10.967973780132997,
              -31.090585514532165
            ],
            [
              10.312032514687491,
              -31.17923859966659
            ],
            [
              9.889839724681677,
              -31.541075014419462
            ],
            [
              9.641848395190147,
              -31.94086775423304
            ],
            [
              10.185649938640776,
              -32.00191123696787
            ],
            [
              10.975495962236439,
              -32.21230003602138
            ],
            [
              10.906733443501993,
              -31.693340317815096
            ]
          ]
        ]
      }
    },
    {
      "type": "Feature",
      "properties": {
        "rank": 42,
        "h_pre": 0.9231,
        "h_ind": 0.9568,
        "h_ac": 0.9568,
        "settle_ind": 0.9441,
        "settle_ac": 0.9441,
        "settle_no_incentive": 0.9239,
        "mechanism": "environment_led",
        "dominant_incentive": "trade",
        "ac_kwh_pc_yr": 0.0,
        "ac_water_l_pc_day": 0.0,
        "lon": -171.73828125000003,
        "lat": -38.205248529157814
      },
      "geometry": {
        "type": "Polygon",
        "coordinates": [
          [
            [
              -170.89874930213637,
              -38.40726813993804
            ],
            [
              -171.36183355064762,
              -37.84457881729439
            ],
            [
              -171.68834621807278,
              -37.55005861267131
            ],
            [
              -172.36476977259713,
              -37.85479200595635
            ],
            [
              -172.72478339192006,
              -38.51968189908772
            ],
            [
              -171.98773343653895,
              -38.987075987261974
            ],
            [
              -171.59784903462642,
              -38.513062604125984
            ],
            [
              -170.89874930213637,
              -38.40726813993804
            ]
          ]
        ]
      }
    },
    {
      "type": "Feature",
      "properties": {
        "rank": 43,
        "h_pre": 0.9356,
        "h_ind": 0.9612,
        "h_ac": 0.9612,
        "settle_ind": 0.9434,
        "settle_ac": 0.9434,
        "settle_no_incentive": 0.9302,
        "mechanism": "environment_led",
        "dominant_incentive": "trade",
        "ac_kwh_pc_yr": 0.0,
        "ac_water_l_pc_day": 0.0,
        "lon": 136.23046875,
        "lat": -13.550907675025645
      },
      "geometry": {
        "type": "Polygon",
        "coordinates": [
          [
            [
              136.98784713141256,
              -13.648739553250902
            ],
            [
              136.95468949000622,
              -13.12049866082726
            ],
            [
              136.14888348928625,
              -13.043718344917435
            ],
            [
              135.60446096786268,
              -13.09495291691194
            ],
            [
              135.86639777358266,
              -13.64308649964301
            ],
            [
              135.95364148268166,
              -14.197405608472023
            ],
            [
              136.61203906324585,
              -13.908164185276462
            ],
            [
              136.98784713141256,
              -13.648739553250902
            ]
          ]
        ]
      }
    },
    {
      "type": "Feature",
      "properties": {
        "rank": 44,
        "h_pre": 0.9419,
        "h_ind": 0.9615,
        "h_ac": 0.9615,
        "settle_ind": 0.9433,
        "settle_ac": 0.9433,
        "settle_no_incentive": 0.9293,
        "mechanism": "environment_led",
        "dominant_incentive": "trade",
        "ac_kwh_pc_yr": 0.0,
        "ac_water_l_pc_day": 0.0,
        "lon": -117.24609375000001,
        "lat": 0.7814030021530275
      },
      "geometry": {
        "type": "Polygon",
        "coordinates": [
          [
            [
              -116.6709435065513,
              0.7253053435210078
            ],
            [
              -116.79813762425259,
              1.2528410235645313
            ],
            [
              -117.66101971214079,
              1.4780541638693556
            ],
            [
              -117.56584272226596,
              1.0170591535364173
            ],
            [
              -117.88014950527628,
              0.5516502383064821
            ],
            [
              -117.297185924664,
              0.38136340468517116
            ],
            [
              -117.08091534456281,
              0.37932603198418646
            ],
            [
              -116.6709435065513,
              0.7253053435210078
            ]
          ]
        ]
      }
    },
    {
      "type": "Feature",
      "properties": {
        "rank": 45,
        "h_pre": 0.9303,
        "h_ind": 0.9602,
        "h_ac": 0.9602,
        "settle_ind": 0.9433,
        "settle_ac": 0.9433,
        "settle_no_incentive": 0.9285,
        "mechanism": "environment_led",
        "dominant_incentive": "trade",
        "ac_kwh_pc_yr": 0.0,
        "ac_water_l_pc_day": 0.0,
        "lon": -126.03515625,
        "lat": 33.40507197763531
      },
      "geometry": {
        "type": "Polygon",
        "coordinates": [
          [
            [
              -125.2261264543875,
              33.6398521301346
            ],
            [
              -125.32248251211742,
              33.86988928609731
            ],
            [
              -126.27305197074163,
              33.93846373871827
            ],
            [
              -126.75875509996737,
              34.01777659970852
            ],
            [
              -126.66990572596006,
              32.88095801629186
            ],
            [
              -126.4085502792053,
              32.902214586357296
            ],
            [
              -125.34510814247467,
              32.84509067162056
            ],
            [
              -125.2261264543875,
              33.6398521301346
            ]
          ]
        ]
      }
    },
    {
      "type": "Feature",
      "properties": {
        "rank": 46,
        "h_pre": 0.9342,
        "h_ind": 0.9622,
        "h_ac": 0.9622,
        "settle_ind": 0.9429,
        "settle_ac": 0.9429,
        "settle_no_incentive": 0.9312,
        "mechanism": "environment_led",
        "dominant_incentive": "trade",
        "ac_kwh_pc_yr": 0.0,
        "ac_water_l_pc_day": 0.0,
        "lon": 11.07421875,
        "lat": 24.37776893934039
      },
      "geometry": {
        "type": "Polygon",
        "coordinates": [
          [
            [
              11.93675271597196,
              24.486242990184994
            ],
            [
              11.27629700616808,
              24.62015516251848
            ],
            [
              11.062518599061045,
              24.97165265342365
            ],
            [
              10.160517805180685,
              24.552734242372054
            ],
            [
              10.199744979209232,
              24.13747231825167
            ],
            [
              11.112910134063288,
              23.915150911500977
            ],
            [
              11.435193206979951,
              23.749447357684264
            ],
            [
              11.93675271597196,
              24.486242990184994
            ]
          ]
        ]
      }
    },
    {
      "type": "Feature",
      "properties": {
        "rank": 47,
        "h_pre": 0.9325,
        "h_ind": 0.9591,
        "h_ac": 0.9591,
        "settle_ind": 0.9429,
        "settle_ac": 0.9429,
        "settle_no_incentive": 0.9271,
        "mechanism": "environment_led",
        "dominant_incentive": "trade",
        "ac_kwh_pc_yr": 0.0,
        "ac_water_l_pc_day": 0.0,
        "lon": -117.24609375000001,
        "lat": 6.728115423419944
      },
      "geometry": {
        "type": "Polygon",
        "coordinates": [
          [
            [
              -116.86057418200986,
              6.859688513602201
            ],
            [
              -117.0375236567196,
              7.314873856768446
            ],
            [
              -117.38619867086283,
              7.5734554332243995
            ],
            [
              -117.93553612480456,
              6.892228282119874
            ],
            [
              -117.79696483290921,
              6.496637663188147
            ],
            [
              -117.34035873828769,
              6.225288051743697
            ],
            [
              -116.98798390373213,
              6.288856694549962
            ],
            [
              -116.86057418200986,
              6.859688513602201
            ]
          ]
        ]
      }
    },
    {
      "type": "Feature",
      "properties": {
        "rank": 48,
        "h_pre": 0.9366,
        "h_ind": 0.9651,
        "h_ac": 0.9651,
        "settle_ind": 0.9428,
        "settle_ac": 0.9428,
        "settle_no_incentive": 0.9352,
        "mechanism": "environment_led",
        "dominant_incentive": "trade",
        "ac_kwh_pc_yr": 0.0,
        "ac_water_l_pc_day": 0.0,
        "lon": 6.855468750000002,
        "lat": -36.1905935121873
      },
      "geometry": {
        "type": "Polygon",
        "coordinates": [
          [
            [
              7.629254741856236,
              -36.29625033817975
            ],
            [
              7.2660764471115575,
              -35.83712790255475
            ],
            [
              6.711097279916723,
              -35.602403290984874
            ],
            [
              6.15811112677902,
              -36.05666785184736
            ],
            [
              6.546616022133909,
              -36.37129009985156
            ],
            [
              6.698596199514405,
              -36.5028193419956
            ],
            [
              6.994361118267197,
              -36.49921368102502
            ],
            [
              7.629254741856236,
              -36.29625033817975
            ]
          ]
        ]
      }
    },
    {
      "type": "Feature",
      "properties": {
        "rank": 49,
        "h_pre": 0.9321,
        "h_ind": 0.9593,
        "h_ac": 0.9593,
        "settle_ind": 0.9427,
        "settle_ac": 0.9427,
        "settle_no_incentive": 0.9266,
        "mechanism": "environment_led",
        "dominant_incentive": "trade",
        "ac_kwh_pc_yr": 0.0,
        "ac_water_l_pc_day": 0.0,
        "lon": 27.94921875,
        "lat": -32.390121688396235
      },
      "geometry": {
        "type": "Polygon",
        "coordinates": [
          [
            [
              28.440267257026218,
              -32.49547231437963
            ],
            [
              28.395610463701498,
              -32.09592252181007
            ],
            [
              27.713923888062055,
              -31.765020359190057
            ],
            [
              27.548211964176232,
              -32.34240548798588
            ],
            [
              27.28251986689756,
              -32.684678402029654
            ],
            [
              27.80190998091706,
              -33.134135976356724
            ],
            [
              28.413459043207045,
              -32.75638107648608
            ],
            [
              28.440267257026218,
              -32.49547231437963
            ]
          ]
        ]
      }
    },
    {
      "type": "Feature",
      "properties": {
        "rank": 50,
        "h_pre": 0.9408,
        "h_ind": 0.9683,
        "h_ac": 0.9683,
        "settle_ind": 0.9426,
        "settle_ac": 0.9426,
        "settle_no_incentive": 0.9398,
        "mechanism": "environment_led",
        "dominant_incentive": "trade",
        "ac_kwh_pc_yr": 0.0,
        "ac_water_l_pc_day": 0.0,
        "lon": -116.19140625,
        "lat": 0.15773293285910167
      },
      "geometry": {
        "type": "Polygon",
        "coordinates": [
          [
            [
              -115.6867131055906,
              0.16124438379661438
            ],
            [
              -116.01001334806777,
              0.6673283720102434
            ],
            [
              -116.42909494442424,
              0.9864954754853714
            ],
            [
              -116.76689976006286,
              0.30796296655921873
            ],
            [
              -116.84570888251905,
              0.05203682479568994
            ],
            [
              -116.30889810454687,
              -0.2710481757411365
            ],
            [
              -115.76830097997437,
              -0.5920020248599669
            ],
            [
              -115.6867131055906,
              0.16124438379661438
            ]
          ]
        ]
      }
    },
    {
      "type": "Feature",
      "properties": {
        "rank": 51,
        "h_pre": 0.9388,
        "h_ind": 0.9629,
        "h_ac": 0.9629,
        "settle_ind": 0.9424,
        "settle_ac": 0.9424,
        "settle_no_incentive": 0.9323,
        "mechanism": "environment_led",
        "dominant_incentive": "trade",
        "ac_kwh_pc_yr": 0.0,
        "ac_water_l_pc_day": 0.0,
        "lon": 30.761718750000004,
        "lat": -1.6617056283945495
      },
      "geometry": {
        "type": "Polygon",
        "coordinates": [
          [
            [
              31.425467077465097,
              -1.5214579633471985
            ],
            [
              31.08963331441293,
              -1.1325030911454015
            ],
            [
              30.587094494122294,
              -1.104769581614573
            ],
            [
              30.11711795649359,
              -1.512654657317491
            ],
            [
              30.47007895117284,
              -1.7517757822465292
            ],
            [
              30.4861981900834,
              -2.1997898479553535
            ],
            [
              30.974217488821495,
              -1.9508599731791403
            ],
            [
              31.425467077465097,
              -1.5214579633471985
            ]
          ]
        ]
      }
    },
    {
      "type": "Feature",
      "properties": {
        "rank": 52,
        "h_pre": 0.9315,
        "h_ind": 0.9611,
        "h_ac": 0.9611,
        "settle_ind": 0.9423,
        "settle_ac": 0.9423,
        "settle_no_incentive": 0.9295,
        "mechanism": "environment_led",
        "dominant_incentive": "trade",
        "ac_kwh_pc_yr": 0.0,
        "ac_water_l_pc_day": 0.0,
        "lon": 63.45703125000001,
        "lat": 22.444628017421145
      },
      "geometry": {
        "type": "Polygon",
        "coordinates": [
          [
            [
              63.75944104448484,
              22.498413188667936
            ],
            [
              63.801809019610275,
              23.07544313730291
            ],
            [
              63.42724860695004,
              22.741151102146947
            ],
            [
              62.82044430478792,
              22.8963346343709
            ],
            [
              62.86874666480126,
              22.311231534082594
            ],
            [
              63.320910427479184,
              21.916285506226632
            ],
            [
              63.91372983145686,
              21.803237174014622
            ],
            [
              63.75944104448484,
              22.498413188667936
            ]
          ]
        ]
      }
    },
    {
      "type": "Feature",
      "properties": {
        "rank": 53,
        "h_pre": 0.9192,
        "h_ind": 0.9557,
        "h_ac": 0.9557,
        "settle_ind": 0.942,
        "settle_ac": 0.942,
        "settle_no_incentive": 0.9215,
        "mechanism": "environment_led",
        "dominant_incentive": "trade",
        "ac_kwh_pc_yr": 0.0,
        "ac_water_l_pc_day": 0.0,
        "lon": -72.94921875,
        "lat": 36.900535709176154
      },
      "geometry": {
        "type": "Polygon",
        "coordinates": [
          [
            [
              -71.86031990002918,
              36.94136528791949
            ],
            [
              -72.64265741266594,
              37.339518571685694
            ],
            [
              -73.12179533818909,
              37.40728164506506
            ],
            [
              -73.52297129376096,
              37.07056194762656
            ],
            [
              -73.77082029305535,
              36.52098189643632
            ],
            [
              -73.08088156021164,
              36.115733021251934
            ],
            [
              -72.66086788680362,
              36.5784219714728
            ],
            [
              -71.86031990002918,
              36.94136528791949
            ]
          ]
        ]
      }
    },
    {
      "type": "Feature",
      "properties": {
        "rank": 54,
        "h_pre": 0.9331,
        "h_ind": 0.9633,
        "h_ac": 0.9633,
        "settle_ind": 0.9419,
        "settle_ac": 0.9419,
        "settle_no_incentive": 0.9325,
        "mechanism": "environment_led",
        "dominant_incentive": "trade",
        "ac_kwh_pc_yr": 0.0,
        "ac_water_l_pc_day": 0.0,
        "lon": 81.03515625,
        "lat": -3.6464349677989065
      },
      "geometry": {
        "type": "Polygon",
        "coordinates": [
          [
            [
              81.74498845672098,
              -3.4620448372314168
            ],
            [
              81.24300731135227,
              -3.259940934791528
            ],
            [
              80.95059638550116,
              -3.0597663592890125
            ],
            [
              80.24392766917113,
              -3.4428329001306746
            ],
            [
              80.48169314928558,
              -4.150492746505407
            ],
            [
              80.8803177466614,
              -4.462677871515017
            ],
            [
              81.3764341235363,
              -3.8624035760194317
            ],
            [
              81.74498845672098,
              -3.4620448372314168
            ]
          ]
        ]
      }
    },
    {
      "type": "Feature",
      "properties": {
        "rank": 55,
        "h_pre": 0.9439,
        "h_ind": 0.9668,
        "h_ac": 0.9668,
        "settle_ind": 0.9418,
        "settle_ac": 0.9418,
        "settle_no_incentive": 0.9376,
        "mechanism": "environment_led",
        "dominant_incentive": "trade",
        "ac_kwh_pc_yr": 0.0,
        "ac_water_l_pc_day": 0.0,
        "lon": 30.410156250000004,
        "lat": -3.1846855934449536
      },
      "geometry": {
        "type": "Polygon",
        "coordinates": [
          [
            [
              31.281059116610972,
              -3.1599501270806956
            ],
            [
              30.824048770552032,
              -2.436200412870973
            ],
            [
              30.160391754185103,
              -2.4454130966584726
            ],
            [
              29.917357251084777,
              -2.9624140712997917
            ],
            [
              29.859062237620403,
              -3.652811320715155
            ],
            [
              30.43708362306827,
              -3.8212469103653555
            ],
            [
              30.68503762154725,
              -3.6731957068117724
            ],
            [
              31.281059116610972,
              -3.1599501270806956
            ]
          ]
        ]
      }
    },
    {
      "type": "Feature",
      "properties": {
        "rank": 56,
        "h_pre": 0.9244,
        "h_ind": 0.9536,
        "h_ac": 0.9536,
        "settle_ind": 0.9417,
        "settle_ac": 0.9417,
        "settle_no_incentive": 0.9194,
        "mechanism": "environment_led",
        "dominant_incentive": "trade",
        "ac_kwh_pc_yr": 0.0,
        "ac_water_l_pc_day": 0.0,
        "lon": 124.62890625,
        "lat": -29.931086773921212
      },
      "geometry": {
        "type": "Polygon",
        "coordinates": [
          [
            [
              125.40131368623575,
              -29.84008775487357
            ],
            [
              125.12688876520829,
              -29.425260730703037
            ],
            [
              124.56810660972963,
              -29.261638414003958
            ],
            [
              123.9762490110926,
              -29.437152203821945
            ],
            [
              124.3031794083812,
              -30.185057735342838
            ],
            [
              124.475716104563,
              -30.560521780791674
            ],
            [
              124.93599552080006,
              -30.158155591821544
            ],
            [
              125.40131368623575,
              -29.84008775487357
            ]
          ]
        ]
      }
    },
    {
      "type": "Feature",
      "properties": {
        "rank": 57,
        "h_pre": 0.9327,
        "h_ind": 0.9653,
        "h_ac": 0.9653,
        "settle_ind": 0.9408,
        "settle_ac": 0.9408,
        "settle_no_incentive": 0.9347,
        "mechanism": "environment_led",
        "dominant_incentive": "trade",
        "ac_kwh_pc_yr": 0.0,
        "ac_water_l_pc_day": 0.0,
        "lon": 169.98046875,
        "lat": 7.098243011107877
      },
      "geometry": {
        "type": "Polygon",
        "coordinates": [
          [
            [
              170.619131148485,
              6.910016084842876
            ],
            [
              170.15217333253446,
              7.4378453429191875
            ],
            [
              169.75771356035176,
              7.593977580993217
            ],
            [
              169.33796500883756,
              7.38685179080552
            ],
            [
              169.1334161189921,
              6.887503484899521
            ],
            [
              169.90608832582308,
              6.812895856098466
            ],
            [
              170.18621617688203,
              6.904139375748792
            ],
            [
              170.619131148485,
              6.910016084842876
            ]
          ]
        ]
      }
    },
    {
      "type": "Feature",
      "properties": {
        "rank": 58,
        "h_pre": 0.9334,
        "h_ind": 0.9554,
        "h_ac": 0.9554,
        "settle_ind": 0.9402,
        "settle_ac": 0.9402,
        "settle_no_incentive": 0.9221,
        "mechanism": "environment_led",
        "dominant_incentive": "trade",
        "ac_kwh_pc_yr": 0.0,
        "ac_water_l_pc_day": 0.0,
        "lon": 158.02734375,
        "lat": 1.14111516588669
      },
      "geometry": {
        "type": "Polygon",
        "coordinates": [
          [
            [
              158.46268068986825,
              1.1598884911940786
            ],
            [
              158.3277053636047,
              1.5136587052067727
            ],
            [
              157.97765073037687,
              1.7447641775810456
            ],
            [
              157.5994919761922,
              1.4413136183708386
            ],
            [
              157.77171876949723,
              0.9140166511542578
            ],
            [
              157.87600157613844,
              0.3016055505743359
            ],
            [
              158.35937311006913,
              0.9326773725776042
            ],
            [
              158.46268068986825,
              1.1598884911940786
            ]
          ]
        ]
      }
    },
    {
      "type": "Feature",
      "properties": {
        "rank": 59,
        "h_pre": 0.9372,
        "h_ind": 0.9667,
        "h_ac": 0.9667,
        "settle_ind": 0.9402,
        "settle_ac": 0.9402,
        "settle_no_incentive": 0.9367,
        "mechanism": "environment_led",
        "dominant_incentive": "trade",
        "ac_kwh_pc_yr": 0.0,
        "ac_water_l_pc_day": 0.0,
        "lon": -85.60546875000001,
        "lat": -1.2268523657000008
      },
      "geometry": {
        "type": "Polygon",
        "coordinates": [
          [
            [
              -84.8019360138077,
              -1.1100028068112795
            ],
            [
              -85.23600328443918,
              -0.5827105509668228
            ],
            [
              -85.94043255828103,
              -0.592243642691506
            ],
            [
              -85.91139543887925,
              -1.098743219702854
            ],
            [
              -86.19677894909093,
              -1.752287483434264
            ],
            [
              -85.65916136354704,
              -1.7644626042603395
            ],
            [
              -85.42124827763723,
              -1.538818020302891
            ],
            [
              -84.8019360138077,
              -1.1100028068112795
            ]
          ]
        ]
      }
    },
    {
      "type": "Feature",
      "properties": {
        "rank": 60,
        "h_pre": 0.9345,
        "h_ind": 0.9629,
        "h_ac": 0.9629,
        "settle_ind": 0.94,
        "settle_ac": 0.94,
        "settle_no_incentive": 0.9316,
        "mechanism": "environment_led",
        "dominant_incentive": "trade",
        "ac_kwh_pc_yr": 0.0,
        "ac_water_l_pc_day": 0.0,
        "lon": -83.49609375,
        "lat": -5.065019630412498
      },
      "geometry": {
        "type": "Polygon",
        "coordinates": [
          [
            [
              -83.07179043546498,
              -5.1703972470760355
            ],
            [
              -83.3298820480259,
              -4.651503542046558
            ],
            [
              -83.65752867168376,
              -4.789666284791882
            ],
            [
              -84.14984051428056,
              -4.593941817987093
            ],
            [
              -84.345849258813,
              -5.263736781502447
            ],
            [
              -83.73987765733433,
              -5.44170175064059
            ],
            [
              -83.08456276675376,
              -5.770430823352285
            ],
            [
              -83.07179043546498,
              -5.1703972470760355
            ]
          ]
        ]
      }
    },
    {
      "type": "Feature",
      "properties": {
        "rank": 61,
        "h_pre": 0.9375,
        "h_ind": 0.9636,
        "h_ac": 0.9636,
        "settle_ind": 0.94,
        "settle_ac": 0.94,
        "settle_no_incentive": 0.9325,
        "mechanism": "environment_led",
        "dominant_incentive": "trade",
        "ac_kwh_pc_yr": 0.0,
        "ac_water_l_pc_day": 0.0,
        "lon": -115.83984375000001,
        "lat": 5.224181002369261
      },
      "geometry": {
        "type": "Polygon",
        "coordinates": [
          [
            [
              -115.43339301526396,
              5.170018266111515
            ],
            [
              -115.52314975615828,
              5.575016346163372
            ],
            [
              -116.10580857839213,
              5.991025169769173
            ],
            [
              -116.49812225262998,
              5.756162345316595
            ],
            [
              -116.32874870879638,
              5.01673330585395
            ],
            [
              -116.13632789935293,
              4.467763419275556
            ],
            [
              -115.60507137535474,
              4.876755151852125
            ],
            [
              -115.43339301526396,
              5.170018266111515
            ]
          ]
        ]
      }
    },
    {
      "type": "Feature",
      "properties": {
        "rank": 62,
        "h_pre": 0.9355,
        "h_ind": 0.9669,
        "h_ac": 0.9669,
        "settle_ind": 0.9399,
        "settle_ac": 0.9399,
        "settle_no_incentive": 0.9367,
        "mechanism": "environment_led",
        "dominant_incentive": "trade",
        "ac_kwh_pc_yr": 0.0,
        "ac_water_l_pc_day": 0.0,
        "lon": 77.51953125,
        "lat": 1.8879358755313767
      },
      "geometry": {
        "type": "Polygon",
        "coordinates": [
          [
            [
              77.85844811597975,
              1.9237224244340931
            ],
            [
              78.07153106001888,
              2.4965158883151544
            ],
            [
              77.48419284047247,
              2.270588275186479
            ],
            [
              77.19190410945576,
              2.1212272634030267
            ],
            [
              76.82030841383649,
              1.7479239638970447
            ],
            [
              77.47745469961647,
              1.4354983241433352
            ],
            [
              77.95614670933877,
              1.5207273894158977
            ],
            [
              77.85844811597975,
              1.9237224244340931
            ]
          ]
        ]
      }
    },
    {
      "type": "Feature",
      "properties": {
        "rank": 63,
        "h_pre": 0.9241,
        "h_ind": 0.9581,
        "h_ac": 0.9581,
        "settle_ind": 0.9399,
        "settle_ac": 0.9399,
        "settle_no_incentive": 0.9243,
        "mechanism": "environment_led",
        "dominant_incentive": "trade",
        "ac_kwh_pc_yr": 0.0,
        "ac_water_l_pc_day": 0.0,
        "lon": 63.80859375000001,
        "lat": -16.672564241642796
      },
      "geometry": {
        "type": "Polygon",
        "coordinates": [
          [
            [
              64.50078108565637,
              -16.50169334022349
            ],
            [
              64.30698973977758,
              -16.252004458067983
            ],
            [
              63.61480977095653,
              -16.37085091967591
            ],
            [
              63.17213277564468,
              -16.404500407736617
            ],
            [
              63.52560473392289,
              -16.74521581631788
            ],
            [
              63.53076262020916,
              -17.10883244825566
            ],
            [
              64.15684720263846,
              -16.96433878725145
            ],
            [
              64.50078108565637,
              -16.50169334022349
            ]
          ]
        ]
      }
    },
    {
      "type": "Feature",
      "properties": {
        "rank": 64,
        "h_pre": 0.9409,
        "h_ind": 0.969,
        "h_ac": 0.969,
        "settle_ind": 0.9398,
        "settle_ac": 0.9398,
        "settle_no_incentive": 0.9398,
        "mechanism": "environment_led",
        "dominant_incentive": "resource",
        "ac_kwh_pc_yr": 0.0,
        "ac_water_l_pc_day": 0.0,
        "lon": -115.83984375000001,
        "lat": 2.3734069660221757
      },
      "geometry": {
        "type": "Polygon",
        "coordinates": [
          [
            [
              -115.4520032948288,
              2.267801374244484
            ],
            [
              -115.56140155723926,
              2.614867557460328
            ],
            [
              -116.18784761649782,
              2.9958404925803044
            ],
            [
              -116.16794206599808,
              2.5466181634127993
            ],
            [
              -116.20092924558013,
              2.1413708786849464
            ],
            [
              -116.10716246473214,
              1.7455473441875282
            ],
            [
              -115.58853725659648,
              1.6506521926841402
            ],
            [
              -115.4520032948288,
              2.267801374244484
            ]
          ]
        ]
      }
    },
    {
      "type": "Feature",
      "properties": {
        "rank": 65,
        "h_pre": 0.937,
        "h_ind": 0.9658,
        "h_ac": 0.9658,
        "settle_ind": 0.9394,
        "settle_ac": 0.9394,
        "settle_no_incentive": 0.9352,
        "mechanism": "environment_led",
        "dominant_incentive": "trade",
        "ac_kwh_pc_yr": 0.0,
        "ac_water_l_pc_day": 0.0,
        "lon": -140.44921875,
        "lat": 26.793932704379365
      },
      "geometry": {
        "type": "Polygon",
        "coordinates": [
          [
            [
              -139.66227897352934,
              26.675126652957783
            ],
            [
              -140.06315394264044,
              27.231116856102762
            ],
            [
              -140.45778478256796,
              27.46224649938828
            ],
            [
              -141.0859995693383,
              27.216955095374665
            ],
            [
              -141.0183106393232,
              26.625896778747077
            ],
            [
              -140.64246558691218,
              26.430679423564193
            ],
            [
              -139.909731312202,
              26.321277880360082
            ],
            [
              -139.66227897352934,
              26.675126652957783
            ]
          ]
        ]
      }
    },
    {
      "type": "Feature",
      "properties": {
        "rank": 66,
        "h_pre": 0.9323,
        "h_ind": 0.9586,
        "h_ac": 0.9586,
        "settle_ind": 0.9394,
        "settle_ac": 0.9394,
        "settle_no_incentive": 0.9256,
        "mechanism": "environment_led",
        "dominant_incentive": "trade",
        "ac_kwh_pc_yr": 0.0,
        "ac_water_l_pc_day": 0.0,
        "lon": -72.59765625,
        "lat": 12.262862628255196
      },
      "geometry": {
        "type": "Polygon",
        "coordinates": [
          [
            [
              -72.25786204911682,
              12.36364275502213
            ],
            [
              -72.25629240894699,
              12.472538841331623
            ],
            [
              -72.64159747899959,
              13.05803753819052
            ],
            [
              -73.17545301924348,
              12.383437496097798
            ],
            [
              -73.03415851814027,
              12.0017286387416
            ],
            [
              -72.57953340106994,
              11.715468997177995
            ],
            [
              -72.28910841899969,
              11.528951728132725
            ],
            [
              -72.25786204911682,
              12.36364275502213
            ]
          ]
        ]
      }
    },
    {
      "type": "Feature",
      "properties": {
        "rank": 67,
        "h_pre": 0.933,
        "h_ind": 0.9612,
        "h_ac": 0.9612,
        "settle_ind": 0.9392,
        "settle_ac": 0.9392,
        "settle_no_incentive": 0.9286,
        "mechanism": "environment_led",
        "dominant_incentive": "trade",
        "ac_kwh_pc_yr": 0.0,
        "ac_water_l_pc_day": 0.0,
        "lon": -128.84765625,
        "lat": 16.865774137728536
      },
      "geometry": {
        "type": "Polygon",
        "coordinates": [
          [
            [
              -128.44054144626287,
              16.787685078482916
            ],
            [
              -128.49821912424312,
              17.654130012580968
            ],
            [
              -128.82775153020566,
              17.15064702671812
            ],
            [
              -129.299605541902,
              17.24634672237744
            ],
            [
              -129.08331424534757,
              16.659272610460608
            ],
            [
              -128.96211936121085,
              16.53019682599539
            ],
            [
              -128.33625401200467,
              16.495604121325737
            ],
            [
              -128.44054144626287,
              16.787685078482916
            ]
          ]
        ]
      }
    },
    {
      "type": "Feature",
      "properties": {
        "rank": 68,
        "h_pre": 0.9388,
        "h_ind": 0.9671,
        "h_ac": 0.9671,
        "settle_ind": 0.939,
        "settle_ac": 0.939,
        "settle_no_incentive": 0.9371,
        "mechanism": "environment_led",
        "dominant_incentive": "trade",
        "ac_kwh_pc_yr": 0.0,
        "ac_water_l_pc_day": 0.0,
        "lon": 71.19140625,
        "lat": 8.159704373943386
      },
      "geometry": {
        "type": "Polygon",
        "coordinates": [
          [
            [
              71.67780953417666,
              8.326294289458826
            ],
            [
              71.74852964438024,
              8.556535442829247
            ],
            [
              71.02980727473899,
              8.561020788781002
            ],
            [
              70.72012224671136,
              8.498321972347332
            ],
            [
              70.55109501400746,
              8.088653616375042
            ],
            [
              70.90094137115199,
              7.641060236567907
            ],
            [
              71.3975976297368,
              7.592481024589796
            ],
            [
              71.67780953417666,
              8.326294289458826
            ]
          ]
        ]
      }
    },
    {
      "type": "Feature",
      "properties": {
        "rank": 69,
        "h_pre": 0.9296,
        "h_ind": 0.9586,
        "h_ac": 0.9586,
        "settle_ind": 0.9389,
        "settle_ac": 0.9389,
        "settle_no_incentive": 0.9254,
        "mechanism": "environment_led",
        "dominant_incentive": "trade",
        "ac_kwh_pc_yr": 0.0,
        "ac_water_l_pc_day": 0.0,
        "lon": 71.89453125,
        "lat": 7.188353202617547
      },
      "geometry": {
        "type": "Polygon",
        "coordinates": [
          [
            [
              72.71666934019702,
              7.379058846818068
            ],
            [
              72.39790193506647,
              7.619407425030898
            ],
            [
              71.73817409690119,
              8.028021868562899
            ],
            [
              71.17702820948658,
              7.364977517808087
            ],
            [
              71.25070734212588,
              7.078601142292612
            ],
            [
              71.72088467693152,
              6.772383796289151
            ],
            [
              72.25680076930489,
              6.874774112380805
            ],
            [
              72.71666934019702,
              7.379058846818068
            ]
          ]
        ]
      }
    },
    {
      "type": "Feature",
      "properties": {
        "rank": 70,
        "h_pre": 0.9332,
        "h_ind": 0.9653,
        "h_ac": 0.9653,
        "settle_ind": 0.9389,
        "settle_ac": 0.9389,
        "settle_no_incentive": 0.934,
        "mechanism": "environment_led",
        "dominant_incentive": "trade",
        "ac_kwh_pc_yr": 0.0,
        "ac_water_l_pc_day": 0.0,
        "lon": -116.19140625,
        "lat": -1.1041629215164293
      },
      "geometry": {
        "type": "Polygon",
        "coordinates": [
          [
            [
              -115.83086039747495,
              -1.0318048912815179
            ],
            [
              -115.70218755574867,
              -0.41223425149874804
            ],
            [
              -116.27657170787961,
              -0.4503387193667925
            ],
            [
              -116.51638451581397,
              -1.0190429717694747
            ],
            [
              -116.80531912135088,
              -1.3771365674335994
            ],
            [
              -116.40970517978344,
              -1.9329727467623754
            ],
            [
              -115.63616150415673,
              -1.732077722756623
            ],
            [
              -115.83086039747495,
              -1.0318048912815179
            ]
          ]
        ]
      }
    },
    {
      "type": "Feature",
      "properties": {
        "rank": 71,
        "h_pre": 0.9391,
        "h_ind": 0.9596,
        "h_ac": 0.9596,
        "settle_ind": 0.9388,
        "settle_ac": 0.9388,
        "settle_no_incentive": 0.9266,
        "mechanism": "environment_led",
        "dominant_incentive": "trade",
        "ac_kwh_pc_yr": 0.0,
        "ac_water_l_pc_day": 0.0,
        "lon": 30.410156250000004,
        "lat": -7.747643497035934
      },
      "geometry": {
        "type": "Polygon",
        "coordinates": [
          [
            [
              30.843997174155614,
              -7.8001601442897615
            ],
            [
              30.745187171764435,
              -7.358243763390101
            ],
            [
              30.366404762668967,
              -7.470388421403973
            ],
            [
              29.613709471021195,
              -7.65926653432918
            ],
            [
              30.016993308312006,
              -7.889327384441046
            ],
            [
              30.238337627155442,
              -8.417734907920918
            ],
            [
              31.11617919069401,
              -8.191658830542238
            ],
            [
              30.843997174155614,
              -7.8001601442897615
            ]
          ]
        ]
      }
    },
    {
      "type": "Feature",
      "properties": {
        "rank": 72,
        "h_pre": 0.9362,
        "h_ind": 0.9685,
        "h_ac": 0.9685,
        "settle_ind": 0.9386,
        "settle_ac": 0.9386,
        "settle_no_incentive": 0.9386,
        "mechanism": "environment_led",
        "dominant_incentive": "resource",
        "ac_kwh_pc_yr": 0.0,
        "ac_water_l_pc_day": 0.0,
        "lon": -115.83984375000001,
        "lat": 1.740390598294963
      },
      "geometry": {
        "type": "Polygon",
        "coordinates": [
          [
            [
              -115.48085324681699,
              1.6322919409917651
            ],
            [
              -115.43616149594754,
              2.066900258709149
            ],
            [
              -115.78983391546784,
              2.248361820699751
            ],
            [
              -116.24656221143339,
              1.9530903249472455
            ],
            [
              -116.42399849158325,
              1.1609714131751603
            ],
            [
              -115.77509348638077,
              1.211076417981773
            ],
            [
              -115.21650225988265,
              1.3423790908686188
            ],
            [
              -115.48085324681699,
              1.6322919409917651
            ]
          ]
        ]
      }
    },
    {
      "type": "Feature",
      "properties": {
        "rank": 73,
        "h_pre": 0.9188,
        "h_ind": 0.9475,
        "h_ac": 0.9475,
        "settle_ind": 0.9383,
        "settle_ac": 0.9383,
        "settle_no_incentive": 0.9092,
        "mechanism": "environment_led",
        "dominant_incentive": "trade",
        "ac_kwh_pc_yr": 0.0,
        "ac_water_l_pc_day": 0.0,
        "lon": 167.87109375000003,
        "lat": 6.016025732384251
      },
      "geometry": {
        "type": "Polygon",
        "coordinates": [
          [
            [
              168.2818680028494,
              6.151794700390586
            ],
            [
              168.16569977301168,
              6.650399080759096
            ],
            [
              167.7140816871151,
              6.394290975705665
            ],
            [
              167.51314110363,
              6.167688782164531
            ],
            [
              167.29754908221642,
              5.8914458400362415
            ],
            [
              167.79815541160954,
              5.743115995050236
            ],
            [
              168.46590671863194,
              5.486742670330412
            ],
            [
              168.2818680028494,
              6.151794700390586
            ]
          ]
        ]
      }
    },
    {
      "type": "Feature",
      "properties": {
        "rank": 74,
        "h_pre": 0.85,
        "h_ind": 0.8963,
        "h_ac": 0.8963,
        "settle_ind": 0.9377,
        "settle_ac": 0.9377,
        "settle_no_incentive": 0.8247,
        "mechanism": "environment_led",
        "dominant_incentive": "trade",
        "ac_kwh_pc_yr": 0.0,
        "ac_water_l_pc_day": 0.0,
        "lon": -173.14453125000003,
        "lat": -37.94500389703936
      },
      "geometry": {
        "type": "Polygon",
        "coordinates": [
          [
            [
              -172.78961048174335,
              -38.03146832376692
            ],
            [
              -172.53508033675547,
              -37.490379436571885
            ],
            [
              -173.36919932173998,
              -37.393070079702696
            ],
            [
              -174.07477998430554,
              -37.861093262789616
            ],
            [
              -173.82196218705647,
              -38.29544753791715
            ],
            [
              -173.58066391749693,
              -38.719749730400544
            ],
            [
              -172.8069886355684,
              -38.333904407336036
            ],
            [
              -172.78961048174335,
              -38.03146832376692
            ]
          ]
        ]
      }
    },
    {
      "type": "Feature",
      "properties": {
        "rank": 75,
        "h_pre": 0.9382,
        "h_ind": 0.9666,
        "h_ac": 0.9666,
        "settle_ind": 0.9376,
        "settle_ac": 0.9376,
        "settle_no_incentive": 0.936,
        "mechanism": "environment_led",
        "dominant_incentive": "trade",
        "ac_kwh_pc_yr": 0.0,
        "ac_water_l_pc_day": 0.0,
        "lon": -84.19921875,
        "lat": -4.721900747706355
      },
      "geometry": {
        "type": "Polygon",
        "coordinates": [
          [
            [
              -83.82048219871278,
              -4.830426925065034
            ],
            [
              -84.02565363656366,
              -4.396315435142938
            ],
            [
              -84.4131902466431,
              -4.222414293336936
            ],
            [
              -84.81933302862596,
              -4.234734562540775
            ],
            [
              -84.63132881290156,
              -5.055598005753463
            ],
            [
              -84.44272922094301,
              -5.117857968088572
            ],
            [
              -83.8573755826858,
              -5.287586591680613
            ],
            [
              -83.82048219871278,
              -4.830426925065034
            ]
          ]
        ]
      }
    },
    {
      "type": "Feature",
      "properties": {
        "rank": 76,
        "h_pre": 0.9269,
        "h_ind": 0.9608,
        "h_ac": 0.9608,
        "settle_ind": 0.9376,
        "settle_ac": 0.9376,
        "settle_no_incentive": 0.9272,
        "mechanism": "environment_led",
        "dominant_incentive": "trade",
        "ac_kwh_pc_yr": 0.0,
        "ac_water_l_pc_day": 0.0,
        "lon": 130.95703125,
        "lat": 36.55420639742658
      },
      "geometry": {
        "type": "Polygon",
        "coordinates": [
          [
            [
              131.51377706493287,
              36.45483139686653
            ],
            [
              131.35111667769453,
              37.21112853285378
            ],
            [
              130.76585922429516,
              36.89139100088163
            ],
            [
              130.603399354445,
              36.774758376096145
            ],
            [
              130.59149615670702,
              36.4643203790159
            ],
            [
              130.5307785955864,
              35.86425563920926
            ],
            [
              131.4863418536255,
              36.294839882394434
            ],
            [
              131.51377706493287,
              36.45483139686653
            ]
          ]
        ]
      }
    },
    {
      "type": "Feature",
      "properties": {
        "rank": 77,
        "h_pre": 0.9186,
        "h_ind": 0.9506,
        "h_ac": 0.9506,
        "settle_ind": 0.9375,
        "settle_ac": 0.9375,
        "settle_no_incentive": 0.9138,
        "mechanism": "environment_led",
        "dominant_incentive": "trade",
        "ac_kwh_pc_yr": 0.0,
        "ac_water_l_pc_day": 0.0,
        "lon": -65.56640625,
        "lat": 17.8804145940715
      },
      "geometry": {
        "type": "Polygon",
        "coordinates": [
          [
            [
              -64.97475783266601,
              17.86979056226389
            ],
            [
              -64.93430422023665,
              18.364892127775462
            ],
            [
              -65.77814978439832,
              18.281378551766608
            ],
            [
              -66.23710210832084,
              18.035164257728777
            ],
            [
              -65.9147994231312,
              17.628455958376254
            ],
            [
              -65.63733689816569,
              17.442703494612743
            ],
            [
              -65.36997281366403,
              17.389538111108006
            ],
            [
              -64.97475783266601,
              17.86979056226389
            ]
          ]
        ]
      }
    },
    {
      "type": "Feature",
      "properties": {
        "rank": 78,
        "h_pre": 0.9372,
        "h_ind": 0.967,
        "h_ac": 0.967,
        "settle_ind": 0.9369,
        "settle_ac": 0.9369,
        "settle_no_incentive": 0.9363,
        "mechanism": "environment_led",
        "dominant_incentive": "trade",
        "ac_kwh_pc_yr": 0.0,
        "ac_water_l_pc_day": 0.0,
        "lon": 80.33203125,
        "lat": -3.2925147561036465
      },
      "geometry": {
        "type": "Polygon",
        "coordinates": [
          [
            [
              80.61502089034764,
              -3.31570030952974
            ],
            [
              80.87937270843464,
              -2.7703825718117825
            ],
            [
              80.13157687229287,
              -2.972185683788343
            ],
            [
              79.7510506242733,
              -2.904450849752125
            ],
            [
              79.9838369596009,
              -3.4366864306520766
            ],
            [
              80.33196775256603,
              -3.9099291344390483
            ],
            [
              80.7962699955686,
              -3.580667350750738
            ],
            [
              80.61502089034764,
              -3.31570030952974
            ]
          ]
        ]
      }
    },
    {
      "type": "Feature",
      "properties": {
        "rank": 79,
        "h_pre": 0.928,
        "h_ind": 0.9571,
        "h_ac": 0.9571,
        "settle_ind": 0.9365,
        "settle_ac": 0.9365,
        "settle_no_incentive": 0.9213,
        "mechanism": "environment_led",
        "dominant_incentive": "trade",
        "ac_kwh_pc_yr": 0.0,
        "ac_water_l_pc_day": 0.0,
        "lon": 70.83984375000001,
        "lat": 6.811656019870815
      },
      "geometry": {
        "type": "Polygon",
        "coordinates": [
          [
            [
              71.67737035112769,
              6.587128161246306
            ],
            [
              71.21599872314492,
              7.0789898228836385
            ],
            [
              70.86290494701544,
              7.117066003152752
            ],
            [
              70.32519307752828,
              7.209150157108686
            ],
            [
              70.13062486260083,
              6.708114902963543
            ],
            [
              70.79995298028658,
              6.493499609592879
            ],
            [
              71.32912404845912,
              6.103553484914184
            ],
            [
              71.67737035112769,
              6.587128161246306
            ]
          ]
        ]
      }
    },
    {
      "type": "Feature",
      "properties": {
        "rank": 80,
        "h_pre": 0.9213,
        "h_ind": 0.9558,
        "h_ac": 0.9558,
        "settle_ind": 0.9363,
        "settle_ac": 0.9363,
        "settle_no_incentive": 0.9198,
        "mechanism": "environment_led",
        "dominant_incentive": "trade",
        "ac_kwh_pc_yr": 0.0,
        "ac_water_l_pc_day": 0.0,
        "lon": 130.60546875,
        "lat": 31.444128344848227
      },
      "geometry": {
        "type": "Polygon",
        "coordinates": [
          [
            [
              131.30894191093822,
              31.42720321675011
            ],
            [
              130.90908874364445,
              31.90697459495628
            ],
            [
              130.37321000878572,
              32.21630010547774
            ],
            [
              129.72731261252633,
              31.611943278157106
            ],
            [
              130.15931208294853,
              31.092731410026182
            ],
            [
              130.647709010825,
              31.09406826124071
            ],
            [
              130.941075770156,
              31.146801236177208
            ],
            [
              131.30894191093822,
              31.42720321675011
            ]
          ]
        ]
      }
    },
    {
      "type": "Feature",
      "properties": {
        "rank": 81,
        "h_pre": 0.9338,
        "h_ind": 0.9658,
        "h_ac": 0.9658,
        "settle_ind": 0.936,
        "settle_ac": 0.936,
        "settle_no_incentive": 0.934,
        "mechanism": "environment_led",
        "dominant_incentive": "trade",
        "ac_kwh_pc_yr": 0.0,
        "ac_water_l_pc_day": 0.0,
        "lon": 82.44140625,
        "lat": -7.842282696871853
      },
      "geometry": {
        "type": "Polygon",
        "coordinates": [
          [
            [
              83.30427013453587,
              -7.814733619713046
            ],
            [
              83.04610533680874,
              -7.449595684889749
            ],
            [
              82.51752203013642,
              -7.179679987258465
            ],
            [
              82.09466581541714,
              -7.670672999564767
            ],
            [
              81.78352501107832,
              -8.11937383735453
            ],
            [
              82.12566084991286,
              -8.418988304119967
            ],
            [
              82.63651110459746,
              -8.401801363332375
            ],
            [
              83.30427013453587,
              -7.814733619713046
            ]
          ]
        ]
      }
    },
    {
      "type": "Feature",
      "properties": {
        "rank": 82,
        "h_pre": 0.9303,
        "h_ind": 0.9601,
        "h_ac": 0.9601,
        "settle_ind": 0.9359,
        "settle_ac": 0.9359,
        "settle_no_incentive": 0.9263,
        "mechanism": "environment_led",
        "dominant_incentive": "trade",
        "ac_kwh_pc_yr": 0.0,
        "ac_water_l_pc_day": 0.0,
        "lon": 139.74609375000003,
        "lat": 2.281485194365279
      },
      "geometry": {
        "type": "Polygon",
        "coordinates": [
          [
            [
              140.03755271607,
              2.3539575435679527
            ],
            [
              140.3657004154243,
              2.7518295499273204
            ],
            [
              139.5830845446408,
              2.533255545149188
            ],
            [
              139.47762974409343,
              2.454064757481092
            ],
            [
              139.15778144416606,
              2.2200259507011366
            ],
            [
              139.53193667414362,
              1.9451482643883722
            ],
            [
              140.1826648687136,
              1.5479129550556041
            ],
            [
              140.03755271607,
              2.3539575435679527
            ]
          ]
        ]
      }
    },
    {
      "type": "Feature",
      "properties": {
        "rank": 83,
        "h_pre": 0.9259,
        "h_ind": 0.9602,
        "h_ac": 0.9602,
        "settle_ind": 0.9359,
        "settle_ac": 0.9359,
        "settle_no_incentive": 0.9257,
        "mechanism": "environment_led",
        "dominant_incentive": "trade",
        "ac_kwh_pc_yr": 0.0,
        "ac_water_l_pc_day": 0.0,
        "lon": -173.84765625,
        "lat": -42.90134013436697
      },
      "geometry": {
        "type": "Polygon",
        "coordinates": [
          [
            [
              -173.09290690985546,
              -42.75579275400458
            ],
            [
              -173.35236159842034,
              -42.67685853725135
            ],
            [
              -174.01156826350547,
              -42.22325027392334
            ],
            [
              -174.32556411154408,
              -42.820167966225306
            ],
            [
              -174.23670669420014,
              -42.936244226729215
            ],
            [
              -174.0973235788529,
              -43.30156132068353
            ],
            [
              -173.10991117396347,
              -43.43217306139431
            ],
            [
              -173.09290690985546,
              -42.75579275400458
            ]
          ]
        ]
      }
    },
    {
      "type": "Feature",
      "properties": {
        "rank": 84,
        "h_pre": 0.9363,
        "h_ind": 0.9637,
        "h_ac": 0.9637,
        "settle_ind": 0.9357,
        "settle_ac": 0.9357,
        "settle_no_incentive": 0.9313,
        "mechanism": "environment_led",
        "dominant_incentive": "trade",
        "ac_kwh_pc_yr": 0.0,
        "ac_water_l_pc_day": 0.0,
        "lon": -136.93359375,
        "lat": 22.049063291024016
      },
      "geometry": {
        "type": "Polygon",
        "coordinates": [
          [
            [
              -136.4585411174706,
              22.02920908776671
            ],
            [
              -136.53847846640053,
              22.548647970482946
            ],
            [
              -137.11581658704566,
              22.69802171681499
            ],
            [
              -137.30975570100242,
              22.27222715160476
            ],
            [
              -137.5740645025249,
              21.753580519009002
            ],
            [
              -137.2180746973911,
              21.547319855581843
            ],
            [
              -136.2203827388796,
              21.5499484791202
            ],
            [
              -136.4585411174706,
              22.02920908776671
            ]
          ]
        ]
      }
    },
    {
      "type": "Feature",
      "properties": {
        "rank": 85,
        "h_pre": 0.6063,
        "h_ind": 0.6587,
        "h_ac": 0.8219,
        "settle_ind": 0.8588,
        "settle_ac": 0.9357,
        "settle_no_incentive": 0.5274,
        "mechanism": "technology_enabled",
        "dominant_incentive": "trade",
        "ac_kwh_pc_yr": 549.0,
        "ac_water_l_pc_day": 1.05,
        "lon": 60.29296875000001,
        "lat": 12.429263855667278
      },
      "geometry": {
        "type": "Polygon",
        "coordinates": [
          [
            [
              60.71487669513088,
              12.344891288796289
            ],
            [
              60.539810107158104,
              13.09754829529614
            ],
            [
              60.32729843155697,
              13.204873868184608
            ],
            [
              59.923434830260625,
              12.538904633340884
            ],
            [
              59.58537484974232,
              11.926326555193464
            ],
            [
              60.09472301348259,
              11.828467233731896
            ],
            [
              60.525545835571215,
              12.11267064650318
            ],
            [
              60.71487669513088,
              12.344891288796289
            ]
          ]
        ]
      }
    },
    {
      "type": "Feature",
      "properties": {
        "rank": 86,
        "h_pre": 0.9274,
        "h_ind": 0.9536,
        "h_ac": 0.9536,
        "settle_ind": 0.9352,
        "settle_ac": 0.9352,
        "settle_no_incentive": 0.9174,
        "mechanism": "environment_led",
        "dominant_incentive": "trade",
        "ac_kwh_pc_yr": 0.0,
        "ac_water_l_pc_day": 0.0,
        "lon": -121.11328125000001,
        "lat": 0.15049477364120384
      },
      "geometry": {
        "type": "Polygon",
        "coordinates": [
          [
            [
              -120.73402152656848,
              0.17627164558308256
            ],
            [
              -120.54516521274549,
              0.6457935056757265
            ],
            [
              -121.20141031493685,
              0.458204213239839
            ],
            [
              -121.7019061590268,
              0.39200768761838245
            ],
            [
              -121.79228179423906,
              -0.027670287241407937
            ],
            [
              -121.37888088096938,
              -0.47533279820935276
            ],
            [
              -120.63156119660599,
              -0.24441379560394066
            ],
            [
              -120.73402152656848,
              0.17627164558308256
            ]
          ]
        ]
      }
    },
    {
      "type": "Feature",
      "properties": {
        "rank": 87,
        "h_pre": 0.9326,
        "h_ind": 0.9621,
        "h_ac": 0.9621,
        "settle_ind": 0.9351,
        "settle_ac": 0.9351,
        "settle_no_incentive": 0.9288,
        "mechanism": "environment_led",
        "dominant_incentive": "trade",
        "ac_kwh_pc_yr": 0.0,
        "ac_water_l_pc_day": 0.0,
        "lon": -145.72265625,
        "lat": 0.7262768156056743
      },
      "geometry": {
        "type": "Polygon",
        "coordinates": [
          [
            [
              -145.38283933189055,
              0.6991506160730052
            ],
            [
              -145.3550620371259,
              1.2684263038725268
            ],
            [
              -145.95797728722462,
              1.4478704310263302
            ],
            [
              -146.07201254527635,
              1.0328919786564845
            ],
            [
              -146.22409827100674,
              0.3585829160735613
            ],
            [
              -145.79830222369702,
              0.020073141453877175
            ],
            [
              -145.42336187450806,
              0.273708693357481
            ],
            [
              -145.38283933189055,
              0.6991506160730052
            ]
          ]
        ]
      }
    },
    {
      "type": "Feature",
      "properties": {
        "rank": 88,
        "h_pre": 0.9438,
        "h_ind": 0.9657,
        "h_ac": 0.9657,
        "settle_ind": 0.9349,
        "settle_ac": 0.9349,
        "settle_no_incentive": 0.9345,
        "mechanism": "environment_led",
        "dominant_incentive": "trade",
        "ac_kwh_pc_yr": 0.0,
        "ac_water_l_pc_day": 0.0,
        "lon": 160.48828125,
        "lat": 0.49706165040348355
      },
      "geometry": {
        "type": "Polygon",
        "coordinates": [
          [
            [
              161.1753034061987,
              0.6183509551551718
            ],
            [
              160.71333519505896,
              0.749740665929417
            ],
            [
              160.4204926849936,
              0.8991995289171555
            ],
            [
              160.0939148105796,
              0.6567618603096774
            ],
            [
              159.79746360621994,
              0.011181159584094935
            ],
            [
              160.57839919583856,
              -0.34058074621205786
            ],
            [
              160.76675560854562,
              0.25565003691156174
            ],
            [
              161.1753034061987,
              0.6183509551551718
            ]
          ]
        ]
      }
    },
    {
      "type": "Feature",
      "properties": {
        "rank": 89,
        "h_pre": 0.9363,
        "h_ind": 0.9633,
        "h_ac": 0.9633,
        "settle_ind": 0.9348,
        "settle_ac": 0.9348,
        "settle_no_incentive": 0.9305,
        "mechanism": "environment_led",
        "dominant_incentive": "trade",
        "ac_kwh_pc_yr": 0.0,
        "ac_water_l_pc_day": 0.0,
        "lon": -135.17578125000003,
        "lat": -1.371704258833385
      },
      "geometry": {
        "type": "Polygon",
        "coordinates": [
          [
            [
              -134.72535615044967,
              -1.3813225871145292
            ],
            [
              -134.89911279161268,
              -0.9244359734585903
            ],
            [
              -135.3755010257706,
              -0.9486393319130815
            ],
            [
              -135.8358822342776,
              -1.0679180518385425
            ],
            [
              -135.76790426569684,
              -1.7535161251005114
            ],
            [
              -135.18178366057333,
              -1.8156182602983966
            ],
            [
              -134.88909416982608,
              -1.6753162711132417
            ],
            [
              -134.72535615044967,
              -1.3813225871145292
            ]
          ]
        ]
      }
    },
    {
      "type": "Feature",
      "properties": {
        "rank": 90,
        "h_pre": 0.9224,
        "h_ind": 0.9531,
        "h_ac": 0.9531,
        "settle_ind": 0.9348,
        "settle_ac": 0.9348,
        "settle_no_incentive": 0.9157,
        "mechanism": "environment_led",
        "dominant_incentive": "trade",
        "ac_kwh_pc_yr": 0.0,
        "ac_water_l_pc_day": 0.0,
        "lon": 136.93359375,
        "lat": -13.703249871746108
      },
      "geometry": {
        "type": "Polygon",
        "coordinates": [
          [
            [
              137.71066841948348,
              -13.778989487606575
            ],
            [
              137.2936104507883,
              -13.445087006611775
            ],
            [
              136.7973462353712,
              -13.250593183997921
            ],
            [
              136.12082390831281,
              -13.399704247218617
            ],
            [
              136.62790059290177,
              -13.970915062814239
            ],
            [
              136.87274776722782,
              -14.148302833616759
            ],
            [
              137.24085930622704,
              -14.438043623850355
            ],
            [
              137.71066841948348,
              -13.778989487606575
            ]
          ]
        ]
      }
    },
    {
      "type": "Feature",
      "properties": {
        "rank": 91,
        "h_pre": 0.9374,
        "h_ind": 0.9624,
        "h_ac": 0.9624,
        "settle_ind": 0.9348,
        "settle_ac": 0.9348,
        "settle_no_incentive": 0.9294,
        "mechanism": "environment_led",
        "dominant_incentive": "trade",
        "ac_kwh_pc_yr": 0.0,
        "ac_water_l_pc_day": 0.0,
        "lon": 31.46484375,
        "lat": -1.6494498793464913
      },
      "geometry": {
        "type": "Polygon",
        "coordinates": [
          [
            [
              31.88026967422221,
              -1.6946789820852126
            ],
            [
              31.60509507533014,
              -1.4000546748986802
            ],
            [
              31.200348813878197,
              -1.09946901087045
            ],
            [
              30.78326369241166,
              -1.2684246437078144
            ],
            [
              30.67454947918146,
              -1.8602593654861228
            ],
            [
              31.408902951599973,
              -2.349159068813285
            ],
            [
              31.924272657264773,
              -2.346206517861174
            ],
            [
              31.88026967422221,
              -1.6946789820852126
            ]
          ]
        ]
      }
    },
    {
      "type": "Feature",
      "properties": {
        "rank": 92,
        "h_pre": 0.6775,
        "h_ind": 0.7965,
        "h_ac": 0.8232,
        "settle_ind": 0.9229,
        "settle_ac": 0.9344,
        "settle_no_incentive": 0.6474,
        "mechanism": "environment_led",
        "dominant_incentive": "trade",
        "ac_kwh_pc_yr": 134.7,
        "ac_water_l_pc_day": 0.26,
        "lon": -102.12890625,
        "lat": -31.587908642043097
      },
      "geometry": {
        "type": "Polygon",
        "coordinates": [
          [
            [
              -101.52764422812837,
              -31.683017736742332
            ],
            [
              -101.71948786699845,
              -30.842788400288963
            ],
            [
              -102.65773934761859,
              -30.859222631687846
            ],
            [
              -102.78860026986789,
              -31.52667252717851
            ],
            [
              -102.81926025507941,
              -32.00484589887543
            ],
            [
              -102.13954313354633,
              -32.113731885310536
            ],
            [
              -101.72717977181946,
              -31.98444613400487
            ],
            [
              -101.52764422812837,
              -31.683017736742332
            ]
          ]
        ]
      }
    },
    {
      "type": "Feature",
      "properties": {
        "rank": 93,
        "h_pre": 0.9311,
        "h_ind": 0.9644,
        "h_ac": 0.9644,
        "settle_ind": 0.9341,
        "settle_ac": 0.9341,
        "settle_no_incentive": 0.9314,
        "mechanism": "environment_led",
        "dominant_incentive": "trade",
        "ac_kwh_pc_yr": 0.0,
        "ac_water_l_pc_day": 0.0,
        "lon": -85.25390625,
        "lat": -6.832184918298257
      },
      "geometry": {
        "type": "Polygon",
        "coordinates": [
          [
            [
              -84.49034074693988,
              -6.868346132723668
            ],
            [
              -84.81726332902673,
              -6.294318878992018
            ],
            [
              -85.20175123102109,
              -6.167959253052308
            ],
            [
              -85.96933778351924,
              -6.520978615003447
            ],
            [
              -85.75511287544745,
              -6.9592679829339685
            ],
            [
              -85.50243783172377,
              -7.290601637679447
            ],
            [
              -84.82841471037274,
              -7.115918946769744
            ],
            [
              -84.49034074693988,
              -6.868346132723668
            ]
          ]
        ]
      }
    },
    {
      "type": "Feature",
      "properties": {
        "rank": 94,
        "h_pre": 0.9324,
        "h_ind": 0.9646,
        "h_ac": 0.9646,
        "settle_ind": 0.9341,
        "settle_ac": 0.9341,
        "settle_no_incentive": 0.9314,
        "mechanism": "environment_led",
        "dominant_incentive": "trade",
        "ac_kwh_pc_yr": 0.0,
        "ac_water_l_pc_day": 0.0,
        "lon": -148.18359375,
        "lat": 2.5399072672717384
      },
      "geometry": {
        "type": "Polygon",
        "coordinates": [
          [
            [
              -147.39875017914358,
              2.258555048341473
            ],
            [
              -147.8213967755674,
              3.3174669536127817
            ],
            [
              -148.57552892679522,
              3.312364207526934
            ],
            [
              -148.49689875991632,
              2.8353933803026488
            ],
            [
              -148.56571996432965,
              2.393035023407811
            ],
            [
              -148.2943535786995,
              2.004847846648677
            ],
            [
              -147.94194000414035,
              2.3242673907823503
            ],
            [
              -147.39875017914358,
              2.258555048341473
            ]
          ]
        ]
      }
    },
    {
      "type": "Feature",
      "properties": {
        "rank": 95,
        "h_pre": 0.9234,
        "h_ind": 0.9526,
        "h_ac": 0.9526,
        "settle_ind": 0.9341,
        "settle_ac": 0.9341,
        "settle_no_incentive": 0.915,
        "mechanism": "environment_led",
        "dominant_incentive": "trade",
        "ac_kwh_pc_yr": 0.0,
        "ac_water_l_pc_day": 0.0,
        "lon": -89.47265625000001,
        "lat": -19.510954746999204
      },
      "geometry": {
        "type": "Polygon",
        "coordinates": [
          [
            [
              -88.90200899441356,
              -19.529813789723548
            ],
            [
              -89.29965558239027,
              -19.186215447157384
            ],
            [
              -89.71773857683169,
              -18.780187805740436
            ],
            [
              -89.96540414861526,
              -19.037816781948898
            ],
            [
              -89.8618421530942,
              -19.586391695567126
            ],
            [
              -89.47618266423325,
              -20.072357175326953
            ],
            [
              -88.84998515925936,
              -19.908989521201388
            ],
            [
              -88.90200899441356,
              -19.529813789723548
            ]
          ]
        ]
      }
    },
    {
      "type": "Feature",
      "properties": {
        "rank": 96,
        "h_pre": 0.9299,
        "h_ind": 0.9636,
        "h_ac": 0.9636,
        "settle_ind": 0.934,
        "settle_ac": 0.934,
        "settle_no_incentive": 0.9302,
        "mechanism": "environment_led",
        "dominant_incentive": "trade",
        "ac_kwh_pc_yr": 0.0,
        "ac_water_l_pc_day": 0.0,
        "lon": 164.70703125000003,
        "lat": -2.204319680652911
      },
      "geometry": {
        "type": "Polygon",
        "coordinates": [
          [
            [
              165.292183786001,
              -2.1136089247794314
            ],
            [
              164.92556417423796,
              -1.7675751352495064
            ],
            [
              164.7592433094132,
              -1.7298415657776613
            ],
            [
              164.09813205084188,
              -1.962078383267615
            ],
            [
              164.0836696606998,
              -2.540571060277168
            ],
            [
              164.6603079280227,
              -2.567252649079185
            ],
            [
              165.02212273502238,
              -2.7111724952679017
            ],
            [
              165.292183786001,
              -2.1136089247794314
            ]
          ]
        ]
      }
    },
    {
      "type": "Feature",
      "properties": {
        "rank": 97,
        "h_pre": 0.9329,
        "h_ind": 0.9662,
        "h_ac": 0.9662,
        "settle_ind": 0.9339,
        "settle_ac": 0.9339,
        "settle_no_incentive": 0.9339,
        "mechanism": "environment_led",
        "dominant_incentive": "resource",
        "ac_kwh_pc_yr": 0.0,
        "ac_water_l_pc_day": 0.0,
        "lon": -146.77734375000003,
        "lat": 0.7352643377113738
      },
      "geometry": {
        "type": "Polygon",
        "coordinates": [
          [
            [
              -146.20862865599534,
              0.673363721838054
            ],
            [
              -146.59151438963724,
              1.0787406412258063
            ],
            [
              -146.797608036058,
              1.266380130264138
            ],
            [
              -147.26163152654192,
              0.8047276637191554
            ],
            [
              -147.6193617464765,
              0.5246457736558865
            ],
            [
              -146.7446172490212,
              0.3104181254640908
            ],
            [
              -146.46710324581744,
              0.17641618930403546
            ],
            [
              -146.20862865599534,
              0.673363721838054
            ]
          ]
        ]
      }
    },
    {
      "type": "Feature",
      "properties": {
        "rank": 98,
        "h_pre": 0.9368,
        "h_ind": 0.9658,
        "h_ac": 0.9658,
        "settle_ind": 0.9339,
        "settle_ac": 0.9339,
        "settle_no_incentive": 0.9339,
        "mechanism": "environment_led",
        "dominant_incentive": "resource",
        "ac_kwh_pc_yr": 0.0,
        "ac_water_l_pc_day": 0.0,
        "lon": 141.85546875,
        "lat": -0.13824424598054075
      },
      "geometry": {
        "type": "Polygon",
        "coordinates": [
          [
            [
              142.4688412533673,
              -0.2315035755164742
            ],
            [
              142.1764717328503,
              0.10185171349556557
            ],
            [
              141.81251095741993,
              0.26326477238821977
            ],
            [
              141.31170666936936,
              0.29269402397153005
            ],
            [
              141.58847358222667,
              -0.2738882313555612
            ],
            [
              141.70975294983816,
              -0.4277503416814409
            ],
            [
              142.2158162668147,
              -0.41096332423308324
            ],
            [
              142.4688412533673,
              -0.2315035755164742
            ]
          ]
        ]
      }
    },
    {
      "type": "Feature",
      "properties": {
        "rank": 99,
        "h_pre": 0.9329,
        "h_ind": 0.9641,
        "h_ac": 0.9641,
        "settle_ind": 0.9339,
        "settle_ac": 0.9339,
        "settle_no_incentive": 0.9311,
        "mechanism": "environment_led",
        "dominant_incentive": "trade",
        "ac_kwh_pc_yr": 0.0,
        "ac_water_l_pc_day": 0.0,
        "lon": 79.27734375,
        "lat": -1.5544215532201124
      },
      "geometry": {
        "type": "Polygon",
        "coordinates": [
          [
            [
              80.13701635625264,
              -1.42139177675498
            ],
            [
              79.52386486653278,
              -1.1400039429188913
            ],
            [
              79.08057871532135,
              -1.0263481978194449
            ],
            [
              78.89314351418602,
              -1.2561330208742496
            ],
            [
              78.50446169799382,
              -1.675626820853412
            ],
            [
              79.27763980721592,
              -1.9663359369779245
            ],
            [
              79.59426347043414,
              -2.350715040306044
            ],
            [
              80.13701635625264,
              -1.42139177675498
            ]
          ]
        ]
      }
    },
    {
      "type": "Feature",
      "properties": {
        "rank": 100,
        "h_pre": 0.9324,
        "h_ind": 0.9587,
        "h_ac": 0.9587,
        "settle_ind": 0.9338,
        "settle_ac": 0.9338,
        "settle_no_incentive": 0.9237,
        "mechanism": "environment_led",
        "dominant_incentive": "trade",
        "ac_kwh_pc_yr": 0.0,
        "ac_water_l_pc_day": 0.0,
        "lon": 31.113281250000004,
        "lat": -3.4629105472388
      },
      "geometry": {
        "type": "Polygon",
        "coordinates": [
          [
            [
              31.655308487541546,
              -3.637384929116479
            ],
            [
              31.374759926506268,
              -3.093626594015413
            ],
            [
              30.879209344764803,
              -2.668210643312476
            ],
            [
              30.804674488974822,
              -3.4037516860310517
            ],
            [
              30.908066224563818,
              -3.670818393383457
            ],
            [
              30.773788280594605,
              -4.191762462528651
            ],
            [
              31.780673335753182,
              -3.8881174030350407
            ],
            [
              31.655308487541546,
              -3.637384929116479
            ]
          ]
        ]
      }
    },
    {
      "type": "Feature",
      "properties": {
        "rank": 101,
        "h_pre": 0.9316,
        "h_ind": 0.9645,
        "h_ac": 0.9645,
        "settle_ind": 0.9337,
        "settle_ac": 0.9337,
        "settle_no_incentive": 0.9313,
        "mechanism": "environment_led",
        "dominant_incentive": "trade",
        "ac_kwh_pc_yr": 0.0,
        "ac_water_l_pc_day": 0.0,
        "lon": -85.60546875000001,
        "lat": -5.783843150233574
      },
      "geometry": {
        "type": "Polygon",
        "coordinates": [
          [
            [
              -85.11439482170994,
              -5.748078646361088
            ],
            [
              -85.41469818348365,
              -5.5778134661216265
            ],
            [
              -85.93332723113579,
              -5.253193286447812
            ],
            [
              -86.35699922935541,
              -5.5417569102841915
            ],
            [
              -86.08976091188023,
              -6.122118300787097
            ],
            [
              -85.74713487259564,
              -6.460289163623488
            ],
            [
              -85.11398564946636,
              -6.263509730143154
            ],
            [
              -85.11439482170994,
              -5.748078646361088
            ]
          ]
        ]
      }
    },
    {
      "type": "Feature",
      "properties": {
        "rank": 102,
        "h_pre": 0.9332,
        "h_ind": 0.9635,
        "h_ac": 0.9635,
        "settle_ind": 0.9337,
        "settle_ac": 0.9337,
        "settle_no_incentive": 0.9305,
        "mechanism": "environment_led",
        "dominant_incentive": "trade",
        "ac_kwh_pc_yr": 0.0,
        "ac_water_l_pc_day": 0.0,
        "lon": -145.01953125,
        "lat": 0.7201482210453284
      },
      "geometry": {
        "type": "Polygon",
        "coordinates": [
          [
            [
              -144.43902811562248,
              0.5861581140043512
            ],
            [
              -144.58877815170558,
              1.1771958105752653
            ],
            [
              -145.2376854546176,
              1.4204639204301333
            ],
            [
              -145.27713794751304,
              0.8570622127484422
            ],
            [
              -145.7006243340683,
              0.48282128189844026
            ],
            [
              -145.0950669625257,
              0.4164215324155931
            ],
            [
              -144.73633107313756,
              0.5231999760873522
            ],
            [
              -144.43902811562248,
              0.5861581140043512
            ]
          ]
        ]
      }
    },
    {
      "type": "Feature",
      "properties": {
        "rank": 103,
        "h_pre": 0.9298,
        "h_ind": 0.9594,
        "h_ac": 0.9594,
        "settle_ind": 0.9334,
        "settle_ac": 0.9334,
        "settle_no_incentive": 0.9241,
        "mechanism": "environment_led",
        "dominant_incentive": "trade",
        "ac_kwh_pc_yr": 0.0,
        "ac_water_l_pc_day": 0.0,
        "lon": 127.79296875,
        "lat": 13.050304065606902
      },
      "geometry": {
        "type": "Polygon",
        "coordinates": [
          [
            [
              128.64299848696535,
              13.163776784563776
            ],
            [
              128.17801221581468,
              13.579445522228434
            ],
            [
              127.42023530633564,
              13.778506595268327
            ],
            [
              127.24673769321143,
              13.549900676067255
            ],
            [
              127.24426327351212,
              12.88284669712086
            ],
            [
              127.65304624991235,
              12.694475702911383
            ],
            [
              128.0514826465852,
              12.702104329677573
            ],
            [
              128.64299848696535,
              13.163776784563776
            ]
          ]
        ]
      }
    },
    {
      "type": "Feature",
      "properties": {
        "rank": 104,
        "h_pre": 0.9338,
        "h_ind": 0.9569,
        "h_ac": 0.9569,
        "settle_ind": 0.9332,
        "settle_ac": 0.9332,
        "settle_no_incentive": 0.9215,
        "mechanism": "environment_led",
        "dominant_incentive": "trade",
        "ac_kwh_pc_yr": 0.0,
        "ac_water_l_pc_day": 0.0,
        "lon": 157.67578125000003,
        "lat": 1.7887673920030234
      },
      "geometry": {
        "type": "Polygon",
        "coordinates": [
          [
            [
              158.47419468483815,
              1.5404085821953206
            ],
            [
              157.9466212250103,
              2.0724690072023835
            ],
            [
              157.29625917785626,
              2.3954005016424413
            ],
            [
              157.3367815708682,
              1.8979821211508885
            ],
            [
              157.1978166732119,
              1.4933507223041325
            ],
            [
              157.54289857799006,
              1.38922989120222
            ],
            [
              157.8701276127766,
              1.348113904971886
            ],
            [
              158.47419468483815,
              1.5404085821953206
            ]
          ]
        ]
      }
    },
    {
      "type": "Feature",
      "properties": {
        "rank": 105,
        "h_pre": 0.9246,
        "h_ind": 0.9599,
        "h_ac": 0.9599,
        "settle_ind": 0.933,
        "settle_ac": 0.933,
        "settle_no_incentive": 0.9247,
        "mechanism": "environment_led",
        "dominant_incentive": "trade",
        "ac_kwh_pc_yr": 0.0,
        "ac_water_l_pc_day": 0.0,
        "lon": 161.54296875,
        "lat": -0.8337030530924381
      },
      "geometry": {
        "type": "Polygon",
        "coordinates": [
          [
            [
              162.1320133867838,
              -0.8749995445439683
            ],
            [
              161.75213217487544,
              -0.6455867470769159
            ],
            [
              161.4982758939972,
              -0.4936549393032576
            ],
            [
              160.81172799361534,
              -0.7524386377537653
            ],
            [
              161.07126129931711,
              -1.236763258525419
            ],
            [
              161.36149170676356,
              -1.2648859651768833
            ],
            [
              161.83491064900554,
              -1.64805428493339
            ],
            [
              162.1320133867838,
              -0.8749995445439683
            ]
          ]
        ]
      }
    },
    {
      "type": "Feature",
      "properties": {
        "rank": 106,
        "h_pre": 0.9219,
        "h_ind": 0.951,
        "h_ac": 0.951,
        "settle_ind": 0.933,
        "settle_ac": 0.933,
        "settle_no_incentive": 0.9131,
        "mechanism": "environment_led",
        "dominant_incentive": "trade",
        "ac_kwh_pc_yr": 0.0,
        "ac_water_l_pc_day": 0.0,
        "lon": -114.08203125,
        "lat": -10.131226481005154
      },
      "geometry": {
        "type": "Polygon",
        "coordinates": [
          [
            [
              -113.26696972499157,
              -10.14409462682152
            ],
            [
              -113.74085397066693,
              -9.870807938943065
            ],
            [
              -114.23975685186562,
              -9.646391043406476
            ],
            [
              -114.74679784334131,
              -9.851773949402808
            ],
            [
              -114.6911558114908,
              -10.729792567549179
            ],
            [
              -114.13714278275084,
              -10.58642387121799
            ],
            [
              -113.52348940073189,
              -10.712067518023185
            ],
            [
              -113.26696972499157,
              -10.14409462682152
            ]
          ]
        ]
      }
    },
    {
      "type": "Feature",
      "properties": {
        "rank": 107,
        "h_pre": 0.9177,
        "h_ind": 0.9518,
        "h_ac": 0.9518,
        "settle_ind": 0.9329,
        "settle_ac": 0.9329,
        "settle_no_incentive": 0.9135,
        "mechanism": "environment_led",
        "dominant_incentive": "trade",
        "ac_kwh_pc_yr": 0.0,
        "ac_water_l_pc_day": 0.0,
        "lon": 159.78515625,
        "lat": -2.1445344328436318
      },
      "geometry": {
        "type": "Polygon",
        "coordinates": [
          [
            [
              160.09528394203073,
              -2.2101495985197035
            ],
            [
              160.18638388996848,
              -1.6560404578296106
            ],
            [
              159.6120063791267,
              -1.8493914869153607
            ],
            [
              159.4694552972951,
              -1.9566153926910843
            ],
            [
              159.07734141825026,
              -2.508143684977204
            ],
            [
              159.78240251849172,
              -2.504272749490832
            ],
            [
              160.51259405369242,
              -2.5957727796471146
            ],
            [
              160.09528394203073,
              -2.2101495985197035
            ]
          ]
        ]
      }
    },
    {
      "type": "Feature",
      "properties": {
        "rank": 108,
        "h_pre": 0.5919,
        "h_ind": 0.7028,
        "h_ac": 0.8046,
        "settle_ind": 0.8885,
        "settle_ac": 0.9328,
        "settle_no_incentive": 0.5181,
        "mechanism": "technology_enabled",
        "dominant_incentive": "resource",
        "ac_kwh_pc_yr": 442.2,
        "ac_water_l_pc_day": 0.85,
        "lon": 49.39453125,
        "lat": 10.084140956730723
      },
      "geometry": {
        "type": "Polygon",
        "coordinates": [
          [
            [
              49.71877146673106,
              10.139481130144752
            ],
            [
              49.7463751028133,
              10.571301601156454
            ],
            [
              49.40660932794517,
              10.384987439204982
            ],
            [
              48.71646702375025,
              10.255369507647483
            ],
            [
              48.695436098740636,
              9.889187837267963
            ],
            [
              49.125939286511525,
              9.333356624394305
            ],
            [
              49.67449726439675,
              9.656290274849963
            ],
            [
              49.71877146673106,
              10.139481130144752
            ]
          ]
        ]
      }
    },
    {
      "type": "Feature",
      "properties": {
        "rank": 109,
        "h_pre": 0.9301,
        "h_ind": 0.9617,
        "h_ac": 0.9617,
        "settle_ind": 0.9327,
        "settle_ac": 0.9327,
        "settle_no_incentive": 0.9273,
        "mechanism": "environment_led",
        "dominant_incentive": "trade",
        "ac_kwh_pc_yr": 0.0,
        "ac_water_l_pc_day": 0.0,
        "lon": 171.73828125,
        "lat": 9.221390208811613
      },
      "geometry": {
        "type": "Polygon",
        "coordinates": [
          [
            [
              172.61273367531055,
              9.265624121142494
            ],
            [
              172.15078078958905,
              9.498994596447698
            ],
            [
              171.74232387646495,
              9.98909839605172
            ],
            [
              171.21782890203835,
              9.584133127273029
            ],
            [
              171.272559174301,
              8.988598382637479
            ],
            [
              171.62109877920568,
              8.957675714432208
            ],
            [
              172.2337176285491,
              8.795027746300274
            ],
            [
              172.61273367531055,
              9.265624121142494
            ]
          ]
        ]
      }
    },
    {
      "type": "Feature",
      "properties": {
        "rank": 110,
        "h_pre": 0.9291,
        "h_ind": 0.9612,
        "h_ac": 0.9612,
        "settle_ind": 0.9326,
        "settle_ac": 0.9326,
        "settle_no_incentive": 0.9264,
        "mechanism": "environment_led",
        "dominant_incentive": "trade",
        "ac_kwh_pc_yr": 0.0,
        "ac_water_l_pc_day": 0.0,
        "lon": 80.68359375,
        "lat": -5.72477707046497
      },
      "geometry": {
        "type": "Polygon",
        "coordinates": [
          [
            [
              81.45692993566212,
              -5.60762773050354
            ],
            [
              81.0209183990972,
              -5.245286404895932
            ],
            [
              80.69581705578572,
              -5.395006212563732
            ],
            [
              80.44979768258399,
              -5.551562822942976
            ],
            [
              80.07222304358898,
              -5.909624292832851
            ],
            [
              80.63127172744132,
              -6.344732990641994
            ],
            [
              80.90773866332421,
              -5.958468023931466
            ],
            [
              81.45692993566212,
              -5.60762773050354
            ]
          ]
        ]
      }
    },
    {
      "type": "Feature",
      "properties": {
        "rank": 111,
        "h_pre": 0.9318,
        "h_ind": 0.9655,
        "h_ac": 0.9655,
        "settle_ind": 0.9325,
        "settle_ac": 0.9325,
        "settle_no_incentive": 0.9325,
        "mechanism": "environment_led",
        "dominant_incentive": "resource",
        "ac_kwh_pc_yr": 0.0,
        "ac_water_l_pc_day": 0.0,
        "lon": -75.05859375,
        "lat": 3.906706637499673
      },
      "geometry": {
        "type": "Polygon",
        "coordinates": [
          [
            [
              -74.63026136230084,
              3.953261757221423
            ],
            [
              -74.88235656806582,
              4.148365817989243
            ],
            [
              -75.15737030850924,
              4.35953028063382
            ],
            [
              -75.72812854958732,
              4.409378822456942
            ],
            [
              -75.81405848233341,
              3.5657376207434495
            ],
            [
              -75.03144822403478,
              3.4099344648781527
            ],
            [
              -74.45253823630469,
              3.3450322442127183
            ],
            [
              -74.63026136230084,
              3.953261757221423
            ]
          ]
        ]
      }
    },
    {
      "type": "Feature",
      "properties": {
        "rank": 112,
        "h_pre": 0.931,
        "h_ind": 0.9637,
        "h_ac": 0.9637,
        "settle_ind": 0.9322,
        "settle_ac": 0.9322,
        "settle_no_incentive": 0.9301,
        "mechanism": "environment_led",
        "dominant_incentive": "trade",
        "ac_kwh_pc_yr": 0.0,
        "ac_water_l_pc_day": 0.0,
        "lon": -83.49609375,
        "lat": -5.7637003642714015
      },
      "geometry": {
        "type": "Polygon",
        "coordinates": [
          [
            [
              -82.99386319007553,
              -5.814871475467223
            ],
            [
              -83.21582338160911,
              -5.547546581087859
            ],
            [
              -83.83695228940526,
              -5.145495142154296
            ],
            [
              -84.2476601001124,
              -5.511595898894115
            ],
            [
              -84.03732878001053,
              -5.927261783187174
            ],
            [
              -83.61633451769207,
              -6.311044961697374
            ],
            [
              -83.19388586069752,
              -6.201107727036994
            ],
            [
              -82.99386319007553,
              -5.814871475467223
            ]
          ]
        ]
      }
    },
    {
      "type": "Feature",
      "properties": {
        "rank": 113,
        "h_pre": 0.9239,
        "h_ind": 0.9572,
        "h_ac": 0.9572,
        "settle_ind": 0.9322,
        "settle_ac": 0.9322,
        "settle_no_incentive": 0.9198,
        "mechanism": "environment_led",
        "dominant_incentive": "trade",
        "ac_kwh_pc_yr": 0.0,
        "ac_water_l_pc_day": 0.0,
        "lon": 26.542968750000004,
        "lat": 5.508103832853347
      },
      "geometry": {
        "type": "Polygon",
        "coordinates": [
          [
            [
              27.23635649301319,
              5.334779536364768
            ],
            [
              26.816240662521533,
              6.081608431883984
            ],
            [
              26.398384235572212,
              5.8380564715097725
            ],
            [
              25.9083580242139,
              5.57188616959293
            ],
            [
              26.300212956925403,
              5.294046881306641
            ],
            [
              26.394237824276676,
              5.217870208251299
            ],
            [
              26.845818599910352,
              4.7160364022291095
            ],
            [
              27.23635649301319,
              5.334779536364768
            ]
          ]
        ]
      }
    },
    {
      "type": "Feature",
      "properties": {
        "rank": 114,
        "h_pre": 0.9266,
        "h_ind": 0.9504,
        "h_ac": 0.9504,
        "settle_ind": 0.9322,
        "settle_ac": 0.9322,
        "settle_no_incentive": 0.9121,
        "mechanism": "environment_led",
        "dominant_incentive": "trade",
        "ac_kwh_pc_yr": 0.0,
        "ac_water_l_pc_day": 0.0,
        "lon": -119.70703125000001,
        "lat": -2.596111441382787
      },
      "geometry": {
        "type": "Polygon",
        "coordinates": [
          [
            [
              -118.999305347219,
              -2.4858260421163965
            ],
            [
              -119.2594196631596,
              -2.296227982061294
            ],
            [
              -119.8589869245543,
              -2.2733012286209187
            ],
            [
              -120.10683345995407,
              -2.385617669683357
            ],
            [
              -120.38482228802474,
              -2.909159447598842
            ],
            [
              -119.65133439342608,
              -3.132317641488136
            ],
            [
              -119.2148706256443,
              -3.1681217935880843
            ],
            [
              -118.999305347219,
              -2.4858260421163965
            ]
          ]
        ]
      }
    },
    {
      "type": "Feature",
      "properties": {
        "rank": 115,
        "h_pre": 0.9292,
        "h_ind": 0.9629,
        "h_ac": 0.9629,
        "settle_ind": 0.9321,
        "settle_ac": 0.9321,
        "settle_no_incentive": 0.9289,
        "mechanism": "environment_led",
        "dominant_incentive": "trade",
        "ac_kwh_pc_yr": 0.0,
        "ac_water_l_pc_day": 0.0,
        "lon": 26.542968750000004,
        "lat": 6.454188138187386
      },
      "geometry": {
        "type": "Polygon",
        "coordinates": [
          [
            [
              26.898144916138936,
              6.431757207543957
            ],
            [
              26.90245616256528,
              7.037393129175566
            ],
            [
              26.353064508953498,
              6.825825566956881
            ],
            [
              26.030610284537925,
              6.875724748047436
            ],
            [
              26.22550309256711,
              6.372936786265318
            ],
            [
              26.366712414765683,
              6.1181586663284
            ],
            [
              26.80003276398789,
              5.786444568276292
            ],
            [
              26.898144916138936,
              6.431757207543957
            ]
          ]
        ]
      }
    },
    {
      "type": "Feature",
      "properties": {
        "rank": 116,
        "h_pre": 0.9176,
        "h_ind": 0.9509,
        "h_ac": 0.9509,
        "settle_ind": 0.932,
        "settle_ac": 0.932,
        "settle_no_incentive": 0.9119,
        "mechanism": "environment_led",
        "dominant_incentive": "trade",
        "ac_kwh_pc_yr": 0.0,
        "ac_water_l_pc_day": 0.0,
        "lon": -65.56640625,
        "lat": 19.51476397296327
      },
      "geometry": {
        "type": "Polygon",
        "coordinates": [
          [
            [
              -65.2678504731637,
              19.60705673969261
            ],
            [
              -65.11502296438283,
              19.86263132338589
            ],
            [
              -65.82343093106883,
              20.298271933923637
            ],
            [
              -66.26291201967578,
              19.598398108125647
            ],
            [
              -66.04360542726691,
              19.249416865455995
            ],
            [
              -65.74434088754069,
              18.712229912313184
            ],
            [
              -65.40777715572582,
              19.209725338619915
            ],
            [
              -65.2678504731637,
              19.60705673969261
            ]
          ]
        ]
      }
    },
    {
      "type": "Feature",
      "properties": {
        "rank": 117,
        "h_pre": 0.852,
        "h_ind": 0.8957,
        "h_ac": 0.8957,
        "settle_ind": 0.9318,
        "settle_ac": 0.9318,
        "settle_no_incentive": 0.8209,
        "mechanism": "environment_led",
        "dominant_incentive": "trade",
        "ac_kwh_pc_yr": 0.0,
        "ac_water_l_pc_day": 0.0,
        "lon": -128.49609375,
        "lat": 34.85105914186484
      },
      "geometry": {
        "type": "Polygon",
        "coordinates": [
          [
            [
              -128.01747324718605,
              34.80078616918817
            ],
            [
              -127.77587145524157,
              35.27695928881908
            ],
            [
              -128.44971852030574,
              35.63769826199319
            ],
            [
              -128.97406248434663,
              35.05381725986196
            ],
            [
              -129.24777550788895,
              34.43833981450998
            ],
            [
              -128.66442903930076,
              34.59922312886081
            ],
            [
              -127.94358873385822,
              34.12162396295833
            ],
            [
              -128.01747324718605,
              34.80078616918817
            ]
          ]
        ]
      }
    },
    {
      "type": "Feature",
      "properties": {
        "rank": 118,
        "h_pre": 0.9291,
        "h_ind": 0.9597,
        "h_ac": 0.9597,
        "settle_ind": 0.9315,
        "settle_ac": 0.9315,
        "settle_no_incentive": 0.9241,
        "mechanism": "environment_led",
        "dominant_incentive": "trade",
        "ac_kwh_pc_yr": 0.0,
        "ac_water_l_pc_day": 0.0,
        "lon": 19.511718750000004,
        "lat": 27.589807033072915
      },
      "geometry": {
        "type": "Polygon",
        "coordinates": [
          [
            [
              20.195969750353463,
              27.704093703460664
            ],
            [
              20.280992603766872,
              28.083345783459407
            ],
            [
              19.39825299708348,
              28.22014640521253
            ],
            [
              19.21092928995161,
              27.73970767498083
            ],
            [
              19.012820615869188,
              27.310990413459574
            ],
            [
              19.570322913422377,
              27.158757787087207
            ],
            [
              19.992916359752073,
              27.3081716672516
            ],
            [
              20.195969750353463,
              27.704093703460664
            ]
          ]
        ]
      }
    },
    {
      "type": "Feature",
      "properties": {
        "rank": 119,
        "h_pre": 0.9332,
        "h_ind": 0.9645,
        "h_ac": 0.9645,
        "settle_ind": 0.9314,
        "settle_ac": 0.9314,
        "settle_no_incentive": 0.9311,
        "mechanism": "environment_led",
        "dominant_incentive": "trade",
        "ac_kwh_pc_yr": 0.0,
        "ac_water_l_pc_day": 0.0,
        "lon": -116.19140625,
        "lat": -2.0507386521598754
      },
      "geometry": {
        "type": "Polygon",
        "coordinates": [
          [
            [
              -115.7697002695388,
              -2.0648849939684477
            ],
            [
              -116.04874871859361,
              -1.7859220723869056
            ],
            [
              -116.41544048233862,
              -1.5804810708665689
            ],
            [
              -116.59395849089309,
              -1.6648461959445746
            ],
            [
              -116.9618508472808,
              -2.3586687106174202
            ],
            [
              -116.16374932645756,
              -2.343444141645653
            ],
            [
              -115.86384573451556,
              -2.40465253328594
            ],
            [
              -115.7697002695388,
              -2.0648849939684477
            ]
          ]
        ]
      }
    },
    {
      "type": "Feature",
      "properties": {
        "rank": 120,
        "h_pre": 0.9228,
        "h_ind": 0.9607,
        "h_ac": 0.9607,
        "settle_ind": 0.9312,
        "settle_ac": 0.9312,
        "settle_no_incentive": 0.9249,
        "mechanism": "environment_led",
        "dominant_incentive": "trade",
        "ac_kwh_pc_yr": 0.0,
        "ac_water_l_pc_day": 0.0,
        "lon": 143.54087389317968,
        "lat": 40.71147231061607
      },
      "geometry": {
        "type": "Polygon",
        "coordinates": [
          [
            [
              144.1573185361369,
              40.74090478388884
            ],
            [
              144.0699841075487,
              41.38753853111201
            ],
            [
              143.37820757243728,
              41.30543782384489
            ],
            [
              142.78142322389337,
              40.93936204960963
            ],
            [
              142.99632894789025,
              40.63119461075672
            ],
            [
              143.45725914082365,
              39.93925260351666
            ],
            [
              143.9754525282308,
              40.305840592161566
            ],
            [
              144.1573185361369,
              40.74090478388884
            ]
          ]
        ]
      }
    }
  ]
}
